tileset,index,type_or_hex
indoor_jubilife,0,COVERED
indoor_jubilife,1,COVERED
indoor_jubilife,2,COVERED
indoor_jubilife,3,COVERED
indoor_jubilife,4,COVERED
indoor_jubilife,5,SPLIT
indoor_jubilife,6,SPLIT
indoor_jubilife,7,SPLIT
indoor_jubilife,8,COVERED
indoor_jubilife,9,COVERED
indoor_jubilife,10,COVERED
indoor_jubilife,11,COVERED
indoor_jubilife,12,COVERED
indoor_jubilife,13,COVERED
indoor_jubilife,14,COVERED
indoor_jubilife,15,COVERED
indoor_jubilife,16,COVERED
indoor_jubilife,17,COVERED
indoor_jubilife,18,COVERED
indoor_jubilife,19,COVERED
indoor_jubilife,20,COVERED
indoor_jubilife,21,COVERED
indoor_jubilife,22,COVERED
indoor_jubilife,23,COVERED
indoor_jubilife,24,SPLIT
indoor_jubilife,25,SPLIT
indoor_jubilife,26,COVERED
indoor_jubilife,27,COVERED
indoor_jubilife,28,COVERED
indoor_jubilife,29,COVERED
indoor_jubilife,30,COVERED
indoor_jubilife,31,COVERED
indoor_jubilife,32,COVERED
indoor_jubilife,33,COVERED
indoor_jubilife,34,COVERED
indoor_jubilife,35,COVERED
indoor_jubilife,36,COVERED
indoor_jubilife,37,COVERED
indoor_jubilife,38,COVERED
indoor_jubilife,39,COVERED
indoor_jubilife,40,COVERED
indoor_jubilife,41,COVERED
indoor_jubilife,42,COVERED
indoor_jubilife,43,COVERED
indoor_jubilife,44,COVERED
indoor_jubilife,45,COVERED
indoor_jubilife,46,COVERED
indoor_jubilife,47,COVERED
indoor_jubilife,48,COVERED
indoor_jubilife,49,COVERED
indoor_jubilife,50,COVERED
indoor_jubilife,51,COVERED
indoor_jubilife,52,COVERED
indoor_jubilife,53,COVERED
indoor_jubilife,54,COVERED
indoor_jubilife,55,COVERED
indoor_jubilife,56,COVERED
indoor_jubilife,57,COVERED
indoor_jubilife,58,COVERED
indoor_jubilife,59,COVERED
indoor_jubilife,60,COVERED
indoor_jubilife,61,COVERED
indoor_jubilife,62,COVERED
indoor_jubilife,63,COVERED
indoor_jubilife,64,COVERED
indoor_jubilife,65,COVERED
indoor_jubilife,66,COVERED
indoor_jubilife,67,COVERED
indoor_jubilife,68,COVERED
indoor_jubilife,69,COVERED
indoor_jubilife,70,COVERED
indoor_jubilife,71,COVERED
indoor_jubilife,72,COVERED
indoor_jubilife,73,COVERED
indoor_jubilife,74,COVERED
indoor_jubilife,75,COVERED
indoor_jubilife,76,COVERED
indoor_jubilife,77,COVERED
indoor_jubilife,78,COVERED
indoor_jubilife,79,COVERED
indoor_jubilife,80,COVERED
indoor_jubilife,81,COVERED
indoor_jubilife,82,COVERED
indoor_jubilife,83,COVERED
indoor_jubilife,84,COVERED
indoor_jubilife,85,COVERED
indoor_jubilife,86,COVERED
indoor_jubilife,87,COVERED
indoor_jubilife,88,COVERED
indoor_jubilife,89,COVERED
indoor_jubilife,90,COVERED
indoor_jubilife,91,COVERED
indoor_jubilife,92,COVERED
indoor_jubilife,93,COVERED
indoor_jubilife,94,COVERED
indoor_jubilife,95,COVERED
indoor_jubilife,96,COVERED
indoor_jubilife,97,COVERED
indoor_jubilife,98,COVERED
indoor_jubilife,99,COVERED
indoor_jubilife,100,COVERED
indoor_jubilife,101,COVERED
indoor_jubilife,102,COVERED
indoor_jubilife,103,COVERED
indoor_jubilife,104,COVERED
indoor_jubilife,105,COVERED
indoor_jubilife,106,COVERED
indoor_jubilife,107,COVERED
indoor_jubilife,108,COVERED
indoor_jubilife,109,COVERED
indoor_jubilife,110,COVERED
indoor_jubilife,111,COVERED
indoor_jubilife,112,COVERED
indoor_jubilife,113,COVERED
indoor_jubilife,114,COVERED
indoor_jubilife,115,COVERED
indoor_jubilife,116,COVERED
indoor_jubilife,117,COVERED
indoor_jubilife,118,COVERED
indoor_jubilife,119,COVERED
indoor_jubilife,120,COVERED
indoor_jubilife,121,COVERED
indoor_jubilife,122,COVERED
indoor_jubilife,123,COVERED
indoor_jubilife,124,COVERED
indoor_jubilife,125,COVERED
indoor_jubilife,126,COVERED
indoor_jubilife,127,COVERED
outdoor_oreburgh,0,COVERED
outdoor_oreburgh,1,COVERED
outdoor_oreburgh,2,COVERED
outdoor_oreburgh,3,COVERED
outdoor_oreburgh,4,COVERED
outdoor_oreburgh,5,COVERED
outdoor_oreburgh,6,COVERED
outdoor_oreburgh,7,COVERED
outdoor_oreburgh,8,COVERED
outdoor_oreburgh,9,COVERED
outdoor_oreburgh,10,COVERED
outdoor_oreburgh,11,COVERED
outdoor_oreburgh,12,COVERED
outdoor_oreburgh,13,COVERED
outdoor_oreburgh,14,TOP
outdoor_oreburgh,15,COVERED
outdoor_oreburgh,16,COVERED
outdoor_oreburgh,17,COVERED
outdoor_oreburgh,18,COVERED
outdoor_oreburgh,19,TOP
outdoor_oreburgh,20,TOP
outdoor_oreburgh,21,COVERED
outdoor_oreburgh,22,COVERED
outdoor_oreburgh,23,COVERED
outdoor_oreburgh,24,COVERED
outdoor_oreburgh,25,COVERED
outdoor_oreburgh,26,COVERED
outdoor_oreburgh,27,TOP
outdoor_oreburgh,28,TOP
outdoor_oreburgh,29,COVERED
outdoor_oreburgh,30,COVERED
outdoor_oreburgh,31,COVERED
outdoor_oreburgh,32,NORMAL
outdoor_oreburgh,33,TOP
outdoor_oreburgh,34,COVERED
outdoor_oreburgh,35,COVERED
outdoor_oreburgh,36,COVERED
outdoor_oreburgh,37,COVERED
outdoor_oreburgh,38,COVERED
outdoor_oreburgh,39,COVERED
outdoor_oreburgh,40,TOP
outdoor_oreburgh,41,TOP
outdoor_oreburgh,42,TOP
outdoor_oreburgh,43,TOP
outdoor_oreburgh,44,SPLIT
outdoor_oreburgh,45,SPLIT
outdoor_oreburgh,46,COVERED
outdoor_oreburgh,47,COVERED
outdoor_oreburgh,48,COVERED
outdoor_oreburgh,49,COVERED
outdoor_oreburgh,50,COVERED
outdoor_oreburgh,51,COVERED
outdoor_oreburgh,52,NORMAL
outdoor_oreburgh,53,NORMAL
outdoor_oreburgh,54,COVERED
outdoor_oreburgh,55,COVERED
outdoor_oreburgh,56,TOP
outdoor_oreburgh,57,TOP
outdoor_oreburgh,58,TOP
outdoor_oreburgh,59,COVERED
outdoor_oreburgh,60,COVERED
outdoor_oreburgh,61,COVERED
outdoor_oreburgh,62,SPLIT
outdoor_oreburgh,63,SPLIT
outdoor_oreburgh,64,TOP
outdoor_oreburgh,65,TOP
outdoor_oreburgh,66,TOP
outdoor_oreburgh,67,COVERED
outdoor_oreburgh,68,COVERED
outdoor_oreburgh,69,COVERED
outdoor_oreburgh,70,COVERED
outdoor_oreburgh,71,COVERED
outdoor_oreburgh,72,TOP
outdoor_oreburgh,73,TOP
outdoor_oreburgh,74,TOP
outdoor_oreburgh,75,COVERED
outdoor_oreburgh,76,COVERED
outdoor_oreburgh,77,COVERED
outdoor_oreburgh,78,COVERED
outdoor_oreburgh,79,COVERED
outdoor_oreburgh,80,COVERED
outdoor_oreburgh,81,COVERED
outdoor_oreburgh,82,COVERED
outdoor_oreburgh,83,COVERED
outdoor_oreburgh,84,SPLIT
outdoor_oreburgh,85,COVERED
outdoor_oreburgh,86,TOP
outdoor_oreburgh,87,TOP
outdoor_oreburgh,88,COVERED
outdoor_oreburgh,89,COVERED
outdoor_oreburgh,90,COVERED
outdoor_oreburgh,91,COVERED
outdoor_oreburgh,92,COVERED
outdoor_oreburgh,93,COVERED
outdoor_oreburgh,94,NORMAL
outdoor_oreburgh,95,COVERED
outdoor_oreburgh,96,TOP
outdoor_oreburgh,97,TOP
outdoor_oreburgh,98,TOP
outdoor_oreburgh,99,TOP
outdoor_oreburgh,100,TOP
outdoor_oreburgh,101,SPLIT
outdoor_oreburgh,102,TOP
outdoor_oreburgh,103,NORMAL
outdoor_oreburgh,104,TOP
outdoor_oreburgh,105,TOP
outdoor_oreburgh,106,TOP
outdoor_oreburgh,107,TOP
outdoor_oreburgh,108,TOP
outdoor_oreburgh,109,SPLIT
outdoor_oreburgh,110,COVERED
outdoor_oreburgh,111,SPLIT
outdoor_oreburgh,112,TOP
outdoor_oreburgh,113,TOP
outdoor_oreburgh,114,TOP
outdoor_oreburgh,115,TOP
outdoor_oreburgh,116,TOP
outdoor_oreburgh,117,SPLIT
outdoor_oreburgh,118,TOP
outdoor_oreburgh,119,COVERED
outdoor_oreburgh,120,TOP
outdoor_oreburgh,121,TOP
outdoor_oreburgh,122,TOP
outdoor_oreburgh,123,TOP
outdoor_oreburgh,124,TOP
outdoor_oreburgh,125,SPLIT
outdoor_oreburgh,126,NORMAL
outdoor_oreburgh,127,SPLIT
outdoor_oreburgh,128,COVERED
outdoor_oreburgh,129,COVERED
outdoor_oreburgh,130,COVERED
outdoor_oreburgh,131,COVERED
outdoor_oreburgh,132,COVERED
outdoor_oreburgh,133,SPLIT
outdoor_oreburgh,134,NORMAL
outdoor_oreburgh,135,COVERED
outdoor_oreburgh,136,COVERED
outdoor_oreburgh,137,COVERED
outdoor_oreburgh,138,COVERED
outdoor_oreburgh,139,COVERED
outdoor_oreburgh,140,COVERED
outdoor_oreburgh,141,COVERED
outdoor_oreburgh,142,COVERED
outdoor_oreburgh,143,COVERED
outdoor_oreburgh,144,COVERED
outdoor_oreburgh,145,COVERED
outdoor_oreburgh,146,COVERED
outdoor_oreburgh,147,COVERED
outdoor_oreburgh,148,COVERED
outdoor_oreburgh,149,COVERED
outdoor_oreburgh,150,COVERED
outdoor_oreburgh,151,COVERED
outdoor_oreburgh,152,COVERED
outdoor_oreburgh,153,COVERED
outdoor_oreburgh,154,TOP
outdoor_oreburgh,155,COVERED
outdoor_oreburgh,156,COVERED
outdoor_oreburgh,157,COVERED
outdoor_oreburgh,158,COVERED
outdoor_oreburgh,159,COVERED
outdoor_oreburgh,160,COVERED
outdoor_oreburgh,161,COVERED
outdoor_oreburgh,162,COVERED
outdoor_oreburgh,163,COVERED
outdoor_oreburgh,164,COVERED
outdoor_oreburgh,165,COVERED
outdoor_oreburgh,166,COVERED
outdoor_oreburgh,167,COVERED
outdoor_oreburgh,168,COVERED
outdoor_oreburgh,169,SPLIT
outdoor_oreburgh,170,SPLIT
outdoor_oreburgh,171,SPLIT
outdoor_oreburgh,172,SPLIT
outdoor_oreburgh,173,COVERED
outdoor_oreburgh,174,COVERED
outdoor_oreburgh,175,COVERED
outdoor_oreburgh,176,SPLIT
outdoor_oreburgh,177,SPLIT
outdoor_oreburgh,178,TOP
outdoor_oreburgh,179,TOP
outdoor_oreburgh,180,SPLIT
outdoor_oreburgh,181,SPLIT
outdoor_oreburgh,182,COVERED
outdoor_oreburgh,183,COVERED
outdoor_oreburgh,184,SPLIT
outdoor_oreburgh,185,TOP
outdoor_oreburgh,186,SPLIT
outdoor_oreburgh,187,TOP
outdoor_oreburgh,188,SPLIT
outdoor_oreburgh,189,TOP
outdoor_oreburgh,190,NORMAL
outdoor_oreburgh,191,COVERED
outdoor_oreburgh,192,NORMAL
outdoor_oreburgh,193,NORMAL
outdoor_oreburgh,194,SPLIT
outdoor_oreburgh,195,NORMAL
outdoor_oreburgh,196,SPLIT
outdoor_oreburgh,197,NORMAL
outdoor_oreburgh,198,NORMAL
outdoor_oreburgh,199,COVERED
outdoor_oreburgh,200,NORMAL
outdoor_oreburgh,201,TOP
outdoor_oreburgh,202,TOP
outdoor_oreburgh,203,TOP
outdoor_oreburgh,204,TOP
outdoor_oreburgh,205,TOP
outdoor_oreburgh,206,NORMAL
outdoor_oreburgh,207,COVERED
outdoor_oreburgh,208,COVERED
outdoor_oreburgh,209,COVERED
outdoor_oreburgh,210,COVERED
outdoor_oreburgh,211,COVERED
outdoor_oreburgh,212,COVERED
outdoor_oreburgh,213,COVERED
outdoor_oreburgh,214,COVERED
outdoor_oreburgh,215,COVERED
outdoor_oreburgh,216,COVERED
outdoor_oreburgh,217,COVERED
outdoor_oreburgh,218,COVERED
outdoor_oreburgh,219,COVERED
outdoor_oreburgh,220,COVERED
outdoor_oreburgh,221,COVERED
outdoor_oreburgh,222,COVERED
outdoor_oreburgh,223,COVERED
outdoor_oreburgh,224,COVERED
outdoor_oreburgh,225,COVERED
outdoor_oreburgh,226,COVERED
outdoor_oreburgh,227,COVERED
outdoor_oreburgh,228,COVERED
outdoor_oreburgh,229,COVERED
outdoor_oreburgh,230,COVERED
outdoor_oreburgh,231,COVERED
outdoor_oreburgh,232,COVERED
outdoor_oreburgh,233,COVERED
outdoor_oreburgh,234,COVERED
outdoor_oreburgh,235,COVERED
outdoor_oreburgh,236,COVERED
outdoor_oreburgh,237,COVERED
outdoor_oreburgh,238,COVERED
outdoor_oreburgh,239,COVERED
outdoor_oreburgh,240,COVERED
outdoor_oreburgh,241,COVERED
outdoor_oreburgh,242,COVERED
outdoor_oreburgh,243,COVERED
outdoor_oreburgh,244,COVERED
outdoor_oreburgh,245,COVERED
outdoor_oreburgh,246,COVERED
outdoor_oreburgh,247,COVERED
outdoor_oreburgh,248,COVERED
outdoor_oreburgh,249,COVERED
outdoor_oreburgh,250,COVERED
outdoor_oreburgh,251,COVERED
outdoor_oreburgh,252,COVERED
outdoor_oreburgh,253,COVERED
outdoor_oreburgh,254,COVERED
outdoor_oreburgh,255,COVERED
indoor_mart,0,COVERED
indoor_mart,1,COVERED
indoor_mart,2,TOP
indoor_mart,3,COVERED
indoor_mart,4,COVERED
indoor_mart,5,COVERED
indoor_mart,6,COVERED
indoor_mart,7,TOP
indoor_mart,8,COVERED
indoor_mart,9,COVERED
indoor_mart,10,TOP
indoor_mart,11,TOP
indoor_mart,12,TOP
indoor_mart,13,COVERED
indoor_mart,14,COVERED
indoor_mart,15,NORMAL
indoor_mart,16,COVERED
indoor_mart,17,COVERED
indoor_mart,18,COVERED
indoor_mart,19,COVERED
indoor_mart,20,COVERED
indoor_mart,21,COVERED
indoor_mart,22,NORMAL
indoor_mart,23,NORMAL
indoor_mart,24,COVERED
indoor_mart,25,COVERED
indoor_mart,26,COVERED
indoor_mart,27,COVERED
indoor_mart,28,SPLIT
indoor_mart,29,SPLIT
indoor_mart,30,SPLIT
indoor_mart,31,TOP
indoor_mart,32,COVERED
indoor_mart,33,COVERED
indoor_mart,34,COVERED
indoor_mart,35,COVERED
indoor_mart,36,COVERED
indoor_mart,37,TOP
indoor_mart,38,TOP
indoor_mart,39,COVERED
indoor_mart,40,TOP
indoor_mart,41,TOP
indoor_mart,42,TOP
indoor_mart,43,COVERED
indoor_mart,44,COVERED
indoor_mart,45,COVERED
indoor_mart,46,COVERED
indoor_mart,47,COVERED
indoor_mart,48,COVERED
indoor_mart,49,COVERED
indoor_mart,50,COVERED
indoor_mart,51,COVERED
indoor_mart,52,COVERED
indoor_mart,53,COVERED
indoor_mart,54,COVERED
indoor_mart,55,COVERED
indoor_mart,56,COVERED
indoor_mart,57,COVERED
indoor_mart,58,COVERED
indoor_mart,59,COVERED
indoor_mart,60,COVERED
indoor_mart,61,COVERED
indoor_mart,62,COVERED
indoor_mart,63,COVERED
indoor_mart,64,COVERED
indoor_mart,65,COVERED
indoor_mart,66,COVERED
indoor_mart,67,COVERED
indoor_mart,68,COVERED
indoor_mart,69,COVERED
indoor_mart,70,COVERED
indoor_mart,71,COVERED
indoor_mart,72,COVERED
indoor_mart,73,COVERED
indoor_mart,74,COVERED
indoor_mart,75,COVERED
indoor_mart,76,COVERED
indoor_mart,77,COVERED
indoor_mart,78,COVERED
indoor_mart,79,COVERED
indoor_mart,80,COVERED
indoor_mart,81,COVERED
indoor_mart,82,COVERED
indoor_mart,83,COVERED
indoor_mart,84,COVERED
indoor_mart,85,COVERED
indoor_mart,86,COVERED
indoor_mart,87,COVERED
indoor_mart,88,COVERED
indoor_mart,89,COVERED
indoor_mart,90,COVERED
indoor_mart,91,COVERED
indoor_mart,92,COVERED
indoor_mart,93,COVERED
indoor_mart,94,COVERED
indoor_mart,95,COVERED
indoor_mart,96,COVERED
indoor_mart,97,COVERED
indoor_mart,98,COVERED
indoor_mart,99,COVERED
indoor_mart,100,COVERED
indoor_mart,101,COVERED
indoor_mart,102,COVERED
indoor_mart,103,COVERED
indoor_mart,104,COVERED
indoor_mart,105,COVERED
indoor_mart,106,COVERED
indoor_mart,107,COVERED
indoor_mart,108,COVERED
indoor_mart,109,COVERED
indoor_mart,110,COVERED
indoor_mart,111,COVERED
indoor_mart,112,COVERED
indoor_mart,113,COVERED
indoor_mart,114,COVERED
indoor_mart,115,COVERED
indoor_mart,116,COVERED
indoor_mart,117,COVERED
indoor_mart,118,COVERED
indoor_mart,119,COVERED
indoor_mart,120,COVERED
indoor_mart,121,COVERED
indoor_mart,122,COVERED
indoor_mart,123,COVERED
indoor_mart,124,COVERED
indoor_mart,125,COVERED
indoor_mart,126,COVERED
indoor_mart,127,COVERED
gym_oreburgh,0,COVERED
gym_oreburgh,1,COVERED
gym_oreburgh,2,COVERED
gym_oreburgh,3,COVERED
gym_oreburgh,4,COVERED
gym_oreburgh,5,COVERED
gym_oreburgh,6,COVERED
gym_oreburgh,7,COVERED
gym_oreburgh,8,COVERED
gym_oreburgh,9,COVERED
gym_oreburgh,10,COVERED
gym_oreburgh,11,COVERED
gym_oreburgh,12,COVERED
gym_oreburgh,13,COVERED
gym_oreburgh,14,COVERED
gym_oreburgh,15,COVERED
gym_oreburgh,16,COVERED
gym_oreburgh,17,COVERED
gym_oreburgh,18,COVERED
gym_oreburgh,19,COVERED
gym_oreburgh,20,COVERED
gym_oreburgh,21,COVERED
gym_oreburgh,22,COVERED
gym_oreburgh,23,COVERED
gym_oreburgh,24,COVERED
gym_oreburgh,25,COVERED
gym_oreburgh,26,COVERED
gym_oreburgh,27,COVERED
gym_oreburgh,28,COVERED
gym_oreburgh,29,COVERED
gym_oreburgh,30,COVERED
gym_oreburgh,31,COVERED
gym_oreburgh,32,TOP
gym_oreburgh,33,TOP
gym_oreburgh,34,TOP
gym_oreburgh,35,COVERED
gym_oreburgh,36,COVERED
gym_oreburgh,37,COVERED
gym_oreburgh,38,COVERED
gym_oreburgh,39,COVERED
gym_oreburgh,40,COVERED
gym_oreburgh,41,COVERED
gym_oreburgh,42,COVERED
gym_oreburgh,43,COVERED
gym_oreburgh,44,COVERED
gym_oreburgh,45,COVERED
gym_oreburgh,46,COVERED
gym_oreburgh,47,COVERED
gym_oreburgh,48,COVERED
gym_oreburgh,49,COVERED
gym_oreburgh,50,COVERED
gym_oreburgh,51,COVERED
gym_oreburgh,52,COVERED
gym_oreburgh,53,COVERED
gym_oreburgh,54,COVERED
gym_oreburgh,55,COVERED
gym_oreburgh,56,COVERED
gym_oreburgh,57,COVERED
gym_oreburgh,58,COVERED
gym_oreburgh,59,COVERED
gym_oreburgh,60,COVERED
gym_oreburgh,61,COVERED
gym_oreburgh,62,COVERED
gym_oreburgh,63,COVERED
gym_oreburgh,64,COVERED
gym_oreburgh,65,COVERED
gym_oreburgh,66,COVERED
gym_oreburgh,67,COVERED
gym_oreburgh,68,COVERED
gym_oreburgh,69,COVERED
gym_oreburgh,70,COVERED
gym_oreburgh,71,COVERED
gym_oreburgh,72,COVERED
gym_oreburgh,73,COVERED
gym_oreburgh,74,COVERED
gym_oreburgh,75,COVERED
gym_oreburgh,76,COVERED
gym_oreburgh,77,COVERED
gym_oreburgh,78,COVERED
gym_oreburgh,79,COVERED
gym_oreburgh,80,COVERED
gym_oreburgh,81,COVERED
gym_oreburgh,82,COVERED
gym_oreburgh,83,COVERED
gym_oreburgh,84,COVERED
gym_oreburgh,85,COVERED
gym_oreburgh,86,COVERED
gym_oreburgh,87,COVERED
gym_oreburgh,88,COVERED
gym_oreburgh,89,COVERED
gym_oreburgh,90,COVERED
gym_oreburgh,91,COVERED
gym_oreburgh,92,COVERED
gym_oreburgh,93,COVERED
gym_oreburgh,94,COVERED
gym_oreburgh,95,COVERED
gym_oreburgh,96,COVERED
gym_oreburgh,97,COVERED
gym_oreburgh,98,COVERED
gym_oreburgh,99,COVERED
gym_oreburgh,100,COVERED
gym_oreburgh,101,COVERED
gym_oreburgh,102,COVERED
gym_oreburgh,103,COVERED
gym_oreburgh,104,COVERED
gym_oreburgh,105,COVERED
gym_oreburgh,106,COVERED
gym_oreburgh,107,COVERED
gym_oreburgh,108,COVERED
gym_oreburgh,109,COVERED
gym_oreburgh,110,COVERED
gym_oreburgh,111,COVERED
gym_oreburgh,112,COVERED
gym_oreburgh,113,COVERED
gym_oreburgh,114,COVERED
gym_oreburgh,115,COVERED
gym_oreburgh,116,COVERED
gym_oreburgh,117,COVERED
gym_oreburgh,118,COVERED
gym_oreburgh,119,COVERED
gym_oreburgh,120,COVERED
gym_oreburgh,121,COVERED
gym_oreburgh,122,COVERED
gym_oreburgh,123,COVERED
gym_oreburgh,124,COVERED
gym_oreburgh,125,COVERED
gym_oreburgh,126,COVERED
gym_oreburgh,127,COVERED
indoor_windworks,0,COVERED
indoor_windworks,1,COVERED
indoor_windworks,2,COVERED
indoor_windworks,3,COVERED
indoor_windworks,4,COVERED
indoor_windworks,5,COVERED
indoor_windworks,6,COVERED
indoor_windworks,7,COVERED
indoor_windworks,8,SPLIT
indoor_windworks,9,SPLIT
indoor_windworks,10,COVERED
indoor_windworks,11,COVERED
indoor_windworks,12,COVERED
indoor_windworks,13,COVERED
indoor_windworks,14,COVERED
indoor_windworks,15,COVERED
indoor_windworks,16,COVERED
indoor_windworks,17,COVERED
indoor_windworks,18,COVERED
indoor_windworks,19,COVERED
indoor_windworks,20,COVERED
indoor_windworks,21,COVERED
indoor_windworks,22,COVERED
indoor_windworks,23,COVERED
indoor_windworks,24,COVERED
indoor_windworks,25,COVERED
indoor_windworks,26,COVERED
indoor_windworks,27,COVERED
indoor_windworks,28,COVERED
indoor_windworks,29,COVERED
indoor_windworks,30,COVERED
indoor_windworks,31,COVERED
indoor_windworks,32,COVERED
indoor_windworks,33,COVERED
indoor_windworks,34,COVERED
indoor_windworks,35,COVERED
indoor_windworks,36,COVERED
indoor_windworks,37,COVERED
indoor_windworks,38,COVERED
indoor_windworks,39,COVERED
indoor_windworks,40,SPLIT
indoor_windworks,41,COVERED
indoor_windworks,42,COVERED
indoor_windworks,43,COVERED
indoor_windworks,44,COVERED
indoor_windworks,45,COVERED
indoor_windworks,46,COVERED
indoor_windworks,47,COVERED
indoor_windworks,48,COVERED
indoor_windworks,49,COVERED
indoor_windworks,50,COVERED
indoor_windworks,51,COVERED
indoor_windworks,52,COVERED
indoor_windworks,53,COVERED
indoor_windworks,54,COVERED
indoor_windworks,55,COVERED
indoor_windworks,56,COVERED
indoor_windworks,57,COVERED
indoor_windworks,58,COVERED
indoor_windworks,59,COVERED
indoor_windworks,60,COVERED
indoor_windworks,61,COVERED
indoor_windworks,62,COVERED
indoor_windworks,63,COVERED
indoor_windworks,64,COVERED
indoor_windworks,65,COVERED
indoor_windworks,66,COVERED
indoor_windworks,67,COVERED
indoor_windworks,68,COVERED
indoor_windworks,69,COVERED
indoor_windworks,70,COVERED
indoor_windworks,71,COVERED
indoor_windworks,72,COVERED
indoor_windworks,73,COVERED
indoor_windworks,74,COVERED
indoor_windworks,75,COVERED
indoor_windworks,76,COVERED
indoor_windworks,77,COVERED
indoor_windworks,78,COVERED
indoor_windworks,79,COVERED
indoor_windworks,80,COVERED
indoor_windworks,81,COVERED
indoor_windworks,82,COVERED
indoor_windworks,83,COVERED
indoor_windworks,84,COVERED
indoor_windworks,85,COVERED
indoor_windworks,86,COVERED
indoor_windworks,87,COVERED
indoor_windworks,88,COVERED
indoor_windworks,89,COVERED
indoor_windworks,90,COVERED
indoor_windworks,91,COVERED
indoor_windworks,92,COVERED
indoor_windworks,93,COVERED
indoor_windworks,94,COVERED
indoor_windworks,95,COVERED
indoor_windworks,96,COVERED
indoor_windworks,97,COVERED
indoor_windworks,98,COVERED
indoor_windworks,99,COVERED
indoor_windworks,100,COVERED
indoor_windworks,101,COVERED
indoor_windworks,102,COVERED
indoor_windworks,103,COVERED
indoor_windworks,104,COVERED
indoor_windworks,105,COVERED
indoor_windworks,106,COVERED
indoor_windworks,107,COVERED
indoor_windworks,108,COVERED
indoor_windworks,109,COVERED
indoor_windworks,110,COVERED
indoor_windworks,111,COVERED
indoor_windworks,112,COVERED
indoor_windworks,113,COVERED
indoor_windworks,114,COVERED
indoor_windworks,115,COVERED
indoor_windworks,116,COVERED
indoor_windworks,117,COVERED
indoor_windworks,118,COVERED
indoor_windworks,119,COVERED
indoor_windworks,120,COVERED
indoor_windworks,121,COVERED
indoor_windworks,122,COVERED
indoor_windworks,123,COVERED
indoor_windworks,124,COVERED
indoor_windworks,125,COVERED
indoor_windworks,126,COVERED
indoor_windworks,127,COVERED
outdoor_route_204,0,COVERED
outdoor_route_204,1,COVERED
outdoor_route_204,2,NORMAL
outdoor_route_204,3,NORMAL
outdoor_route_204,4,NORMAL
outdoor_route_204,5,NORMAL
outdoor_route_204,6,NORMAL
outdoor_route_204,7,NORMAL
outdoor_route_204,8,COVERED
outdoor_route_204,9,COVERED
outdoor_route_204,10,SPLIT
outdoor_route_204,11,SPLIT
outdoor_route_204,12,SPLIT
outdoor_route_204,13,TOP
outdoor_route_204,14,TOP
outdoor_route_204,15,SPLIT
outdoor_route_204,16,COVERED
outdoor_route_204,17,COVERED
outdoor_route_204,18,COVERED
outdoor_route_204,19,TOP
outdoor_route_204,20,NORMAL
outdoor_route_204,21,COVERED
outdoor_route_204,22,COVERED
outdoor_route_204,23,NORMAL
outdoor_route_204,24,COVERED
outdoor_route_204,25,COVERED
outdoor_route_204,26,COVERED
outdoor_route_204,27,COVERED
outdoor_route_204,28,COVERED
outdoor_route_204,29,NORMAL
outdoor_route_204,30,NORMAL
outdoor_route_204,31,COVERED
outdoor_route_204,32,COVERED
outdoor_route_204,33,COVERED
outdoor_route_204,34,COVERED
outdoor_route_204,35,COVERED
outdoor_route_204,36,COVERED
outdoor_route_204,37,SPLIT
outdoor_route_204,38,SPLIT
outdoor_route_204,39,COVERED
outdoor_route_204,40,SPLIT
outdoor_route_204,41,SPLIT
outdoor_route_204,42,COVERED
outdoor_route_204,43,COVERED
outdoor_route_204,44,NORMAL
outdoor_route_204,45,NORMAL
outdoor_route_204,46,NORMAL
outdoor_route_204,47,NORMAL
outdoor_route_204,48,SPLIT
outdoor_route_204,49,SPLIT
outdoor_route_204,50,COVERED
outdoor_route_204,51,COVERED
outdoor_route_204,52,COVERED
outdoor_route_204,53,NORMAL
outdoor_route_204,54,NORMAL
outdoor_route_204,55,NORMAL
outdoor_route_204,56,SPLIT
outdoor_route_204,57,SPLIT
outdoor_route_204,58,COVERED
outdoor_route_204,59,COVERED
outdoor_route_204,60,COVERED
outdoor_route_204,61,NORMAL
outdoor_route_204,62,NORMAL
outdoor_route_204,63,COVERED
outdoor_route_204,64,SPLIT
outdoor_route_204,65,SPLIT
outdoor_route_204,66,SPLIT
outdoor_route_204,67,SPLIT
outdoor_route_204,68,SPLIT
outdoor_route_204,69,SPLIT
outdoor_route_204,70,SPLIT
outdoor_route_204,71,COVERED
outdoor_route_204,72,SPLIT
outdoor_route_204,73,SPLIT
outdoor_route_204,74,SPLIT
outdoor_route_204,75,SPLIT
outdoor_route_204,76,SPLIT
outdoor_route_204,77,SPLIT
outdoor_route_204,78,SPLIT
outdoor_route_204,79,COVERED
outdoor_route_204,80,NORMAL
outdoor_route_204,81,SPLIT
outdoor_route_204,82,SPLIT
outdoor_route_204,83,COVERED
outdoor_route_204,84,SPLIT
outdoor_route_204,85,NORMAL
outdoor_route_204,86,NORMAL
outdoor_route_204,87,COVERED
outdoor_route_204,88,COVERED
outdoor_route_204,89,COVERED
outdoor_route_204,90,TOP
outdoor_route_204,91,COVERED
outdoor_route_204,92,COVERED
outdoor_route_204,93,COVERED
outdoor_route_204,94,SPLIT
outdoor_route_204,95,COVERED
outdoor_route_204,96,COVERED
outdoor_route_204,97,COVERED
outdoor_route_204,98,COVERED
outdoor_route_204,99,COVERED
outdoor_route_204,100,COVERED
outdoor_route_204,101,COVERED
outdoor_route_204,102,COVERED
outdoor_route_204,103,COVERED
outdoor_route_204,104,COVERED
outdoor_route_204,105,COVERED
outdoor_route_204,106,COVERED
outdoor_route_204,107,COVERED
outdoor_route_204,108,COVERED
outdoor_route_204,109,COVERED
outdoor_route_204,110,COVERED
outdoor_route_204,111,COVERED
outdoor_route_204,112,COVERED
outdoor_route_204,113,COVERED
outdoor_route_204,114,COVERED
outdoor_route_204,115,COVERED
outdoor_route_204,116,COVERED
outdoor_route_204,117,COVERED
outdoor_route_204,118,COVERED
outdoor_route_204,119,COVERED
outdoor_route_204,120,COVERED
outdoor_route_204,121,COVERED
outdoor_route_204,122,COVERED
outdoor_route_204,123,COVERED
outdoor_route_204,124,COVERED
outdoor_route_204,125,COVERED
outdoor_route_204,126,COVERED
outdoor_route_204,127,COVERED
outdoor_route_204,128,COVERED
outdoor_route_204,129,COVERED
outdoor_route_204,130,COVERED
outdoor_route_204,131,COVERED
outdoor_route_204,132,COVERED
outdoor_route_204,133,COVERED
outdoor_route_204,134,COVERED
outdoor_route_204,135,COVERED
outdoor_route_204,136,COVERED
outdoor_route_204,137,COVERED
outdoor_route_204,138,COVERED
outdoor_route_204,139,COVERED
outdoor_route_204,140,COVERED
outdoor_route_204,141,COVERED
outdoor_route_204,142,COVERED
outdoor_route_204,143,COVERED
outdoor_route_204,144,COVERED
outdoor_route_204,145,COVERED
outdoor_route_204,146,COVERED
outdoor_route_204,147,COVERED
outdoor_route_204,148,COVERED
outdoor_route_204,149,COVERED
outdoor_route_204,150,COVERED
outdoor_route_204,151,COVERED
outdoor_route_204,152,COVERED
outdoor_route_204,153,COVERED
outdoor_route_204,154,COVERED
outdoor_route_204,155,COVERED
outdoor_route_204,156,COVERED
outdoor_route_204,157,COVERED
outdoor_route_204,158,COVERED
outdoor_route_204,159,COVERED
outdoor_route_204,160,COVERED
outdoor_route_204,161,COVERED
outdoor_route_204,162,COVERED
outdoor_route_204,163,COVERED
outdoor_route_204,164,COVERED
outdoor_route_204,165,COVERED
outdoor_route_204,166,COVERED
outdoor_route_204,167,COVERED
outdoor_route_204,168,COVERED
outdoor_route_204,169,COVERED
outdoor_route_204,170,COVERED
outdoor_route_204,171,COVERED
outdoor_route_204,172,COVERED
outdoor_route_204,173,COVERED
outdoor_route_204,174,COVERED
outdoor_route_204,175,COVERED
outdoor_route_204,176,COVERED
outdoor_route_204,177,COVERED
outdoor_route_204,178,COVERED
outdoor_route_204,179,COVERED
outdoor_route_204,180,COVERED
outdoor_route_204,181,COVERED
outdoor_route_204,182,COVERED
outdoor_route_204,183,COVERED
outdoor_route_204,184,COVERED
outdoor_route_204,185,COVERED
outdoor_route_204,186,COVERED
outdoor_route_204,187,COVERED
outdoor_route_204,188,COVERED
outdoor_route_204,189,COVERED
outdoor_route_204,190,COVERED
outdoor_route_204,191,COVERED
outdoor_route_204,192,COVERED
outdoor_route_204,193,COVERED
outdoor_route_204,194,COVERED
outdoor_route_204,195,COVERED
outdoor_route_204,196,COVERED
outdoor_route_204,197,COVERED
outdoor_route_204,198,COVERED
outdoor_route_204,199,COVERED
outdoor_route_204,200,COVERED
outdoor_route_204,201,COVERED
outdoor_route_204,202,COVERED
outdoor_route_204,203,COVERED
outdoor_route_204,204,COVERED
outdoor_route_204,205,COVERED
outdoor_route_204,206,COVERED
outdoor_route_204,207,COVERED
outdoor_route_204,208,COVERED
outdoor_route_204,209,COVERED
outdoor_route_204,210,COVERED
outdoor_route_204,211,COVERED
outdoor_route_204,212,COVERED
outdoor_route_204,213,COVERED
outdoor_route_204,214,COVERED
outdoor_route_204,215,COVERED
outdoor_route_204,216,COVERED
outdoor_route_204,217,COVERED
outdoor_route_204,218,COVERED
outdoor_route_204,219,COVERED
outdoor_route_204,220,COVERED
outdoor_route_204,221,COVERED
outdoor_route_204,222,COVERED
outdoor_route_204,223,COVERED
outdoor_route_204,224,COVERED
outdoor_route_204,225,COVERED
outdoor_route_204,226,COVERED
outdoor_route_204,227,COVERED
outdoor_route_204,228,COVERED
outdoor_route_204,229,COVERED
outdoor_route_204,230,COVERED
outdoor_route_204,231,COVERED
outdoor_route_204,232,COVERED
outdoor_route_204,233,COVERED
outdoor_route_204,234,COVERED
outdoor_route_204,235,COVERED
outdoor_route_204,236,COVERED
outdoor_route_204,237,COVERED
outdoor_route_204,238,COVERED
outdoor_route_204,239,COVERED
outdoor_route_204,240,COVERED
outdoor_route_204,241,COVERED
outdoor_route_204,242,COVERED
outdoor_route_204,243,COVERED
outdoor_route_204,244,COVERED
outdoor_route_204,245,COVERED
outdoor_route_204,246,COVERED
outdoor_route_204,247,COVERED
outdoor_route_204,248,COVERED
outdoor_route_204,249,COVERED
outdoor_route_204,250,COVERED
outdoor_route_204,251,COVERED
outdoor_route_204,252,COVERED
outdoor_route_204,253,COVERED
outdoor_route_204,254,COVERED
outdoor_route_204,255,COVERED
outdoor_floaroma,0,COVERED
outdoor_floaroma,1,COVERED
outdoor_floaroma,2,NORMAL
outdoor_floaroma,3,NORMAL
outdoor_floaroma,4,NORMAL
outdoor_floaroma,5,NORMAL
outdoor_floaroma,6,NORMAL
outdoor_floaroma,7,NORMAL
outdoor_floaroma,8,COVERED
outdoor_floaroma,9,COVERED
outdoor_floaroma,10,SPLIT
outdoor_floaroma,11,SPLIT
outdoor_floaroma,12,SPLIT
outdoor_floaroma,13,TOP
outdoor_floaroma,14,TOP
outdoor_floaroma,15,SPLIT
outdoor_floaroma,16,COVERED
outdoor_floaroma,17,COVERED
outdoor_floaroma,18,COVERED
outdoor_floaroma,19,TOP
outdoor_floaroma,20,NORMAL
outdoor_floaroma,21,COVERED
outdoor_floaroma,22,COVERED
outdoor_floaroma,23,NORMAL
outdoor_floaroma,24,COVERED
outdoor_floaroma,25,COVERED
outdoor_floaroma,26,COVERED
outdoor_floaroma,27,COVERED
outdoor_floaroma,28,COVERED
outdoor_floaroma,29,NORMAL
outdoor_floaroma,30,NORMAL
outdoor_floaroma,31,COVERED
outdoor_floaroma,32,COVERED
outdoor_floaroma,33,COVERED
outdoor_floaroma,34,COVERED
outdoor_floaroma,35,COVERED
outdoor_floaroma,36,COVERED
outdoor_floaroma,37,SPLIT
outdoor_floaroma,38,SPLIT
outdoor_floaroma,39,COVERED
outdoor_floaroma,40,SPLIT
outdoor_floaroma,41,SPLIT
outdoor_floaroma,42,COVERED
outdoor_floaroma,43,COVERED
outdoor_floaroma,44,NORMAL
outdoor_floaroma,45,NORMAL
outdoor_floaroma,46,NORMAL
outdoor_floaroma,47,NORMAL
outdoor_floaroma,48,SPLIT
outdoor_floaroma,49,SPLIT
outdoor_floaroma,50,COVERED
outdoor_floaroma,51,COVERED
outdoor_floaroma,52,COVERED
outdoor_floaroma,53,NORMAL
outdoor_floaroma,54,NORMAL
outdoor_floaroma,55,NORMAL
outdoor_floaroma,56,SPLIT
outdoor_floaroma,57,SPLIT
outdoor_floaroma,58,COVERED
outdoor_floaroma,59,COVERED
outdoor_floaroma,60,COVERED
outdoor_floaroma,61,NORMAL
outdoor_floaroma,62,NORMAL
outdoor_floaroma,63,COVERED
outdoor_floaroma,64,COVERED
outdoor_floaroma,65,COVERED
outdoor_floaroma,66,COVERED
outdoor_floaroma,67,COVERED
outdoor_floaroma,68,COVERED
outdoor_floaroma,69,COVERED
outdoor_floaroma,70,COVERED
outdoor_floaroma,71,COVERED
outdoor_floaroma,72,SPLIT
outdoor_floaroma,73,TOP
outdoor_floaroma,74,TOP
outdoor_floaroma,75,TOP
outdoor_floaroma,76,SPLIT
outdoor_floaroma,77,COVERED
outdoor_floaroma,78,NORMAL
outdoor_floaroma,79,COVERED
outdoor_floaroma,80,TOP
outdoor_floaroma,81,TOP
outdoor_floaroma,82,TOP
outdoor_floaroma,83,TOP
outdoor_floaroma,84,TOP
outdoor_floaroma,85,COVERED
outdoor_floaroma,86,TOP
outdoor_floaroma,87,COVERED
outdoor_floaroma,88,COVERED
outdoor_floaroma,89,COVERED
outdoor_floaroma,90,COVERED
outdoor_floaroma,91,COVERED
outdoor_floaroma,92,COVERED
outdoor_floaroma,93,COVERED
outdoor_floaroma,94,TOP
outdoor_floaroma,95,COVERED
outdoor_floaroma,96,COVERED
outdoor_floaroma,97,NORMAL
outdoor_floaroma,98,NORMAL
outdoor_floaroma,99,NORMAL
outdoor_floaroma,100,COVERED
outdoor_floaroma,101,COVERED
outdoor_floaroma,102,TOP
outdoor_floaroma,103,COVERED
outdoor_floaroma,104,COVERED
outdoor_floaroma,105,NORMAL
outdoor_floaroma,106,SPLIT
outdoor_floaroma,107,NORMAL
outdoor_floaroma,108,COVERED
outdoor_floaroma,109,COVERED
outdoor_floaroma,110,SPLIT
outdoor_floaroma,111,COVERED
outdoor_floaroma,112,COVERED
outdoor_floaroma,113,COVERED
outdoor_floaroma,114,COVERED
outdoor_floaroma,115,COVERED
outdoor_floaroma,116,COVERED
outdoor_floaroma,117,COVERED
outdoor_floaroma,118,TOP
outdoor_floaroma,119,COVERED
outdoor_floaroma,120,COVERED
outdoor_floaroma,121,COVERED
outdoor_floaroma,122,COVERED
outdoor_floaroma,123,COVERED
outdoor_floaroma,124,NORMAL
outdoor_floaroma,125,COVERED
outdoor_floaroma,126,NORMAL
outdoor_floaroma,127,NORMAL
outdoor_floaroma,128,NORMAL
outdoor_floaroma,129,NORMAL
outdoor_floaroma,130,NORMAL
outdoor_floaroma,131,NORMAL
outdoor_floaroma,132,NORMAL
outdoor_floaroma,133,COVERED
outdoor_floaroma,134,COVERED
outdoor_floaroma,135,COVERED
outdoor_floaroma,136,NORMAL
outdoor_floaroma,137,NORMAL
outdoor_floaroma,138,NORMAL
outdoor_floaroma,139,NORMAL
outdoor_floaroma,140,COVERED
outdoor_floaroma,141,COVERED
outdoor_floaroma,142,COVERED
outdoor_floaroma,143,COVERED
outdoor_floaroma,144,COVERED
outdoor_floaroma,145,COVERED
outdoor_floaroma,146,COVERED
outdoor_floaroma,147,COVERED
outdoor_floaroma,148,COVERED
outdoor_floaroma,149,COVERED
outdoor_floaroma,150,COVERED
outdoor_floaroma,151,COVERED
outdoor_floaroma,152,NORMAL
outdoor_floaroma,153,NORMAL
outdoor_floaroma,154,NORMAL
outdoor_floaroma,155,NORMAL
outdoor_floaroma,156,COVERED
outdoor_floaroma,157,COVERED
outdoor_floaroma,158,COVERED
outdoor_floaroma,159,COVERED
outdoor_floaroma,160,NORMAL
outdoor_floaroma,161,NORMAL
outdoor_floaroma,162,NORMAL
outdoor_floaroma,163,NORMAL
outdoor_floaroma,164,COVERED
outdoor_floaroma,165,COVERED
outdoor_floaroma,166,COVERED
outdoor_floaroma,167,COVERED
outdoor_floaroma,168,COVERED
outdoor_floaroma,169,COVERED
outdoor_floaroma,170,COVERED
outdoor_floaroma,171,COVERED
outdoor_floaroma,172,COVERED
outdoor_floaroma,173,COVERED
outdoor_floaroma,174,COVERED
outdoor_floaroma,175,COVERED
outdoor_floaroma,176,COVERED
outdoor_floaroma,177,COVERED
outdoor_floaroma,178,COVERED
outdoor_floaroma,179,COVERED
outdoor_floaroma,180,COVERED
outdoor_floaroma,181,COVERED
outdoor_floaroma,182,COVERED
outdoor_floaroma,183,COVERED
outdoor_floaroma,184,COVERED
outdoor_floaroma,185,COVERED
outdoor_floaroma,186,COVERED
outdoor_floaroma,187,COVERED
outdoor_floaroma,188,COVERED
outdoor_floaroma,189,COVERED
outdoor_floaroma,190,COVERED
outdoor_floaroma,191,COVERED
outdoor_floaroma,192,COVERED
outdoor_floaroma,193,COVERED
outdoor_floaroma,194,COVERED
outdoor_floaroma,195,COVERED
outdoor_floaroma,196,COVERED
outdoor_floaroma,197,COVERED
outdoor_floaroma,198,COVERED
outdoor_floaroma,199,COVERED
outdoor_floaroma,200,COVERED
outdoor_floaroma,201,COVERED
outdoor_floaroma,202,COVERED
outdoor_floaroma,203,COVERED
outdoor_floaroma,204,COVERED
outdoor_floaroma,205,COVERED
outdoor_floaroma,206,COVERED
outdoor_floaroma,207,COVERED
outdoor_floaroma,208,COVERED
outdoor_floaroma,209,COVERED
outdoor_floaroma,210,COVERED
outdoor_floaroma,211,COVERED
outdoor_floaroma,212,COVERED
outdoor_floaroma,213,COVERED
outdoor_floaroma,214,COVERED
outdoor_floaroma,215,COVERED
outdoor_floaroma,216,COVERED
outdoor_floaroma,217,COVERED
outdoor_floaroma,218,COVERED
outdoor_floaroma,219,COVERED
outdoor_floaroma,220,COVERED
outdoor_floaroma,221,COVERED
outdoor_floaroma,222,COVERED
outdoor_floaroma,223,COVERED
outdoor_floaroma,224,COVERED
outdoor_floaroma,225,COVERED
outdoor_floaroma,226,COVERED
outdoor_floaroma,227,COVERED
outdoor_floaroma,228,COVERED
outdoor_floaroma,229,COVERED
outdoor_floaroma,230,COVERED
outdoor_floaroma,231,COVERED
outdoor_floaroma,232,COVERED
outdoor_floaroma,233,COVERED
outdoor_floaroma,234,COVERED
outdoor_floaroma,235,COVERED
outdoor_floaroma,236,COVERED
outdoor_floaroma,237,COVERED
outdoor_floaroma,238,COVERED
outdoor_floaroma,239,COVERED
outdoor_floaroma,240,COVERED
outdoor_floaroma,241,COVERED
outdoor_floaroma,242,COVERED
outdoor_floaroma,243,COVERED
outdoor_floaroma,244,COVERED
outdoor_floaroma,245,COVERED
outdoor_floaroma,246,COVERED
outdoor_floaroma,247,COVERED
outdoor_floaroma,248,COVERED
outdoor_floaroma,249,COVERED
outdoor_floaroma,250,COVERED
outdoor_floaroma,251,COVERED
outdoor_floaroma,252,COVERED
outdoor_floaroma,253,COVERED
outdoor_floaroma,254,COVERED
outdoor_floaroma,255,COVERED
indoor_twinleaf,0,COVERED
indoor_twinleaf,1,COVERED
indoor_twinleaf,2,COVERED
indoor_twinleaf,3,COVERED
indoor_twinleaf,4,COVERED
indoor_twinleaf,5,COVERED
indoor_twinleaf,6,COVERED
indoor_twinleaf,7,COVERED
indoor_twinleaf,8,SPLIT
indoor_twinleaf,9,SPLIT
indoor_twinleaf,10,COVERED
indoor_twinleaf,11,COVERED
indoor_twinleaf,12,COVERED
indoor_twinleaf,13,COVERED
indoor_twinleaf,14,COVERED
indoor_twinleaf,15,COVERED
indoor_twinleaf,16,COVERED
indoor_twinleaf,17,COVERED
indoor_twinleaf,18,COVERED
indoor_twinleaf,19,COVERED
indoor_twinleaf,20,COVERED
indoor_twinleaf,21,COVERED
indoor_twinleaf,22,COVERED
indoor_twinleaf,23,COVERED
indoor_twinleaf,24,COVERED
indoor_twinleaf,25,COVERED
indoor_twinleaf,26,COVERED
indoor_twinleaf,27,COVERED
indoor_twinleaf,28,COVERED
indoor_twinleaf,29,COVERED
indoor_twinleaf,30,COVERED
indoor_twinleaf,31,COVERED
indoor_twinleaf,32,TOP
indoor_twinleaf,33,TOP
indoor_twinleaf,34,COVERED
indoor_twinleaf,35,COVERED
indoor_twinleaf,36,COVERED
indoor_twinleaf,37,COVERED
indoor_twinleaf,38,COVERED
indoor_twinleaf,39,COVERED
indoor_twinleaf,40,TOP
indoor_twinleaf,41,TOP
indoor_twinleaf,42,COVERED
indoor_twinleaf,43,COVERED
indoor_twinleaf,44,COVERED
indoor_twinleaf,45,COVERED
indoor_twinleaf,46,COVERED
indoor_twinleaf,47,COVERED
indoor_twinleaf,48,TOP
indoor_twinleaf,49,TOP
indoor_twinleaf,50,COVERED
indoor_twinleaf,51,COVERED
indoor_twinleaf,52,COVERED
indoor_twinleaf,53,COVERED
indoor_twinleaf,54,COVERED
indoor_twinleaf,55,COVERED
indoor_twinleaf,56,COVERED
indoor_twinleaf,57,COVERED
indoor_twinleaf,58,COVERED
indoor_twinleaf,59,COVERED
indoor_twinleaf,60,COVERED
indoor_twinleaf,61,COVERED
indoor_twinleaf,62,COVERED
indoor_twinleaf,63,COVERED
indoor_twinleaf,64,COVERED
indoor_twinleaf,65,COVERED
indoor_twinleaf,66,COVERED
indoor_twinleaf,67,COVERED
indoor_twinleaf,68,COVERED
indoor_twinleaf,69,COVERED
indoor_twinleaf,70,COVERED
indoor_twinleaf,71,COVERED
indoor_twinleaf,72,COVERED
indoor_twinleaf,73,COVERED
indoor_twinleaf,74,COVERED
indoor_twinleaf,75,COVERED
indoor_twinleaf,76,COVERED
indoor_twinleaf,77,COVERED
indoor_twinleaf,78,COVERED
indoor_twinleaf,79,COVERED
indoor_twinleaf,80,COVERED
indoor_twinleaf,81,COVERED
indoor_twinleaf,82,COVERED
indoor_twinleaf,83,COVERED
indoor_twinleaf,84,COVERED
indoor_twinleaf,85,COVERED
indoor_twinleaf,86,COVERED
indoor_twinleaf,87,COVERED
indoor_twinleaf,88,COVERED
indoor_twinleaf,89,COVERED
indoor_twinleaf,90,COVERED
indoor_twinleaf,91,COVERED
indoor_twinleaf,92,COVERED
indoor_twinleaf,93,COVERED
indoor_twinleaf,94,COVERED
indoor_twinleaf,95,COVERED
indoor_twinleaf,96,COVERED
indoor_twinleaf,97,COVERED
indoor_twinleaf,98,COVERED
indoor_twinleaf,99,COVERED
indoor_twinleaf,100,COVERED
indoor_twinleaf,101,COVERED
indoor_twinleaf,102,COVERED
indoor_twinleaf,103,COVERED
indoor_twinleaf,104,COVERED
indoor_twinleaf,105,COVERED
indoor_twinleaf,106,COVERED
indoor_twinleaf,107,COVERED
indoor_twinleaf,108,COVERED
indoor_twinleaf,109,COVERED
indoor_twinleaf,110,COVERED
indoor_twinleaf,111,COVERED
indoor_twinleaf,112,COVERED
indoor_twinleaf,113,COVERED
indoor_twinleaf,114,COVERED
indoor_twinleaf,115,COVERED
indoor_twinleaf,116,COVERED
indoor_twinleaf,117,COVERED
indoor_twinleaf,118,COVERED
indoor_twinleaf,119,COVERED
indoor_twinleaf,120,COVERED
indoor_twinleaf,121,COVERED
indoor_twinleaf,122,COVERED
indoor_twinleaf,123,COVERED
indoor_twinleaf,124,COVERED
indoor_twinleaf,125,COVERED
indoor_twinleaf,126,COVERED
indoor_twinleaf,127,COVERED
general,0,COVERED
general,1,TOP
general,2,TOP
general,3,TOP
general,4,COVERED
general,5,TOP
general,6,TOP
general,7,TOP
general,8,TOP
general,9,TOP
general,10,TOP
general,11,TOP
general,12,TOP
general,13,TOP
general,14,TOP
general,15,TOP
general,16,TOP
general,17,TOP
general,18,TOP
general,19,TOP
general,20,TOP
general,21,TOP
general,22,TOP
general,23,TOP
general,24,TOP
general,25,TOP
general,26,TOP
general,27,COVERED
general,28,TOP
general,29,TOP
general,30,TOP
general,31,TOP
general,32,COVERED
general,33,TOP
general,34,COVERED
general,35,TOP
general,36,TOP
general,37,TOP
general,38,TOP
general,39,TOP
general,40,TOP
general,41,TOP
general,42,COVERED
general,43,TOP
general,44,COVERED
general,45,SPLIT
general,46,TOP
general,47,TOP
general,48,TOP
general,49,TOP
general,50,TOP
general,51,TOP
general,52,COVERED
general,53,SPLIT
general,54,TOP
general,55,TOP
general,56,TOP
general,57,TOP
general,58,TOP
general,59,TOP
general,60,COVERED
general,61,TOP
general,62,TOP
general,63,TOP
general,64,TOP
general,65,COVERED
general,66,COVERED
general,67,COVERED
general,68,TOP
general,69,TOP
general,70,TOP
general,71,TOP
general,72,TOP
general,73,TOP
general,74,TOP
general,75,TOP
general,76,TOP
general,77,TOP
general,78,TOP
general,79,TOP
general,80,TOP
general,81,TOP
general,82,TOP
general,83,TOP
general,84,TOP
general,85,TOP
general,86,TOP
general,87,TOP
general,88,TOP
general,89,TOP
general,90,TOP
general,91,TOP
general,92,COVERED
general,93,TOP
general,94,TOP
general,95,TOP
general,96,COVERED
general,97,COVERED
general,98,COVERED
general,99,COVERED
general,100,TOP
general,101,TOP
general,102,TOP
general,103,TOP
general,104,COVERED
general,105,COVERED
general,106,COVERED
general,107,TOP
general,108,TOP
general,109,TOP
general,110,COVERED
general,111,COVERED
general,112,COVERED
general,113,TOP
general,114,COVERED
general,115,TOP
general,116,TOP
general,117,TOP
general,118,COVERED
general,119,COVERED
general,120,COVERED
general,121,TOP
general,122,COVERED
general,123,TOP
general,124,TOP
general,125,TOP
general,126,COVERED
general,127,COVERED
general,128,COVERED
general,129,COVERED
general,130,COVERED
general,131,TOP
general,132,TOP
general,133,COVERED
general,134,COVERED
general,135,COVERED
general,136,COVERED
general,137,TOP
general,138,COVERED
general,139,COVERED
general,140,COVERED
general,141,COVERED
general,142,COVERED
general,143,COVERED
general,144,COVERED
general,145,TOP
general,146,COVERED
general,147,TOP
general,148,TOP
general,149,COVERED
general,150,COVERED
general,151,COVERED
general,152,SPLIT
general,153,SPLIT
general,154,SPLIT
general,155,COVERED
general,156,COVERED
general,157,COVERED
general,158,COVERED
general,159,TOP
general,160,COVERED
general,161,COVERED
general,162,COVERED
general,163,TOP
general,164,TOP
general,165,COVERED
general,166,COVERED
general,167,TOP
general,168,COVERED
general,169,TOP
general,170,COVERED
general,171,COVERED
general,172,COVERED
general,173,COVERED
general,174,COVERED
general,175,TOP
general,176,COVERED
general,177,COVERED
general,178,COVERED
general,179,COVERED
general,180,TOP
general,181,TOP
general,182,TOP
general,183,TOP
general,184,COVERED
general,185,TOP
general,186,COVERED
general,187,COVERED
general,188,COVERED
general,189,TOP
general,190,COVERED
general,191,COVERED
general,192,COVERED
general,193,COVERED
general,194,COVERED
general,195,COVERED
general,196,COVERED
general,197,COVERED
general,198,TOP
general,199,TOP
general,200,COVERED
general,201,COVERED
general,202,COVERED
general,203,COVERED
general,204,COVERED
general,205,COVERED
general,206,TOP
general,207,TOP
general,208,COVERED
general,209,COVERED
general,210,COVERED
general,211,TOP
general,212,TOP
general,213,COVERED
general,214,COVERED
general,215,TOP
general,216,COVERED
general,217,COVERED
general,218,COVERED
general,219,TOP
general,220,TOP
general,221,COVERED
general,222,COVERED
general,223,TOP
general,224,COVERED
general,225,COVERED
general,226,COVERED
general,227,COVERED
general,228,COVERED
general,229,COVERED
general,230,COVERED
general,231,TOP
general,232,TOP
general,233,TOP
general,234,TOP
general,235,TOP
general,236,COVERED
general,237,COVERED
general,238,TOP
general,239,TOP
general,240,COVERED
general,241,COVERED
general,242,COVERED
general,243,COVERED
general,244,COVERED
general,245,COVERED
general,246,TOP
general,247,COVERED
general,248,COVERED
general,249,COVERED
general,250,COVERED
general,251,COVERED
general,252,COVERED
general,253,COVERED
general,254,COVERED
general,255,COVERED
general,256,TOP
general,257,TOP
general,258,TOP
general,259,TOP
general,260,TOP
general,261,TOP
general,262,COVERED
general,263,COVERED
general,264,TOP
general,265,TOP
general,266,TOP
general,267,TOP
general,268,TOP
general,269,TOP
general,270,COVERED
general,271,COVERED
general,272,TOP
general,273,TOP
general,274,TOP
general,275,TOP
general,276,TOP
general,277,TOP
general,278,COVERED
general,279,COVERED
general,280,TOP
general,281,TOP
general,282,TOP
general,283,COVERED
general,284,COVERED
general,285,COVERED
general,286,COVERED
general,287,COVERED
general,288,TOP
general,289,TOP
general,290,TOP
general,291,COVERED
general,292,COVERED
general,293,COVERED
general,294,COVERED
general,295,COVERED
general,296,TOP
general,297,TOP
general,298,TOP
general,299,COVERED
general,300,COVERED
general,301,COVERED
general,302,TOP
general,303,TOP
general,304,TOP
general,305,COVERED
general,306,COVERED
general,307,COVERED
general,308,COVERED
general,309,COVERED
general,310,TOP
general,311,TOP
general,312,TOP
general,313,TOP
general,314,TOP
general,315,COVERED
general,316,COVERED
general,317,COVERED
general,318,COVERED
general,319,COVERED
general,320,TOP
general,321,TOP
general,322,TOP
general,323,COVERED
general,324,COVERED
general,325,COVERED
general,326,COVERED
general,327,COVERED
general,328,COVERED
general,329,COVERED
general,330,COVERED
general,331,TOP
general,332,TOP
general,333,TOP
general,334,COVERED
general,335,COVERED
general,336,COVERED
general,337,COVERED
general,338,COVERED
general,339,COVERED
general,340,COVERED
general,341,COVERED
general,342,COVERED
general,343,TOP
general,344,COVERED
general,345,COVERED
general,346,COVERED
general,347,COVERED
general,348,COVERED
general,349,COVERED
general,350,COVERED
general,351,COVERED
general,352,COVERED
general,353,COVERED
general,354,COVERED
general,355,COVERED
general,356,COVERED
general,357,COVERED
general,358,COVERED
general,359,COVERED
general,360,COVERED
general,361,COVERED
general,362,COVERED
general,363,COVERED
general,364,COVERED
general,365,COVERED
general,366,COVERED
general,367,COVERED
general,368,COVERED
general,369,COVERED
general,370,TOP
general,371,COVERED
general,372,TOP
general,373,TOP
general,374,TOP
general,375,COVERED
general,376,COVERED
general,377,COVERED
general,378,COVERED
general,379,TOP
general,380,COVERED
general,381,COVERED
general,382,COVERED
general,383,COVERED
general,384,COVERED
general,385,COVERED
general,386,COVERED
general,387,COVERED
general,388,COVERED
general,389,COVERED
general,390,COVERED
general,391,TOP
general,392,COVERED
general,393,COVERED
general,394,COVERED
general,395,COVERED
general,396,COVERED
general,397,COVERED
general,398,COVERED
general,399,TOP
general,400,COVERED
general,401,TOP
general,402,COVERED
general,403,SPLIT
general,404,COVERED
general,405,COVERED
general,406,COVERED
general,407,COVERED
general,408,COVERED
general,409,COVERED
general,410,COVERED
general,411,COVERED
general,412,COVERED
general,413,COVERED
general,414,TOP
general,415,COVERED
general,416,TOP
general,417,TOP
general,418,COVERED
general,419,COVERED
general,420,COVERED
general,421,COVERED
general,422,COVERED
general,423,COVERED
general,424,TOP
general,425,TOP
general,426,TOP
general,427,TOP
general,428,TOP
general,429,COVERED
general,430,TOP
general,431,COVERED
general,432,TOP
general,433,TOP
general,434,TOP
general,435,COVERED
general,436,TOP
general,437,COVERED
general,438,COVERED
general,439,COVERED
general,440,TOP
general,441,COVERED
general,442,COVERED
general,443,COVERED
general,444,TOP
general,445,COVERED
general,446,COVERED
general,447,COVERED
general,448,COVERED
general,449,COVERED
general,450,COVERED
general,451,COVERED
general,452,COVERED
general,453,COVERED
general,454,TOP
general,455,TOP
general,456,COVERED
general,457,COVERED
general,458,COVERED
general,459,COVERED
general,460,COVERED
general,461,COVERED
general,462,TOP
general,463,TOP
general,464,TOP
general,465,TOP
general,466,TOP
general,467,TOP
general,468,TOP
general,469,TOP
general,470,TOP
general,471,TOP
general,472,TOP
general,473,TOP
general,474,TOP
general,475,TOP
general,476,TOP
general,477,TOP
general,478,TOP
general,479,TOP
general,480,TOP
general,481,TOP
general,482,TOP
general,483,COVERED
general,484,TOP
general,485,TOP
general,486,TOP
general,487,TOP
general,488,TOP
general,489,TOP
general,490,TOP
general,491,TOP
general,492,TOP
general,493,TOP
general,494,TOP
general,495,TOP
general,496,TOP
general,497,TOP
general,498,TOP
general,499,TOP
general,500,TOP
general,501,TOP
general,502,SPLIT
general,503,SPLIT
general,504,COVERED
general,505,COVERED
general,506,TOP
general,507,TOP
general,508,TOP
general,509,TOP
general,510,SPLIT
general,511,SPLIT
outdoor_route_205,0,COVERED
outdoor_route_205,1,COVERED
outdoor_route_205,2,NORMAL
outdoor_route_205,3,NORMAL
outdoor_route_205,4,NORMAL
outdoor_route_205,5,NORMAL
outdoor_route_205,6,NORMAL
outdoor_route_205,7,NORMAL
outdoor_route_205,8,COVERED
outdoor_route_205,9,COVERED
outdoor_route_205,10,SPLIT
outdoor_route_205,11,SPLIT
outdoor_route_205,12,SPLIT
outdoor_route_205,13,TOP
outdoor_route_205,14,TOP
outdoor_route_205,15,SPLIT
outdoor_route_205,16,COVERED
outdoor_route_205,17,COVERED
outdoor_route_205,18,COVERED
outdoor_route_205,19,TOP
outdoor_route_205,20,NORMAL
outdoor_route_205,21,COVERED
outdoor_route_205,22,COVERED
outdoor_route_205,23,NORMAL
outdoor_route_205,24,COVERED
outdoor_route_205,25,COVERED
outdoor_route_205,26,COVERED
outdoor_route_205,27,COVERED
outdoor_route_205,28,COVERED
outdoor_route_205,29,NORMAL
outdoor_route_205,30,NORMAL
outdoor_route_205,31,NORMAL
outdoor_route_205,32,COVERED
outdoor_route_205,33,COVERED
outdoor_route_205,34,COVERED
outdoor_route_205,35,COVERED
outdoor_route_205,36,COVERED
outdoor_route_205,37,SPLIT
outdoor_route_205,38,SPLIT
outdoor_route_205,39,NORMAL
outdoor_route_205,40,SPLIT
outdoor_route_205,41,SPLIT
outdoor_route_205,42,COVERED
outdoor_route_205,43,COVERED
outdoor_route_205,44,COVERED
outdoor_route_205,45,COVERED
outdoor_route_205,46,COVERED
outdoor_route_205,47,COVERED
outdoor_route_205,48,SPLIT
outdoor_route_205,49,SPLIT
outdoor_route_205,50,COVERED
outdoor_route_205,51,COVERED
outdoor_route_205,52,COVERED
outdoor_route_205,53,COVERED
outdoor_route_205,54,COVERED
outdoor_route_205,55,COVERED
outdoor_route_205,56,SPLIT
outdoor_route_205,57,SPLIT
outdoor_route_205,58,COVERED
outdoor_route_205,59,COVERED
outdoor_route_205,60,COVERED
outdoor_route_205,61,COVERED
outdoor_route_205,62,COVERED
outdoor_route_205,63,COVERED
outdoor_route_205,64,COVERED
outdoor_route_205,65,COVERED
outdoor_route_205,66,COVERED
outdoor_route_205,67,COVERED
outdoor_route_205,68,COVERED
outdoor_route_205,69,COVERED
outdoor_route_205,70,COVERED
outdoor_route_205,71,COVERED
outdoor_route_205,72,COVERED
outdoor_route_205,73,COVERED
outdoor_route_205,74,COVERED
outdoor_route_205,75,COVERED
outdoor_route_205,76,COVERED
outdoor_route_205,77,COVERED
outdoor_route_205,78,COVERED
outdoor_route_205,79,COVERED
outdoor_route_205,80,COVERED
outdoor_route_205,81,COVERED
outdoor_route_205,82,COVERED
outdoor_route_205,83,COVERED
outdoor_route_205,84,COVERED
outdoor_route_205,85,COVERED
outdoor_route_205,86,COVERED
outdoor_route_205,87,COVERED
outdoor_route_205,88,COVERED
outdoor_route_205,89,COVERED
outdoor_route_205,90,COVERED
outdoor_route_205,91,COVERED
outdoor_route_205,92,COVERED
outdoor_route_205,93,NORMAL
outdoor_route_205,94,NORMAL
outdoor_route_205,95,NORMAL
outdoor_route_205,96,TOP
outdoor_route_205,97,TOP
outdoor_route_205,98,COVERED
outdoor_route_205,99,COVERED
outdoor_route_205,100,COVERED
outdoor_route_205,101,NORMAL
outdoor_route_205,102,NORMAL
outdoor_route_205,103,NORMAL
outdoor_route_205,104,TOP
outdoor_route_205,105,TOP
outdoor_route_205,106,COVERED
outdoor_route_205,107,COVERED
outdoor_route_205,108,COVERED
outdoor_route_205,109,COVERED
outdoor_route_205,110,COVERED
outdoor_route_205,111,NORMAL
outdoor_route_205,112,COVERED
outdoor_route_205,113,COVERED
outdoor_route_205,114,COVERED
outdoor_route_205,115,COVERED
outdoor_route_205,116,COVERED
outdoor_route_205,117,COVERED
outdoor_route_205,118,COVERED
outdoor_route_205,119,COVERED
outdoor_route_205,120,COVERED
outdoor_route_205,121,COVERED
outdoor_route_205,122,COVERED
outdoor_route_205,123,COVERED
outdoor_route_205,124,COVERED
outdoor_route_205,125,COVERED
outdoor_route_205,126,COVERED
outdoor_route_205,127,COVERED
outdoor_route_205,128,COVERED
outdoor_route_205,129,COVERED
outdoor_route_205,130,COVERED
outdoor_route_205,131,COVERED
outdoor_route_205,132,COVERED
outdoor_route_205,133,COVERED
outdoor_route_205,134,COVERED
outdoor_route_205,135,COVERED
outdoor_route_205,136,COVERED
outdoor_route_205,137,COVERED
outdoor_route_205,138,COVERED
outdoor_route_205,139,COVERED
outdoor_route_205,140,COVERED
outdoor_route_205,141,COVERED
outdoor_route_205,142,COVERED
outdoor_route_205,143,COVERED
outdoor_route_205,144,COVERED
outdoor_route_205,145,COVERED
outdoor_route_205,146,COVERED
outdoor_route_205,147,COVERED
outdoor_route_205,148,COVERED
outdoor_route_205,149,COVERED
outdoor_route_205,150,COVERED
outdoor_route_205,151,COVERED
outdoor_route_205,152,COVERED
outdoor_route_205,153,COVERED
outdoor_route_205,154,COVERED
outdoor_route_205,155,COVERED
outdoor_route_205,156,COVERED
outdoor_route_205,157,COVERED
outdoor_route_205,158,COVERED
outdoor_route_205,159,COVERED
outdoor_route_205,160,COVERED
outdoor_route_205,161,COVERED
outdoor_route_205,162,COVERED
outdoor_route_205,163,COVERED
outdoor_route_205,164,COVERED
outdoor_route_205,165,COVERED
outdoor_route_205,166,COVERED
outdoor_route_205,167,COVERED
outdoor_route_205,168,COVERED
outdoor_route_205,169,COVERED
outdoor_route_205,170,COVERED
outdoor_route_205,171,COVERED
outdoor_route_205,172,COVERED
outdoor_route_205,173,COVERED
outdoor_route_205,174,COVERED
outdoor_route_205,175,COVERED
outdoor_route_205,176,COVERED
outdoor_route_205,177,COVERED
outdoor_route_205,178,COVERED
outdoor_route_205,179,COVERED
outdoor_route_205,180,COVERED
outdoor_route_205,181,COVERED
outdoor_route_205,182,COVERED
outdoor_route_205,183,COVERED
outdoor_route_205,184,COVERED
outdoor_route_205,185,COVERED
outdoor_route_205,186,COVERED
outdoor_route_205,187,COVERED
outdoor_route_205,188,COVERED
outdoor_route_205,189,COVERED
outdoor_route_205,190,COVERED
outdoor_route_205,191,COVERED
outdoor_route_205,192,COVERED
outdoor_route_205,193,COVERED
outdoor_route_205,194,COVERED
outdoor_route_205,195,COVERED
outdoor_route_205,196,COVERED
outdoor_route_205,197,COVERED
outdoor_route_205,198,COVERED
outdoor_route_205,199,COVERED
outdoor_route_205,200,COVERED
outdoor_route_205,201,COVERED
outdoor_route_205,202,COVERED
outdoor_route_205,203,COVERED
outdoor_route_205,204,COVERED
outdoor_route_205,205,COVERED
outdoor_route_205,206,COVERED
outdoor_route_205,207,COVERED
outdoor_route_205,208,COVERED
outdoor_route_205,209,COVERED
outdoor_route_205,210,COVERED
outdoor_route_205,211,COVERED
outdoor_route_205,212,COVERED
outdoor_route_205,213,COVERED
outdoor_route_205,214,COVERED
outdoor_route_205,215,COVERED
outdoor_route_205,216,COVERED
outdoor_route_205,217,COVERED
outdoor_route_205,218,COVERED
outdoor_route_205,219,COVERED
outdoor_route_205,220,COVERED
outdoor_route_205,221,COVERED
outdoor_route_205,222,COVERED
outdoor_route_205,223,COVERED
outdoor_route_205,224,COVERED
outdoor_route_205,225,COVERED
outdoor_route_205,226,COVERED
outdoor_route_205,227,COVERED
outdoor_route_205,228,COVERED
outdoor_route_205,229,COVERED
outdoor_route_205,230,COVERED
outdoor_route_205,231,COVERED
outdoor_route_205,232,COVERED
outdoor_route_205,233,COVERED
outdoor_route_205,234,COVERED
outdoor_route_205,235,COVERED
outdoor_route_205,236,COVERED
outdoor_route_205,237,COVERED
outdoor_route_205,238,COVERED
outdoor_route_205,239,COVERED
outdoor_route_205,240,COVERED
outdoor_route_205,241,COVERED
outdoor_route_205,242,COVERED
outdoor_route_205,243,COVERED
outdoor_route_205,244,COVERED
outdoor_route_205,245,COVERED
outdoor_route_205,246,COVERED
outdoor_route_205,247,COVERED
outdoor_route_205,248,COVERED
outdoor_route_205,249,COVERED
outdoor_route_205,250,COVERED
outdoor_route_205,251,COVERED
outdoor_route_205,252,COVERED
outdoor_route_205,253,COVERED
outdoor_route_205,254,COVERED
outdoor_route_205,255,COVERED
indoor_twinleaf_rival,0,COVERED
indoor_twinleaf_rival,1,COVERED
indoor_twinleaf_rival,2,COVERED
indoor_twinleaf_rival,3,COVERED
indoor_twinleaf_rival,4,COVERED
indoor_twinleaf_rival,5,TOP
indoor_twinleaf_rival,6,TOP
indoor_twinleaf_rival,7,TOP
indoor_twinleaf_rival,8,COVERED
indoor_twinleaf_rival,9,COVERED
indoor_twinleaf_rival,10,COVERED
indoor_twinleaf_rival,11,COVERED
indoor_twinleaf_rival,12,COVERED
indoor_twinleaf_rival,13,TOP
indoor_twinleaf_rival,14,TOP
indoor_twinleaf_rival,15,TOP
indoor_twinleaf_rival,16,COVERED
indoor_twinleaf_rival,17,COVERED
indoor_twinleaf_rival,18,COVERED
indoor_twinleaf_rival,19,COVERED
indoor_twinleaf_rival,20,COVERED
indoor_twinleaf_rival,21,COVERED
indoor_twinleaf_rival,22,COVERED
indoor_twinleaf_rival,23,COVERED
indoor_twinleaf_rival,24,COVERED
indoor_twinleaf_rival,25,COVERED
indoor_twinleaf_rival,26,COVERED
indoor_twinleaf_rival,27,COVERED
indoor_twinleaf_rival,28,COVERED
indoor_twinleaf_rival,29,COVERED
indoor_twinleaf_rival,30,COVERED
indoor_twinleaf_rival,31,COVERED
indoor_twinleaf_rival,32,COVERED
indoor_twinleaf_rival,33,COVERED
indoor_twinleaf_rival,34,COVERED
indoor_twinleaf_rival,35,COVERED
indoor_twinleaf_rival,36,COVERED
indoor_twinleaf_rival,37,COVERED
indoor_twinleaf_rival,38,COVERED
indoor_twinleaf_rival,39,COVERED
indoor_twinleaf_rival,40,COVERED
indoor_twinleaf_rival,41,COVERED
indoor_twinleaf_rival,42,COVERED
indoor_twinleaf_rival,43,COVERED
indoor_twinleaf_rival,44,COVERED
indoor_twinleaf_rival,45,COVERED
indoor_twinleaf_rival,46,COVERED
indoor_twinleaf_rival,47,COVERED
indoor_twinleaf_rival,48,COVERED
indoor_twinleaf_rival,49,COVERED
indoor_twinleaf_rival,50,COVERED
indoor_twinleaf_rival,51,COVERED
indoor_twinleaf_rival,52,COVERED
indoor_twinleaf_rival,53,COVERED
indoor_twinleaf_rival,54,COVERED
indoor_twinleaf_rival,55,COVERED
indoor_twinleaf_rival,56,COVERED
indoor_twinleaf_rival,57,COVERED
indoor_twinleaf_rival,58,COVERED
indoor_twinleaf_rival,59,COVERED
indoor_twinleaf_rival,60,COVERED
indoor_twinleaf_rival,61,COVERED
indoor_twinleaf_rival,62,COVERED
indoor_twinleaf_rival,63,COVERED
indoor_twinleaf_rival,64,COVERED
indoor_twinleaf_rival,65,COVERED
indoor_twinleaf_rival,66,COVERED
indoor_twinleaf_rival,67,COVERED
indoor_twinleaf_rival,68,COVERED
indoor_twinleaf_rival,69,COVERED
indoor_twinleaf_rival,70,COVERED
indoor_twinleaf_rival,71,COVERED
indoor_twinleaf_rival,72,COVERED
indoor_twinleaf_rival,73,COVERED
indoor_twinleaf_rival,74,COVERED
indoor_twinleaf_rival,75,COVERED
indoor_twinleaf_rival,76,COVERED
indoor_twinleaf_rival,77,COVERED
indoor_twinleaf_rival,78,COVERED
indoor_twinleaf_rival,79,COVERED
indoor_twinleaf_rival,80,COVERED
indoor_twinleaf_rival,81,COVERED
indoor_twinleaf_rival,82,COVERED
indoor_twinleaf_rival,83,COVERED
indoor_twinleaf_rival,84,COVERED
indoor_twinleaf_rival,85,COVERED
indoor_twinleaf_rival,86,COVERED
indoor_twinleaf_rival,87,COVERED
indoor_twinleaf_rival,88,COVERED
indoor_twinleaf_rival,89,COVERED
indoor_twinleaf_rival,90,COVERED
indoor_twinleaf_rival,91,COVERED
indoor_twinleaf_rival,92,COVERED
indoor_twinleaf_rival,93,COVERED
indoor_twinleaf_rival,94,COVERED
indoor_twinleaf_rival,95,COVERED
indoor_twinleaf_rival,96,COVERED
indoor_twinleaf_rival,97,COVERED
indoor_twinleaf_rival,98,COVERED
indoor_twinleaf_rival,99,COVERED
indoor_twinleaf_rival,100,COVERED
indoor_twinleaf_rival,101,COVERED
indoor_twinleaf_rival,102,COVERED
indoor_twinleaf_rival,103,COVERED
indoor_twinleaf_rival,104,COVERED
indoor_twinleaf_rival,105,COVERED
indoor_twinleaf_rival,106,COVERED
indoor_twinleaf_rival,107,COVERED
indoor_twinleaf_rival,108,COVERED
indoor_twinleaf_rival,109,COVERED
indoor_twinleaf_rival,110,COVERED
indoor_twinleaf_rival,111,COVERED
indoor_twinleaf_rival,112,COVERED
indoor_twinleaf_rival,113,COVERED
indoor_twinleaf_rival,114,COVERED
indoor_twinleaf_rival,115,COVERED
indoor_twinleaf_rival,116,COVERED
indoor_twinleaf_rival,117,COVERED
indoor_twinleaf_rival,118,COVERED
indoor_twinleaf_rival,119,COVERED
indoor_twinleaf_rival,120,COVERED
indoor_twinleaf_rival,121,COVERED
indoor_twinleaf_rival,122,COVERED
indoor_twinleaf_rival,123,COVERED
indoor_twinleaf_rival,124,COVERED
indoor_twinleaf_rival,125,COVERED
indoor_twinleaf_rival,126,COVERED
indoor_twinleaf_rival,127,COVERED
indoor_sunyshore,0,COVERED
indoor_sunyshore,1,COVERED
indoor_sunyshore,2,COVERED
indoor_sunyshore,3,COVERED
indoor_sunyshore,4,COVERED
indoor_sunyshore,5,COVERED
indoor_sunyshore,6,COVERED
indoor_sunyshore,7,COVERED
indoor_sunyshore,8,SPLIT
indoor_sunyshore,9,SPLIT
indoor_sunyshore,10,COVERED
indoor_sunyshore,11,COVERED
indoor_sunyshore,12,COVERED
indoor_sunyshore,13,COVERED
indoor_sunyshore,14,COVERED
indoor_sunyshore,15,COVERED
indoor_sunyshore,16,COVERED
indoor_sunyshore,17,COVERED
indoor_sunyshore,18,COVERED
indoor_sunyshore,19,COVERED
indoor_sunyshore,20,COVERED
indoor_sunyshore,21,COVERED
indoor_sunyshore,22,COVERED
indoor_sunyshore,23,COVERED
indoor_sunyshore,24,COVERED
indoor_sunyshore,25,COVERED
indoor_sunyshore,26,COVERED
indoor_sunyshore,27,COVERED
indoor_sunyshore,28,COVERED
indoor_sunyshore,29,COVERED
indoor_sunyshore,30,COVERED
indoor_sunyshore,31,COVERED
indoor_sunyshore,32,TOP
indoor_sunyshore,33,TOP
indoor_sunyshore,34,COVERED
indoor_sunyshore,35,COVERED
indoor_sunyshore,36,COVERED
indoor_sunyshore,37,COVERED
indoor_sunyshore,38,COVERED
indoor_sunyshore,39,COVERED
indoor_sunyshore,40,COVERED
indoor_sunyshore,41,COVERED
indoor_sunyshore,42,COVERED
indoor_sunyshore,43,COVERED
indoor_sunyshore,44,COVERED
indoor_sunyshore,45,COVERED
indoor_sunyshore,46,COVERED
indoor_sunyshore,47,COVERED
indoor_sunyshore,48,COVERED
indoor_sunyshore,49,COVERED
indoor_sunyshore,50,COVERED
indoor_sunyshore,51,COVERED
indoor_sunyshore,52,COVERED
indoor_sunyshore,53,COVERED
indoor_sunyshore,54,COVERED
indoor_sunyshore,55,COVERED
indoor_sunyshore,56,COVERED
indoor_sunyshore,57,COVERED
indoor_sunyshore,58,COVERED
indoor_sunyshore,59,COVERED
indoor_sunyshore,60,COVERED
indoor_sunyshore,61,COVERED
indoor_sunyshore,62,COVERED
indoor_sunyshore,63,COVERED
indoor_sunyshore,64,COVERED
indoor_sunyshore,65,COVERED
indoor_sunyshore,66,COVERED
indoor_sunyshore,67,COVERED
indoor_sunyshore,68,COVERED
indoor_sunyshore,69,COVERED
indoor_sunyshore,70,COVERED
indoor_sunyshore,71,COVERED
indoor_sunyshore,72,COVERED
indoor_sunyshore,73,COVERED
indoor_sunyshore,74,COVERED
indoor_sunyshore,75,COVERED
indoor_sunyshore,76,COVERED
indoor_sunyshore,77,COVERED
indoor_sunyshore,78,COVERED
indoor_sunyshore,79,COVERED
indoor_sunyshore,80,COVERED
indoor_sunyshore,81,COVERED
indoor_sunyshore,82,COVERED
indoor_sunyshore,83,COVERED
indoor_sunyshore,84,COVERED
indoor_sunyshore,85,COVERED
indoor_sunyshore,86,COVERED
indoor_sunyshore,87,COVERED
indoor_sunyshore,88,COVERED
indoor_sunyshore,89,COVERED
indoor_sunyshore,90,COVERED
indoor_sunyshore,91,COVERED
indoor_sunyshore,92,COVERED
indoor_sunyshore,93,COVERED
indoor_sunyshore,94,COVERED
indoor_sunyshore,95,COVERED
indoor_sunyshore,96,COVERED
indoor_sunyshore,97,COVERED
indoor_sunyshore,98,COVERED
indoor_sunyshore,99,COVERED
indoor_sunyshore,100,COVERED
indoor_sunyshore,101,COVERED
indoor_sunyshore,102,COVERED
indoor_sunyshore,103,COVERED
indoor_sunyshore,104,COVERED
indoor_sunyshore,105,COVERED
indoor_sunyshore,106,COVERED
indoor_sunyshore,107,COVERED
indoor_sunyshore,108,COVERED
indoor_sunyshore,109,COVERED
indoor_sunyshore,110,COVERED
indoor_sunyshore,111,COVERED
indoor_sunyshore,112,COVERED
indoor_sunyshore,113,COVERED
indoor_sunyshore,114,COVERED
indoor_sunyshore,115,COVERED
indoor_sunyshore,116,COVERED
indoor_sunyshore,117,COVERED
indoor_sunyshore,118,COVERED
indoor_sunyshore,119,COVERED
indoor_sunyshore,120,COVERED
indoor_sunyshore,121,COVERED
indoor_sunyshore,122,COVERED
indoor_sunyshore,123,COVERED
indoor_sunyshore,124,COVERED
indoor_sunyshore,125,COVERED
indoor_sunyshore,126,COVERED
indoor_sunyshore,127,COVERED
indoor_center,0,COVERED
indoor_center,1,COVERED
indoor_center,2,COVERED
indoor_center,3,COVERED
indoor_center,4,TOP
indoor_center,5,SPLIT
indoor_center,6,TOP
indoor_center,7,COVERED
indoor_center,8,COVERED
indoor_center,9,COVERED
indoor_center,10,COVERED
indoor_center,11,COVERED
indoor_center,12,COVERED
indoor_center,13,TOP
indoor_center,14,COVERED
indoor_center,15,COVERED
indoor_center,16,COVERED
indoor_center,17,COVERED
indoor_center,18,COVERED
indoor_center,19,COVERED
indoor_center,20,COVERED
indoor_center,21,COVERED
indoor_center,22,COVERED
indoor_center,23,COVERED
indoor_center,24,COVERED
indoor_center,25,COVERED
indoor_center,26,COVERED
indoor_center,27,COVERED
indoor_center,28,COVERED
indoor_center,29,COVERED
indoor_center,30,COVERED
indoor_center,31,COVERED
indoor_center,32,COVERED
indoor_center,33,COVERED
indoor_center,34,COVERED
indoor_center,35,NORMAL
indoor_center,36,NORMAL
indoor_center,37,NORMAL
indoor_center,38,COVERED
indoor_center,39,COVERED
indoor_center,40,TOP
indoor_center,41,TOP
indoor_center,42,TOP
indoor_center,43,TOP
indoor_center,44,TOP
indoor_center,45,TOP
indoor_center,46,TOP
indoor_center,47,COVERED
indoor_center,48,COVERED
indoor_center,49,COVERED
indoor_center,50,COVERED
indoor_center,51,COVERED
indoor_center,52,COVERED
indoor_center,53,COVERED
indoor_center,54,COVERED
indoor_center,55,COVERED
indoor_center,56,TOP
indoor_center,57,COVERED
indoor_center,58,COVERED
indoor_center,59,COVERED
indoor_center,60,COVERED
indoor_center,61,COVERED
indoor_center,62,TOP
indoor_center,63,COVERED
indoor_center,64,COVERED
indoor_center,65,COVERED
indoor_center,66,COVERED
indoor_center,67,COVERED
indoor_center,68,COVERED
indoor_center,69,COVERED
indoor_center,70,COVERED
indoor_center,71,COVERED
indoor_center,72,TOP
indoor_center,73,COVERED
indoor_center,74,COVERED
indoor_center,75,COVERED
indoor_center,76,COVERED
indoor_center,77,COVERED
indoor_center,78,COVERED
indoor_center,79,COVERED
indoor_center,80,COVERED
indoor_center,81,COVERED
indoor_center,82,COVERED
indoor_center,83,COVERED
indoor_center,84,COVERED
indoor_center,85,COVERED
indoor_center,86,COVERED
indoor_center,87,COVERED
indoor_center,88,COVERED
indoor_center,89,COVERED
indoor_center,90,COVERED
indoor_center,91,COVERED
indoor_center,92,COVERED
indoor_center,93,COVERED
indoor_center,94,COVERED
indoor_center,95,COVERED
indoor_center,96,SPLIT
indoor_center,97,COVERED
indoor_center,98,NORMAL
indoor_center,99,NORMAL
indoor_center,100,COVERED
indoor_center,101,COVERED
indoor_center,102,COVERED
indoor_center,103,COVERED
indoor_center,104,NORMAL
indoor_center,105,NORMAL
indoor_center,106,COVERED
indoor_center,107,TOP
indoor_center,108,COVERED
indoor_center,109,COVERED
indoor_center,110,COVERED
indoor_center,111,COVERED
indoor_center,112,TOP
indoor_center,113,COVERED
indoor_center,114,COVERED
indoor_center,115,COVERED
indoor_center,116,COVERED
indoor_center,117,COVERED
indoor_center,118,COVERED
indoor_center,119,COVERED
indoor_center,120,COVERED
indoor_center,121,COVERED
indoor_center,122,COVERED
indoor_center,123,COVERED
indoor_center,124,COVERED
indoor_center,125,COVERED
indoor_center,126,COVERED
indoor_center,127,COVERED
indoor_sandgem_lab,0,COVERED
indoor_sandgem_lab,1,COVERED
indoor_sandgem_lab,2,COVERED
indoor_sandgem_lab,3,COVERED
indoor_sandgem_lab,4,COVERED
indoor_sandgem_lab,5,SPLIT
indoor_sandgem_lab,6,SPLIT
indoor_sandgem_lab,7,SPLIT
indoor_sandgem_lab,8,COVERED
indoor_sandgem_lab,9,COVERED
indoor_sandgem_lab,10,COVERED
indoor_sandgem_lab,11,COVERED
indoor_sandgem_lab,12,TOP
indoor_sandgem_lab,13,COVERED
indoor_sandgem_lab,14,COVERED
indoor_sandgem_lab,15,COVERED
indoor_sandgem_lab,16,COVERED
indoor_sandgem_lab,17,COVERED
indoor_sandgem_lab,18,COVERED
indoor_sandgem_lab,19,COVERED
indoor_sandgem_lab,20,COVERED
indoor_sandgem_lab,21,COVERED
indoor_sandgem_lab,22,COVERED
indoor_sandgem_lab,23,COVERED
indoor_sandgem_lab,24,COVERED
indoor_sandgem_lab,25,COVERED
indoor_sandgem_lab,26,COVERED
indoor_sandgem_lab,27,COVERED
indoor_sandgem_lab,28,COVERED
indoor_sandgem_lab,29,COVERED
indoor_sandgem_lab,30,COVERED
indoor_sandgem_lab,31,COVERED
indoor_sandgem_lab,32,COVERED
indoor_sandgem_lab,33,COVERED
indoor_sandgem_lab,34,COVERED
indoor_sandgem_lab,35,COVERED
indoor_sandgem_lab,36,SPLIT
indoor_sandgem_lab,37,SPLIT
indoor_sandgem_lab,38,COVERED
indoor_sandgem_lab,39,COVERED
indoor_sandgem_lab,40,COVERED
indoor_sandgem_lab,41,COVERED
indoor_sandgem_lab,42,COVERED
indoor_sandgem_lab,43,SPLIT
indoor_sandgem_lab,44,COVERED
indoor_sandgem_lab,45,COVERED
indoor_sandgem_lab,46,COVERED
indoor_sandgem_lab,47,COVERED
indoor_sandgem_lab,48,COVERED
indoor_sandgem_lab,49,COVERED
indoor_sandgem_lab,50,COVERED
indoor_sandgem_lab,51,COVERED
indoor_sandgem_lab,52,COVERED
indoor_sandgem_lab,53,COVERED
indoor_sandgem_lab,54,COVERED
indoor_sandgem_lab,55,COVERED
indoor_sandgem_lab,56,COVERED
indoor_sandgem_lab,57,COVERED
indoor_sandgem_lab,58,COVERED
indoor_sandgem_lab,59,COVERED
indoor_sandgem_lab,60,COVERED
indoor_sandgem_lab,61,COVERED
indoor_sandgem_lab,62,COVERED
indoor_sandgem_lab,63,COVERED
indoor_sandgem_lab,64,COVERED
indoor_sandgem_lab,65,COVERED
indoor_sandgem_lab,66,COVERED
indoor_sandgem_lab,67,COVERED
indoor_sandgem_lab,68,COVERED
indoor_sandgem_lab,69,COVERED
indoor_sandgem_lab,70,COVERED
indoor_sandgem_lab,71,COVERED
indoor_sandgem_lab,72,COVERED
indoor_sandgem_lab,73,COVERED
indoor_sandgem_lab,74,COVERED
indoor_sandgem_lab,75,COVERED
indoor_sandgem_lab,76,COVERED
indoor_sandgem_lab,77,COVERED
indoor_sandgem_lab,78,COVERED
indoor_sandgem_lab,79,COVERED
indoor_sandgem_lab,80,COVERED
indoor_sandgem_lab,81,COVERED
indoor_sandgem_lab,82,COVERED
indoor_sandgem_lab,83,COVERED
indoor_sandgem_lab,84,COVERED
indoor_sandgem_lab,85,COVERED
indoor_sandgem_lab,86,COVERED
indoor_sandgem_lab,87,COVERED
indoor_sandgem_lab,88,COVERED
indoor_sandgem_lab,89,COVERED
indoor_sandgem_lab,90,COVERED
indoor_sandgem_lab,91,COVERED
indoor_sandgem_lab,92,COVERED
indoor_sandgem_lab,93,COVERED
indoor_sandgem_lab,94,COVERED
indoor_sandgem_lab,95,COVERED
indoor_sandgem_lab,96,COVERED
indoor_sandgem_lab,97,COVERED
indoor_sandgem_lab,98,COVERED
indoor_sandgem_lab,99,COVERED
indoor_sandgem_lab,100,COVERED
indoor_sandgem_lab,101,COVERED
indoor_sandgem_lab,102,COVERED
indoor_sandgem_lab,103,COVERED
indoor_sandgem_lab,104,COVERED
indoor_sandgem_lab,105,COVERED
indoor_sandgem_lab,106,COVERED
indoor_sandgem_lab,107,COVERED
indoor_sandgem_lab,108,COVERED
indoor_sandgem_lab,109,COVERED
indoor_sandgem_lab,110,COVERED
indoor_sandgem_lab,111,COVERED
indoor_sandgem_lab,112,COVERED
indoor_sandgem_lab,113,COVERED
indoor_sandgem_lab,114,COVERED
indoor_sandgem_lab,115,COVERED
indoor_sandgem_lab,116,COVERED
indoor_sandgem_lab,117,COVERED
indoor_sandgem_lab,118,COVERED
indoor_sandgem_lab,119,COVERED
indoor_sandgem_lab,120,COVERED
indoor_sandgem_lab,121,COVERED
indoor_sandgem_lab,122,COVERED
indoor_sandgem_lab,123,COVERED
indoor_sandgem_lab,124,COVERED
indoor_sandgem_lab,125,COVERED
indoor_sandgem_lab,126,COVERED
indoor_sandgem_lab,127,COVERED
indoor_forest,0,COVERED
indoor_forest,1,COVERED
indoor_forest,2,SPLIT
indoor_forest,3,SPLIT
indoor_forest,4,SPLIT
indoor_forest,5,SPLIT
indoor_forest,6,SPLIT
indoor_forest,7,SPLIT
indoor_forest,8,COVERED
indoor_forest,9,COVERED
indoor_forest,10,SPLIT
indoor_forest,11,SPLIT
indoor_forest,12,SPLIT
indoor_forest,13,SPLIT
indoor_forest,14,SPLIT
indoor_forest,15,SPLIT
indoor_forest,16,COVERED
indoor_forest,17,COVERED
indoor_forest,18,COVERED
indoor_forest,19,SPLIT
indoor_forest,20,COVERED
indoor_forest,21,COVERED
indoor_forest,22,COVERED
indoor_forest,23,COVERED
indoor_forest,24,COVERED
indoor_forest,25,COVERED
indoor_forest,26,COVERED
indoor_forest,27,COVERED
indoor_forest,28,COVERED
indoor_forest,29,SPLIT
indoor_forest,30,SPLIT
indoor_forest,31,COVERED
indoor_forest,32,COVERED
indoor_forest,33,COVERED
indoor_forest,34,COVERED
indoor_forest,35,COVERED
indoor_forest,36,COVERED
indoor_forest,37,SPLIT
indoor_forest,38,SPLIT
indoor_forest,39,COVERED
indoor_forest,40,SPLIT
indoor_forest,41,SPLIT
indoor_forest,42,COVERED
indoor_forest,43,COVERED
indoor_forest,44,COVERED
indoor_forest,45,COVERED
indoor_forest,46,SPLIT
indoor_forest,47,SPLIT
indoor_forest,48,SPLIT
indoor_forest,49,SPLIT
indoor_forest,50,COVERED
indoor_forest,51,COVERED
indoor_forest,52,COVERED
indoor_forest,53,SPLIT
indoor_forest,54,SPLIT
indoor_forest,55,SPLIT
indoor_forest,56,SPLIT
indoor_forest,57,SPLIT
indoor_forest,58,COVERED
indoor_forest,59,COVERED
indoor_forest,60,COVERED
indoor_forest,61,COVERED
indoor_forest,62,COVERED
indoor_forest,63,COVERED
indoor_forest,64,COVERED
indoor_forest,65,COVERED
indoor_forest,66,COVERED
indoor_forest,67,SPLIT
indoor_forest,68,SPLIT
indoor_forest,69,COVERED
indoor_forest,70,COVERED
indoor_forest,71,COVERED
indoor_forest,72,COVERED
indoor_forest,73,COVERED
indoor_forest,74,COVERED
indoor_forest,75,SPLIT
indoor_forest,76,SPLIT
indoor_forest,77,COVERED
indoor_forest,78,COVERED
indoor_forest,79,COVERED
indoor_forest,80,COVERED
indoor_forest,81,COVERED
indoor_forest,82,COVERED
indoor_forest,83,SPLIT
indoor_forest,84,SPLIT
indoor_forest,85,COVERED
indoor_forest,86,COVERED
indoor_forest,87,COVERED
indoor_forest,88,SPLIT
indoor_forest,89,COVERED
indoor_forest,90,SPLIT
indoor_forest,91,SPLIT
indoor_forest,92,SPLIT
indoor_forest,93,SPLIT
indoor_forest,94,SPLIT
indoor_forest,95,COVERED
indoor_forest,96,SPLIT
indoor_forest,97,COVERED
indoor_forest,98,SPLIT
indoor_forest,99,COVERED
indoor_forest,100,COVERED
indoor_forest,101,COVERED
indoor_forest,102,COVERED
indoor_forest,103,SPLIT
indoor_forest,104,COVERED
indoor_forest,105,SPLIT
indoor_forest,106,COVERED
indoor_forest,107,COVERED
indoor_forest,108,COVERED
indoor_forest,109,COVERED
indoor_forest,110,COVERED
indoor_forest,111,COVERED
indoor_forest,112,COVERED
indoor_forest,113,COVERED
indoor_forest,114,COVERED
indoor_forest,115,SPLIT
indoor_forest,116,SPLIT
indoor_forest,117,COVERED
indoor_forest,118,COVERED
indoor_forest,119,COVERED
indoor_forest,120,COVERED
indoor_forest,121,COVERED
indoor_forest,122,COVERED
indoor_forest,123,SPLIT
indoor_forest,124,SPLIT
indoor_forest,125,COVERED
indoor_forest,126,COVERED
indoor_forest,127,COVERED
indoor_forest,128,TOP
indoor_forest,129,TOP
indoor_forest,130,TOP
indoor_forest,131,TOP
indoor_forest,132,TOP
indoor_forest,133,TOP
indoor_forest,134,TOP
indoor_forest,135,TOP
indoor_forest,136,TOP
indoor_forest,137,TOP
indoor_forest,138,TOP
indoor_forest,139,TOP
indoor_forest,140,TOP
indoor_forest,141,TOP
indoor_forest,142,TOP
indoor_forest,143,TOP
indoor_forest,144,TOP
indoor_forest,145,TOP
indoor_forest,146,TOP
indoor_forest,147,TOP
indoor_forest,148,TOP
indoor_forest,149,TOP
indoor_forest,150,TOP
indoor_forest,151,TOP
indoor_forest,152,TOP
indoor_forest,153,TOP
indoor_forest,154,TOP
indoor_forest,155,TOP
indoor_forest,156,TOP
indoor_forest,157,TOP
indoor_forest,158,TOP
indoor_forest,159,TOP
indoor_forest,160,TOP
indoor_forest,161,TOP
indoor_forest,162,TOP
indoor_forest,163,TOP
indoor_forest,164,TOP
indoor_forest,165,TOP
indoor_forest,166,TOP
indoor_forest,167,TOP
indoor_forest,168,TOP
indoor_forest,169,TOP
indoor_forest,170,TOP
indoor_forest,171,TOP
indoor_forest,172,TOP
indoor_forest,173,TOP
indoor_forest,174,TOP
indoor_forest,175,TOP
indoor_forest,176,TOP
indoor_forest,177,TOP
indoor_forest,178,TOP
indoor_forest,179,TOP
indoor_forest,180,TOP
indoor_forest,181,TOP
indoor_forest,182,TOP
indoor_forest,183,TOP
indoor_forest,184,TOP
indoor_forest,185,TOP
indoor_forest,186,TOP
indoor_forest,187,TOP
indoor_forest,188,TOP
indoor_forest,189,TOP
indoor_forest,190,TOP
indoor_forest,191,TOP
indoor_forest,192,TOP
indoor_forest,193,TOP
indoor_forest,194,TOP
indoor_forest,195,TOP
indoor_forest,196,TOP
indoor_forest,197,TOP
indoor_forest,198,TOP
indoor_forest,199,TOP
indoor_forest,200,TOP
indoor_forest,201,TOP
indoor_forest,202,TOP
indoor_forest,203,TOP
indoor_forest,204,TOP
indoor_forest,205,TOP
indoor_forest,206,TOP
indoor_forest,207,TOP
indoor_forest,208,TOP
indoor_forest,209,TOP
indoor_forest,210,TOP
indoor_forest,211,TOP
indoor_forest,212,TOP
indoor_forest,213,TOP
indoor_forest,214,TOP
indoor_forest,215,TOP
indoor_forest,216,TOP
indoor_forest,217,TOP
indoor_forest,218,TOP
indoor_forest,219,TOP
indoor_forest,220,TOP
indoor_forest,221,TOP
indoor_forest,222,COVERED
indoor_forest,223,COVERED
indoor_forest,224,COVERED
indoor_forest,225,COVERED
indoor_forest,226,COVERED
indoor_forest,227,COVERED
indoor_forest,228,COVERED
indoor_forest,229,COVERED
indoor_forest,230,COVERED
indoor_forest,231,COVERED
indoor_forest,232,COVERED
indoor_forest,233,COVERED
indoor_forest,234,COVERED
indoor_forest,235,COVERED
indoor_forest,236,COVERED
indoor_forest,237,COVERED
indoor_forest,238,COVERED
indoor_forest,239,COVERED
indoor_forest,240,COVERED
indoor_forest,241,COVERED
indoor_forest,242,COVERED
indoor_forest,243,COVERED
indoor_forest,244,COVERED
indoor_forest,245,COVERED
indoor_forest,246,COVERED
indoor_forest,247,COVERED
indoor_forest,248,COVERED
indoor_forest,249,COVERED
indoor_forest,250,COVERED
indoor_forest,251,COVERED
indoor_forest,252,COVERED
indoor_forest,253,COVERED
indoor_forest,254,COVERED
indoor_forest,255,COVERED
outdoor_eterna,0,COVERED
outdoor_eterna,1,COVERED
outdoor_eterna,2,COVERED
outdoor_eterna,3,COVERED
outdoor_eterna,4,COVERED
outdoor_eterna,5,COVERED
outdoor_eterna,6,COVERED
outdoor_eterna,7,COVERED
outdoor_eterna,8,COVERED
outdoor_eterna,9,COVERED
outdoor_eterna,10,COVERED
outdoor_eterna,11,COVERED
outdoor_eterna,12,COVERED
outdoor_eterna,13,COVERED
outdoor_eterna,14,COVERED
outdoor_eterna,15,COVERED
outdoor_eterna,16,COVERED
outdoor_eterna,17,TOP
outdoor_eterna,18,COVERED
outdoor_eterna,19,COVERED
outdoor_eterna,20,TOP
outdoor_eterna,21,COVERED
outdoor_eterna,22,COVERED
outdoor_eterna,23,COVERED
outdoor_eterna,24,COVERED
outdoor_eterna,25,COVERED
outdoor_eterna,26,COVERED
outdoor_eterna,27,COVERED
outdoor_eterna,28,COVERED
outdoor_eterna,29,COVERED
outdoor_eterna,30,COVERED
outdoor_eterna,31,COVERED
outdoor_eterna,32,COVERED
outdoor_eterna,33,COVERED
outdoor_eterna,34,COVERED
outdoor_eterna,35,COVERED
outdoor_eterna,36,COVERED
outdoor_eterna,37,COVERED
outdoor_eterna,38,COVERED
outdoor_eterna,39,COVERED
outdoor_eterna,40,COVERED
outdoor_eterna,41,COVERED
outdoor_eterna,42,COVERED
outdoor_eterna,43,COVERED
outdoor_eterna,44,COVERED
outdoor_eterna,45,COVERED
outdoor_eterna,46,COVERED
outdoor_eterna,47,COVERED
outdoor_eterna,48,COVERED
outdoor_eterna,49,COVERED
outdoor_eterna,50,COVERED
outdoor_eterna,51,COVERED
outdoor_eterna,52,COVERED
outdoor_eterna,53,COVERED
outdoor_eterna,54,COVERED
outdoor_eterna,55,COVERED
outdoor_eterna,56,SPLIT
outdoor_eterna,57,SPLIT
outdoor_eterna,58,COVERED
outdoor_eterna,59,NORMAL
outdoor_eterna,60,NORMAL
outdoor_eterna,61,SPLIT
outdoor_eterna,62,COVERED
outdoor_eterna,63,COVERED
outdoor_eterna,64,SPLIT
outdoor_eterna,65,SPLIT
outdoor_eterna,66,COVERED
outdoor_eterna,67,COVERED
outdoor_eterna,68,COVERED
outdoor_eterna,69,COVERED
outdoor_eterna,70,TOP
outdoor_eterna,71,TOP
outdoor_eterna,72,COVERED
outdoor_eterna,73,COVERED
outdoor_eterna,74,COVERED
outdoor_eterna,75,COVERED
outdoor_eterna,76,COVERED
outdoor_eterna,77,COVERED
outdoor_eterna,78,COVERED
outdoor_eterna,79,COVERED
outdoor_eterna,80,COVERED
outdoor_eterna,81,COVERED
outdoor_eterna,82,COVERED
outdoor_eterna,83,COVERED
outdoor_eterna,84,COVERED
outdoor_eterna,85,COVERED
outdoor_eterna,86,COVERED
outdoor_eterna,87,COVERED
outdoor_eterna,88,COVERED
outdoor_eterna,89,COVERED
outdoor_eterna,90,COVERED
outdoor_eterna,91,COVERED
outdoor_eterna,92,COVERED
outdoor_eterna,93,COVERED
outdoor_eterna,94,COVERED
outdoor_eterna,95,COVERED
outdoor_eterna,96,COVERED
outdoor_eterna,97,COVERED
outdoor_eterna,98,COVERED
outdoor_eterna,99,COVERED
outdoor_eterna,100,COVERED
outdoor_eterna,101,COVERED
outdoor_eterna,102,COVERED
outdoor_eterna,103,COVERED
outdoor_eterna,104,COVERED
outdoor_eterna,105,COVERED
outdoor_eterna,106,COVERED
outdoor_eterna,107,COVERED
outdoor_eterna,108,COVERED
outdoor_eterna,109,COVERED
outdoor_eterna,110,COVERED
outdoor_eterna,111,COVERED
outdoor_eterna,112,COVERED
outdoor_eterna,113,COVERED
outdoor_eterna,114,COVERED
outdoor_eterna,115,COVERED
outdoor_eterna,116,COVERED
outdoor_eterna,117,COVERED
outdoor_eterna,118,COVERED
outdoor_eterna,119,COVERED
outdoor_eterna,120,COVERED
outdoor_eterna,121,COVERED
outdoor_eterna,122,COVERED
outdoor_eterna,123,COVERED
outdoor_eterna,124,COVERED
outdoor_eterna,125,COVERED
outdoor_eterna,126,COVERED
outdoor_eterna,127,COVERED
outdoor_jubilife,0,COVERED
outdoor_jubilife,1,COVERED
outdoor_jubilife,2,NORMAL
outdoor_jubilife,3,NORMAL
outdoor_jubilife,4,NORMAL
outdoor_jubilife,5,NORMAL
outdoor_jubilife,6,NORMAL
outdoor_jubilife,7,NORMAL
outdoor_jubilife,8,COVERED
outdoor_jubilife,9,COVERED
outdoor_jubilife,10,SPLIT
outdoor_jubilife,11,SPLIT
outdoor_jubilife,12,SPLIT
outdoor_jubilife,13,TOP
outdoor_jubilife,14,TOP
outdoor_jubilife,15,SPLIT
outdoor_jubilife,16,COVERED
outdoor_jubilife,17,COVERED
outdoor_jubilife,18,COVERED
outdoor_jubilife,19,TOP
outdoor_jubilife,20,NORMAL
outdoor_jubilife,21,COVERED
outdoor_jubilife,22,COVERED
outdoor_jubilife,23,NORMAL
outdoor_jubilife,24,COVERED
outdoor_jubilife,25,COVERED
outdoor_jubilife,26,COVERED
outdoor_jubilife,27,COVERED
outdoor_jubilife,28,COVERED
outdoor_jubilife,29,COVERED
outdoor_jubilife,30,COVERED
outdoor_jubilife,31,COVERED
outdoor_jubilife,32,COVERED
outdoor_jubilife,33,COVERED
outdoor_jubilife,34,COVERED
outdoor_jubilife,35,COVERED
outdoor_jubilife,36,COVERED
outdoor_jubilife,37,NORMAL
outdoor_jubilife,38,NORMAL
outdoor_jubilife,39,COVERED
outdoor_jubilife,40,SPLIT
outdoor_jubilife,41,SPLIT
outdoor_jubilife,42,COVERED
outdoor_jubilife,43,COVERED
outdoor_jubilife,44,NORMAL
outdoor_jubilife,45,SPLIT
outdoor_jubilife,46,SPLIT
outdoor_jubilife,47,SPLIT
outdoor_jubilife,48,SPLIT
outdoor_jubilife,49,SPLIT
outdoor_jubilife,50,COVERED
outdoor_jubilife,51,COVERED
outdoor_jubilife,52,COVERED
outdoor_jubilife,53,SPLIT
outdoor_jubilife,54,SPLIT
outdoor_jubilife,55,SPLIT
outdoor_jubilife,56,SPLIT
outdoor_jubilife,57,SPLIT
outdoor_jubilife,58,COVERED
outdoor_jubilife,59,COVERED
outdoor_jubilife,60,COVERED
outdoor_jubilife,61,NORMAL
outdoor_jubilife,62,NORMAL
outdoor_jubilife,63,SPLIT
outdoor_jubilife,64,COVERED
outdoor_jubilife,65,TOP
outdoor_jubilife,66,COVERED
outdoor_jubilife,67,TOP
outdoor_jubilife,68,TOP
outdoor_jubilife,69,NORMAL
outdoor_jubilife,70,NORMAL
outdoor_jubilife,71,COVERED
outdoor_jubilife,72,COVERED
outdoor_jubilife,73,TOP
outdoor_jubilife,74,COVERED
outdoor_jubilife,75,TOP
outdoor_jubilife,76,TOP
outdoor_jubilife,77,NORMAL
outdoor_jubilife,78,NORMAL
outdoor_jubilife,79,COVERED
outdoor_jubilife,80,COVERED
outdoor_jubilife,81,TOP
outdoor_jubilife,82,COVERED
outdoor_jubilife,83,TOP
outdoor_jubilife,84,TOP
outdoor_jubilife,85,NORMAL
outdoor_jubilife,86,NORMAL
outdoor_jubilife,87,SPLIT
outdoor_jubilife,88,COVERED
outdoor_jubilife,89,COVERED
outdoor_jubilife,90,COVERED
outdoor_jubilife,91,TOP
outdoor_jubilife,92,TOP
outdoor_jubilife,93,TOP
outdoor_jubilife,94,TOP
outdoor_jubilife,95,SPLIT
outdoor_jubilife,96,COVERED
outdoor_jubilife,97,TOP
outdoor_jubilife,98,COVERED
outdoor_jubilife,99,TOP
outdoor_jubilife,100,TOP
outdoor_jubilife,101,TOP
outdoor_jubilife,102,SPLIT
outdoor_jubilife,103,COVERED
outdoor_jubilife,104,COVERED
outdoor_jubilife,105,COVERED
outdoor_jubilife,106,COVERED
outdoor_jubilife,107,TOP
outdoor_jubilife,108,TOP
outdoor_jubilife,109,TOP
outdoor_jubilife,110,COVERED
outdoor_jubilife,111,COVERED
outdoor_jubilife,112,COVERED
outdoor_jubilife,113,COVERED
outdoor_jubilife,114,COVERED
outdoor_jubilife,115,COVERED
outdoor_jubilife,116,COVERED
outdoor_jubilife,117,COVERED
outdoor_jubilife,118,COVERED
outdoor_jubilife,119,COVERED
outdoor_jubilife,120,COVERED
outdoor_jubilife,121,COVERED
outdoor_jubilife,122,COVERED
outdoor_jubilife,123,COVERED
outdoor_jubilife,124,COVERED
outdoor_jubilife,125,COVERED
outdoor_jubilife,126,COVERED
outdoor_jubilife,127,COVERED
outdoor_jubilife,128,COVERED
outdoor_jubilife,129,COVERED
outdoor_jubilife,130,COVERED
outdoor_jubilife,131,COVERED
outdoor_jubilife,132,COVERED
outdoor_jubilife,133,COVERED
outdoor_jubilife,134,COVERED
outdoor_jubilife,135,COVERED
outdoor_jubilife,136,COVERED
outdoor_jubilife,137,COVERED
outdoor_jubilife,138,COVERED
outdoor_jubilife,139,COVERED
outdoor_jubilife,140,COVERED
outdoor_jubilife,141,COVERED
outdoor_jubilife,142,COVERED
outdoor_jubilife,143,COVERED
outdoor_jubilife,144,COVERED
outdoor_jubilife,145,COVERED
outdoor_jubilife,146,COVERED
outdoor_jubilife,147,NORMAL
outdoor_jubilife,148,NORMAL
outdoor_jubilife,149,SPLIT
outdoor_jubilife,150,SPLIT
outdoor_jubilife,151,NORMAL
outdoor_jubilife,152,COVERED
outdoor_jubilife,153,TOP
outdoor_jubilife,154,COVERED
outdoor_jubilife,155,SPLIT
outdoor_jubilife,156,SPLIT
outdoor_jubilife,157,COVERED
outdoor_jubilife,158,COVERED
outdoor_jubilife,159,NORMAL
outdoor_jubilife,160,COVERED
outdoor_jubilife,161,COVERED
outdoor_jubilife,162,COVERED
outdoor_jubilife,163,COVERED
outdoor_jubilife,164,COVERED
outdoor_jubilife,165,COVERED
outdoor_jubilife,166,COVERED
outdoor_jubilife,167,COVERED
outdoor_jubilife,168,COVERED
outdoor_jubilife,169,COVERED
outdoor_jubilife,170,COVERED
outdoor_jubilife,171,COVERED
outdoor_jubilife,172,COVERED
outdoor_jubilife,173,NORMAL
outdoor_jubilife,174,NORMAL
outdoor_jubilife,175,SPLIT
outdoor_jubilife,176,COVERED
outdoor_jubilife,177,COVERED
outdoor_jubilife,178,COVERED
outdoor_jubilife,179,COVERED
outdoor_jubilife,180,COVERED
outdoor_jubilife,181,COVERED
outdoor_jubilife,182,COVERED
outdoor_jubilife,183,COVERED
outdoor_jubilife,184,COVERED
outdoor_jubilife,185,COVERED
outdoor_jubilife,186,COVERED
outdoor_jubilife,187,COVERED
outdoor_jubilife,188,COVERED
outdoor_jubilife,189,COVERED
outdoor_jubilife,190,COVERED
outdoor_jubilife,191,COVERED
outdoor_jubilife,192,COVERED
outdoor_jubilife,193,COVERED
outdoor_jubilife,194,COVERED
outdoor_jubilife,195,COVERED
outdoor_jubilife,196,COVERED
outdoor_jubilife,197,COVERED
outdoor_jubilife,198,COVERED
outdoor_jubilife,199,COVERED
outdoor_jubilife,200,COVERED
outdoor_jubilife,201,COVERED
outdoor_jubilife,202,COVERED
outdoor_jubilife,203,COVERED
outdoor_jubilife,204,COVERED
outdoor_jubilife,205,COVERED
outdoor_jubilife,206,COVERED
outdoor_jubilife,207,COVERED
outdoor_jubilife,208,COVERED
outdoor_jubilife,209,COVERED
outdoor_jubilife,210,COVERED
outdoor_jubilife,211,COVERED
outdoor_jubilife,212,COVERED
outdoor_jubilife,213,COVERED
outdoor_jubilife,214,COVERED
outdoor_jubilife,215,COVERED
outdoor_jubilife,216,COVERED
outdoor_jubilife,217,COVERED
outdoor_jubilife,218,COVERED
outdoor_jubilife,219,COVERED
outdoor_jubilife,220,COVERED
outdoor_jubilife,221,COVERED
outdoor_jubilife,222,COVERED
outdoor_jubilife,223,COVERED
outdoor_jubilife,224,COVERED
outdoor_jubilife,225,COVERED
outdoor_jubilife,226,COVERED
outdoor_jubilife,227,COVERED
outdoor_jubilife,228,COVERED
outdoor_jubilife,229,COVERED
outdoor_jubilife,230,COVERED
outdoor_jubilife,231,COVERED
outdoor_jubilife,232,COVERED
outdoor_jubilife,233,COVERED
outdoor_jubilife,234,COVERED
outdoor_jubilife,235,COVERED
outdoor_jubilife,236,COVERED
outdoor_jubilife,237,COVERED
outdoor_jubilife,238,COVERED
outdoor_jubilife,239,COVERED
outdoor_jubilife,240,COVERED
outdoor_jubilife,241,COVERED
outdoor_jubilife,242,COVERED
outdoor_jubilife,243,COVERED
outdoor_jubilife,244,COVERED
outdoor_jubilife,245,COVERED
outdoor_jubilife,246,COVERED
outdoor_jubilife,247,COVERED
outdoor_jubilife,248,COVERED
outdoor_jubilife,249,COVERED
outdoor_jubilife,250,COVERED
outdoor_jubilife,251,COVERED
outdoor_jubilife,252,COVERED
outdoor_jubilife,253,COVERED
outdoor_jubilife,254,COVERED
outdoor_jubilife,255,COVERED
building,0,COVERED
building,1,TOP
building,2,TOP
building,3,TOP
building,4,TOP
building,5,TOP
building,6,TOP
building,7,TOP
secret_base,0,COVERED
secret_base,1,TOP
cave_coronet,0,COVERED
cave_coronet,1,COVERED
cave_coronet,2,COVERED
cave_coronet,3,SPLIT
cave_coronet,4,SPLIT
cave_coronet,5,COVERED
cave_coronet,6,COVERED
cave_coronet,7,COVERED
cave_coronet,8,COVERED
cave_coronet,9,COVERED
cave_coronet,10,COVERED
cave_coronet,11,COVERED
cave_coronet,12,COVERED
cave_coronet,13,TOP
cave_coronet,14,COVERED
cave_coronet,15,TOP
cave_coronet,16,COVERED
cave_coronet,17,COVERED
cave_coronet,18,COVERED
cave_coronet,19,COVERED
cave_coronet,20,COVERED
cave_coronet,21,COVERED
cave_coronet,22,TOP
cave_coronet,23,COVERED
cave_coronet,24,COVERED
cave_coronet,25,COVERED
cave_coronet,26,COVERED
cave_coronet,27,SPLIT
cave_coronet,28,SPLIT
cave_coronet,29,COVERED
cave_coronet,30,COVERED
cave_coronet,31,COVERED
cave_coronet,32,COVERED
cave_coronet,33,COVERED
cave_coronet,34,COVERED
cave_coronet,35,COVERED
cave_coronet,36,COVERED
cave_coronet,37,COVERED
cave_coronet,38,COVERED
cave_coronet,39,COVERED
cave_coronet,40,NORMAL
cave_coronet,41,NORMAL
cave_coronet,42,COVERED
cave_coronet,43,COVERED
cave_coronet,44,COVERED
cave_coronet,45,COVERED
cave_coronet,46,COVERED
cave_coronet,47,COVERED
cave_coronet,48,TOP
cave_coronet,49,COVERED
cave_coronet,50,COVERED
cave_coronet,51,COVERED
cave_coronet,52,COVERED
cave_coronet,53,COVERED
cave_coronet,54,COVERED
cave_coronet,55,COVERED
cave_coronet,56,COVERED
cave_coronet,57,COVERED
cave_coronet,58,COVERED
cave_coronet,59,COVERED
cave_coronet,60,COVERED
cave_coronet,61,COVERED
cave_coronet,62,COVERED
cave_coronet,63,COVERED
cave_coronet,64,COVERED
cave_coronet,65,COVERED
cave_coronet,66,COVERED
cave_coronet,67,COVERED
cave_coronet,68,COVERED
cave_coronet,69,COVERED
cave_coronet,70,COVERED
cave_coronet,71,COVERED
cave_coronet,72,COVERED
cave_coronet,73,COVERED
cave_coronet,74,COVERED
cave_coronet,75,COVERED
cave_coronet,76,COVERED
cave_coronet,77,COVERED
cave_coronet,78,COVERED
cave_coronet,79,COVERED
cave_coronet,80,COVERED
cave_coronet,81,COVERED
cave_coronet,82,COVERED
cave_coronet,83,COVERED
cave_coronet,84,COVERED
cave_coronet,85,COVERED
cave_coronet,86,COVERED
cave_coronet,87,COVERED
cave_coronet,88,COVERED
cave_coronet,89,COVERED
cave_coronet,90,COVERED
cave_coronet,91,COVERED
cave_coronet,92,COVERED
cave_coronet,93,COVERED
cave_coronet,94,COVERED
cave_coronet,95,COVERED
cave_coronet,96,COVERED
cave_coronet,97,COVERED
cave_coronet,98,COVERED
cave_coronet,99,COVERED
cave_coronet,100,COVERED
cave_coronet,101,COVERED
cave_coronet,102,COVERED
cave_coronet,103,COVERED
cave_coronet,104,COVERED
cave_coronet,105,COVERED
cave_coronet,106,COVERED
cave_coronet,107,COVERED
cave_coronet,108,COVERED
cave_coronet,109,COVERED
cave_coronet,110,COVERED
cave_coronet,111,COVERED
cave_coronet,112,COVERED
cave_coronet,113,COVERED
cave_coronet,114,COVERED
cave_coronet,115,COVERED
cave_coronet,116,COVERED
cave_coronet,117,COVERED
cave_coronet,118,COVERED
cave_coronet,119,COVERED
cave_coronet,120,COVERED
cave_coronet,121,COVERED
cave_coronet,122,COVERED
cave_coronet,123,COVERED
cave_coronet,124,COVERED
cave_coronet,125,COVERED
cave_coronet,126,COVERED
cave_coronet,127,COVERED
cave_oreburgh,0,COVERED
cave_oreburgh,1,COVERED
cave_oreburgh,2,COVERED
cave_oreburgh,3,COVERED
cave_oreburgh,4,COVERED
cave_oreburgh,5,COVERED
cave_oreburgh,6,COVERED
cave_oreburgh,7,COVERED
cave_oreburgh,8,COVERED
cave_oreburgh,9,COVERED
cave_oreburgh,10,COVERED
cave_oreburgh,11,COVERED
cave_oreburgh,12,COVERED
cave_oreburgh,13,COVERED
cave_oreburgh,14,COVERED
cave_oreburgh,15,COVERED
cave_oreburgh,16,COVERED
cave_oreburgh,17,COVERED
cave_oreburgh,18,COVERED
cave_oreburgh,19,COVERED
cave_oreburgh,20,COVERED
cave_oreburgh,21,COVERED
cave_oreburgh,22,COVERED
cave_oreburgh,23,COVERED
cave_oreburgh,24,COVERED
cave_oreburgh,25,COVERED
cave_oreburgh,26,COVERED
cave_oreburgh,27,NORMAL
cave_oreburgh,28,NORMAL
cave_oreburgh,29,COVERED
cave_oreburgh,30,COVERED
cave_oreburgh,31,COVERED
cave_oreburgh,32,COVERED
cave_oreburgh,33,COVERED
cave_oreburgh,34,COVERED
cave_oreburgh,35,COVERED
cave_oreburgh,36,COVERED
cave_oreburgh,37,COVERED
cave_oreburgh,38,COVERED
cave_oreburgh,39,COVERED
cave_oreburgh,40,COVERED
cave_oreburgh,41,COVERED
cave_oreburgh,42,COVERED
cave_oreburgh,43,COVERED
cave_oreburgh,44,COVERED
cave_oreburgh,45,COVERED
cave_oreburgh,46,COVERED
cave_oreburgh,47,COVERED
cave_oreburgh,48,COVERED
cave_oreburgh,49,COVERED
cave_oreburgh,50,COVERED
cave_oreburgh,51,COVERED
cave_oreburgh,52,COVERED
cave_oreburgh,53,COVERED
cave_oreburgh,54,COVERED
cave_oreburgh,55,COVERED
cave_oreburgh,56,COVERED
cave_oreburgh,57,COVERED
cave_oreburgh,58,COVERED
cave_oreburgh,59,COVERED
cave_oreburgh,60,COVERED
cave_oreburgh,61,COVERED
cave_oreburgh,62,COVERED
cave_oreburgh,63,COVERED
cave_oreburgh,64,COVERED
cave_oreburgh,65,COVERED
cave_oreburgh,66,COVERED
cave_oreburgh,67,COVERED
cave_oreburgh,68,COVERED
cave_oreburgh,69,COVERED
cave_oreburgh,70,COVERED
cave_oreburgh,71,COVERED
cave_oreburgh,72,COVERED
cave_oreburgh,73,COVERED
cave_oreburgh,74,COVERED
cave_oreburgh,75,NORMAL
cave_oreburgh,76,NORMAL
cave_oreburgh,77,COVERED
cave_oreburgh,78,COVERED
cave_oreburgh,79,COVERED
cave_oreburgh,80,COVERED
cave_oreburgh,81,COVERED
cave_oreburgh,82,COVERED
cave_oreburgh,83,SPLIT
cave_oreburgh,84,SPLIT
cave_oreburgh,85,SPLIT
cave_oreburgh,86,COVERED
cave_oreburgh,87,COVERED
cave_oreburgh,88,COVERED
cave_oreburgh,89,COVERED
cave_oreburgh,90,COVERED
cave_oreburgh,91,TOP
cave_oreburgh,92,COVERED
cave_oreburgh,93,TOP
cave_oreburgh,94,TOP
cave_oreburgh,95,SPLIT
cave_oreburgh,96,TOP
cave_oreburgh,97,TOP
cave_oreburgh,98,TOP
cave_oreburgh,99,TOP
cave_oreburgh,100,COVERED
cave_oreburgh,101,TOP
cave_oreburgh,102,TOP
cave_oreburgh,103,COVERED
cave_oreburgh,104,TOP
cave_oreburgh,105,TOP
cave_oreburgh,106,TOP
cave_oreburgh,107,COVERED
cave_oreburgh,108,COVERED
cave_oreburgh,109,TOP
cave_oreburgh,110,TOP
cave_oreburgh,111,COVERED
cave_oreburgh,112,TOP
cave_oreburgh,113,TOP
cave_oreburgh,114,TOP
cave_oreburgh,115,TOP
cave_oreburgh,116,TOP
cave_oreburgh,117,TOP
cave_oreburgh,118,TOP
cave_oreburgh,119,COVERED
cave_oreburgh,120,TOP
cave_oreburgh,121,TOP
cave_oreburgh,122,TOP
cave_oreburgh,123,TOP
cave_oreburgh,124,COVERED
cave_oreburgh,125,TOP
cave_oreburgh,126,TOP
cave_oreburgh,127,COVERED
cave_oreburgh,128,TOP
cave_oreburgh,129,TOP
cave_oreburgh,130,TOP
cave_oreburgh,131,TOP
cave_oreburgh,132,COVERED
cave_oreburgh,133,TOP
cave_oreburgh,134,TOP
cave_oreburgh,135,COVERED
cave_oreburgh,136,TOP
cave_oreburgh,137,TOP
cave_oreburgh,138,TOP
cave_oreburgh,139,COVERED
cave_oreburgh,140,COVERED
cave_oreburgh,141,TOP
cave_oreburgh,142,TOP
cave_oreburgh,143,TOP
cave_oreburgh,144,COVERED
cave_oreburgh,145,COVERED
cave_oreburgh,146,COVERED
cave_oreburgh,147,COVERED
cave_oreburgh,148,COVERED
cave_oreburgh,149,COVERED
cave_oreburgh,150,COVERED
cave_oreburgh,151,COVERED
cave_oreburgh,152,COVERED
cave_oreburgh,153,COVERED
cave_oreburgh,154,COVERED
cave_oreburgh,155,COVERED
cave_oreburgh,156,COVERED
cave_oreburgh,157,COVERED
cave_oreburgh,158,COVERED
cave_oreburgh,159,COVERED
cave_oreburgh,160,COVERED
cave_oreburgh,161,COVERED
cave_oreburgh,162,COVERED
cave_oreburgh,163,COVERED
cave_oreburgh,164,COVERED
cave_oreburgh,165,COVERED
cave_oreburgh,166,COVERED
cave_oreburgh,167,COVERED
cave_oreburgh,168,COVERED
cave_oreburgh,169,COVERED
cave_oreburgh,170,COVERED
cave_oreburgh,171,COVERED
cave_oreburgh,172,COVERED
cave_oreburgh,173,COVERED
cave_oreburgh,174,COVERED
cave_oreburgh,175,COVERED
cave_oreburgh,176,COVERED
cave_oreburgh,177,COVERED
cave_oreburgh,178,COVERED
cave_oreburgh,179,COVERED
cave_oreburgh,180,COVERED
cave_oreburgh,181,COVERED
cave_oreburgh,182,COVERED
cave_oreburgh,183,COVERED
cave_oreburgh,184,COVERED
cave_oreburgh,185,COVERED
cave_oreburgh,186,COVERED
cave_oreburgh,187,COVERED
cave_oreburgh,188,COVERED
cave_oreburgh,189,COVERED
cave_oreburgh,190,COVERED
cave_oreburgh,191,COVERED
cave_oreburgh,192,COVERED
cave_oreburgh,193,COVERED
cave_oreburgh,194,COVERED
cave_oreburgh,195,COVERED
cave_oreburgh,196,COVERED
cave_oreburgh,197,COVERED
cave_oreburgh,198,COVERED
cave_oreburgh,199,COVERED
cave_oreburgh,200,COVERED
cave_oreburgh,201,COVERED
cave_oreburgh,202,COVERED
cave_oreburgh,203,COVERED
cave_oreburgh,204,COVERED
cave_oreburgh,205,COVERED
cave_oreburgh,206,COVERED
cave_oreburgh,207,COVERED
cave_oreburgh,208,COVERED
cave_oreburgh,209,COVERED
cave_oreburgh,210,COVERED
cave_oreburgh,211,COVERED
cave_oreburgh,212,COVERED
cave_oreburgh,213,COVERED
cave_oreburgh,214,COVERED
cave_oreburgh,215,COVERED
cave_oreburgh,216,COVERED
cave_oreburgh,217,COVERED
cave_oreburgh,218,COVERED
cave_oreburgh,219,COVERED
cave_oreburgh,220,COVERED
cave_oreburgh,221,COVERED
cave_oreburgh,222,COVERED
cave_oreburgh,223,COVERED
cave_oreburgh,224,COVERED
cave_oreburgh,225,COVERED
cave_oreburgh,226,COVERED
cave_oreburgh,227,COVERED
cave_oreburgh,228,COVERED
cave_oreburgh,229,COVERED
cave_oreburgh,230,COVERED
cave_oreburgh,231,COVERED
cave_oreburgh,232,COVERED
cave_oreburgh,233,COVERED
cave_oreburgh,234,COVERED
cave_oreburgh,235,COVERED
cave_oreburgh,236,COVERED
cave_oreburgh,237,COVERED
cave_oreburgh,238,COVERED
cave_oreburgh,239,COVERED
cave_oreburgh,240,COVERED
cave_oreburgh,241,COVERED
cave_oreburgh,242,COVERED
cave_oreburgh,243,COVERED
cave_oreburgh,244,COVERED
cave_oreburgh,245,COVERED
cave_oreburgh,246,COVERED
cave_oreburgh,247,COVERED
cave_oreburgh,248,COVERED
cave_oreburgh,249,COVERED
cave_oreburgh,250,COVERED
cave_oreburgh,251,COVERED
cave_oreburgh,252,COVERED
cave_oreburgh,253,COVERED
cave_oreburgh,254,COVERED
cave_oreburgh,255,COVERED
fortree_gym,0,COVERED
fortree_gym,1,TOP
fortree_gym,2,TOP
fortree_gym,3,TOP
fortree_gym,4,TOP
fortree_gym,5,TOP
fortree_gym,6,TOP
fortree_gym,7,TOP
fortree_gym,8,TOP
fortree_gym,9,TOP
fortree_gym,10,TOP
fortree_gym,11,TOP
fortree_gym,12,TOP
fortree_gym,13,TOP
fortree_gym,14,TOP
fortree_gym,15,TOP
fortree_gym,16,COVERED
fortree_gym,17,COVERED
fortree_gym,18,TOP
fortree_gym,19,COVERED
fortree_gym,20,COVERED
fortree_gym,21,COVERED
fortree_gym,22,COVERED
fortree_gym,23,COVERED
fortree_gym,24,COVERED
fortree_gym,25,COVERED
fortree_gym,26,COVERED
fortree_gym,27,COVERED
fortree_gym,28,COVERED
fortree_gym,29,COVERED
fortree_gym,30,COVERED
fortree_gym,31,COVERED
fortree_gym,32,TOP
fortree_gym,33,TOP
fortree_gym,34,TOP
fortree_gym,35,TOP
fortree_gym,36,TOP
fortree_gym,37,TOP
fortree_gym,38,TOP
fortree_gym,39,TOP
fortree_gym,40,TOP
fortree_gym,41,TOP
fortree_gym,42,TOP
fortree_gym,43,TOP
fortree_gym,44,COVERED
fortree_gym,45,COVERED
fortree_gym,46,TOP
fortree_gym,47,COVERED
fortree_gym,48,TOP
fortree_gym,49,TOP
fortree_gym,50,TOP
fortree_gym,51,COVERED
fortree_gym,52,COVERED
fortree_gym,53,TOP
fortree_gym,54,TOP
fortree_gym,55,TOP
fortree_gym,56,COVERED
fortree_gym,57,TOP
fortree_gym,58,COVERED
fortree_gym,59,COVERED
fortree_gym,60,TOP
fortree_gym,61,TOP
fortree_gym,62,TOP
fortree_gym,63,TOP
fortree_gym,64,COVERED
fortree_gym,65,COVERED
fortree_gym,66,COVERED
fortree_gym,67,COVERED
fortree_gym,68,COVERED
fortree_gym,69,TOP
fortree_gym,70,COVERED
fortree_gym,71,COVERED
fortree_gym,72,COVERED
fortree_gym,73,COVERED
fortree_gym,74,COVERED
fortree_gym,75,COVERED
fortree_gym,76,COVERED
fortree_gym,77,COVERED
fortree_gym,78,COVERED
fortree_gym,79,TOP
generic_building,0,COVERED
generic_building,1,TOP
generic_building,2,TOP
generic_building,3,TOP
generic_building,4,TOP
generic_building,5,TOP
generic_building,6,TOP
generic_building,7,TOP
generic_building,8,COVERED
generic_building,9,COVERED
generic_building,10,TOP
generic_building,11,TOP
generic_building,12,TOP
generic_building,13,TOP
generic_building,14,TOP
generic_building,15,TOP
generic_building,16,TOP
generic_building,17,TOP
generic_building,18,COVERED
generic_building,19,COVERED
generic_building,20,COVERED
generic_building,21,COVERED
generic_building,22,COVERED
generic_building,23,COVERED
generic_building,24,COVERED
generic_building,25,TOP
generic_building,26,TOP
generic_building,27,TOP
generic_building,28,TOP
generic_building,29,TOP
generic_building,30,COVERED
generic_building,31,COVERED
generic_building,32,COVERED
generic_building,33,TOP
generic_building,34,TOP
generic_building,35,TOP
generic_building,36,TOP
generic_building,37,TOP
generic_building,38,TOP
generic_building,39,TOP
generic_building,40,COVERED
generic_building,41,TOP
generic_building,42,COVERED
generic_building,43,COVERED
generic_building,44,COVERED
generic_building,45,TOP
generic_building,46,TOP
generic_building,47,TOP
generic_building,48,COVERED
generic_building,49,TOP
generic_building,50,TOP
generic_building,51,TOP
generic_building,52,COVERED
generic_building,53,COVERED
generic_building,54,COVERED
generic_building,55,COVERED
generic_building,56,COVERED
generic_building,57,TOP
generic_building,58,COVERED
generic_building,59,TOP
generic_building,60,COVERED
generic_building,61,COVERED
generic_building,62,COVERED
generic_building,63,COVERED
generic_building,64,COVERED
generic_building,65,TOP
generic_building,66,TOP
generic_building,67,TOP
generic_building,68,COVERED
generic_building,69,COVERED
generic_building,70,COVERED
generic_building,71,COVERED
generic_building,72,COVERED
generic_building,73,COVERED
generic_building,74,COVERED
generic_building,75,COVERED
generic_building,76,COVERED
generic_building,77,COVERED
generic_building,78,COVERED
generic_building,79,COVERED
generic_building,80,COVERED
generic_building,81,COVERED
generic_building,82,COVERED
generic_building,83,COVERED
generic_building,84,COVERED
generic_building,85,COVERED
generic_building,86,COVERED
generic_building,87,COVERED
generic_building,88,COVERED
generic_building,89,COVERED
generic_building,90,COVERED
generic_building,91,COVERED
generic_building,92,COVERED
generic_building,93,COVERED
generic_building,94,COVERED
generic_building,95,COVERED
generic_building,96,COVERED
generic_building,97,TOP
generic_building,98,COVERED
generic_building,99,COVERED
generic_building,100,COVERED
generic_building,101,COVERED
generic_building,102,TOP
generic_building,103,COVERED
generic_building,104,COVERED
generic_building,105,COVERED
generic_building,106,COVERED
generic_building,107,COVERED
generic_building,108,COVERED
generic_building,109,COVERED
generic_building,110,COVERED
generic_building,111,COVERED
generic_building,112,COVERED
generic_building,113,COVERED
generic_building,114,COVERED
generic_building,115,COVERED
generic_building,116,COVERED
generic_building,117,COVERED
generic_building,118,COVERED
generic_building,119,COVERED
generic_building,120,COVERED
generic_building,121,COVERED
generic_building,122,COVERED
generic_building,123,COVERED
generic_building,124,COVERED
generic_building,125,COVERED
generic_building,126,COVERED
generic_building,127,COVERED
generic_building,128,COVERED
generic_building,129,COVERED
generic_building,130,COVERED
generic_building,131,COVERED
generic_building,132,COVERED
generic_building,133,COVERED
generic_building,134,COVERED
generic_building,135,COVERED
generic_building,136,COVERED
generic_building,137,COVERED
generic_building,138,COVERED
generic_building,139,COVERED
generic_building,140,COVERED
generic_building,141,COVERED
generic_building,142,COVERED
generic_building,143,COVERED
generic_building,144,TOP
generic_building,145,TOP
generic_building,146,COVERED
generic_building,147,COVERED
generic_building,148,COVERED
generic_building,149,COVERED
generic_building,150,COVERED
generic_building,151,COVERED
generic_building,152,COVERED
generic_building,153,COVERED
generic_building,154,COVERED
generic_building,155,COVERED
generic_building,156,COVERED
generic_building,157,TOP
generic_building,158,COVERED
generic_building,159,COVERED
generic_building,160,COVERED
generic_building,161,COVERED
generic_building,162,COVERED
generic_building,163,COVERED
generic_building,164,COVERED
generic_building,165,COVERED
generic_building,166,COVERED
generic_building,167,COVERED
generic_building,168,COVERED
generic_building,169,COVERED
generic_building,170,COVERED
generic_building,171,COVERED
generic_building,172,COVERED
generic_building,173,COVERED
generic_building,174,COVERED
generic_building,175,COVERED
generic_building,176,COVERED
generic_building,177,COVERED
generic_building,178,COVERED
generic_building,179,COVERED
generic_building,180,COVERED
generic_building,181,COVERED
generic_building,182,COVERED
generic_building,183,COVERED
generic_building,184,COVERED
generic_building,185,COVERED
generic_building,186,COVERED
generic_building,187,COVERED
generic_building,188,COVERED
generic_building,189,COVERED
generic_building,190,COVERED
generic_building,191,COVERED
generic_building,192,COVERED
generic_building,193,COVERED
generic_building,194,COVERED
generic_building,195,COVERED
generic_building,196,COVERED
generic_building,197,COVERED
generic_building,198,COVERED
generic_building,199,COVERED
generic_building,200,COVERED
generic_building,201,COVERED
generic_building,202,COVERED
generic_building,203,COVERED
generic_building,204,COVERED
generic_building,205,COVERED
generic_building,206,COVERED
generic_building,207,COVERED
generic_building,208,COVERED
generic_building,209,COVERED
generic_building,210,TOP
generic_building,211,TOP
generic_building,212,TOP
generic_building,213,COVERED
generic_building,214,TOP
generic_building,215,COVERED
generic_building,216,COVERED
generic_building,217,COVERED
generic_building,218,TOP
generic_building,219,TOP
generic_building,220,TOP
generic_building,221,COVERED
generic_building,222,COVERED
generic_building,223,TOP
generic_building,224,COVERED
generic_building,225,COVERED
generic_building,226,COVERED
generic_building,227,COVERED
generic_building,228,COVERED
generic_building,229,TOP
generic_building,230,TOP
generic_building,231,COVERED
generic_building,232,COVERED
generic_building,233,COVERED
generic_building,234,COVERED
generic_building,235,COVERED
generic_building,236,COVERED
generic_building,237,COVERED
generic_building,238,TOP
generic_building,239,COVERED
generic_building,240,COVERED
generic_building,241,COVERED
generic_building,242,COVERED
generic_building,243,COVERED
generic_building,244,COVERED
generic_building,245,COVERED
generic_building,246,COVERED
generic_building,247,COVERED
generic_building,248,COVERED
generic_building,249,TOP
generic_building,250,TOP
generic_building,251,TOP
generic_building,252,TOP
generic_building,253,COVERED
generic_building,254,COVERED
generic_building,255,COVERED
generic_building,256,COVERED
generic_building,257,TOP
generic_building,258,COVERED
generic_building,259,COVERED
generic_building,260,COVERED
generic_building,261,TOP
generic_building,262,TOP
generic_building,263,TOP
generic_building,264,COVERED
generic_building,265,TOP
generic_building,266,COVERED
generic_building,267,COVERED
generic_building,268,COVERED
generic_building,269,COVERED
generic_building,270,COVERED
generic_building,271,COVERED
generic_building,272,COVERED
generic_building,273,TOP
generic_building,274,TOP
generic_building,275,TOP
generic_building,276,TOP
generic_building,277,TOP
generic_building,278,COVERED
generic_building,279,COVERED
generic_building,280,TOP
generic_building,281,TOP
generic_building,282,TOP
generic_building,283,TOP
generic_building,284,TOP
generic_building,285,TOP
generic_building,286,TOP
generic_building,287,COVERED
generic_building,288,TOP
generic_building,289,TOP
generic_building,290,COVERED
generic_building,291,TOP
generic_building,292,COVERED
generic_building,293,COVERED
generic_building,294,TOP
generic_building,295,COVERED
generic_building,296,TOP
generic_building,297,TOP
generic_building,298,TOP
generic_building,299,TOP
generic_building,300,TOP
generic_building,301,TOP
generic_building,302,TOP
generic_building,303,COVERED
generic_building,304,TOP
generic_building,305,COVERED
generic_building,306,TOP
generic_building,307,TOP
generic_building,308,TOP
generic_building,309,TOP
generic_building,310,COVERED
generic_building,311,COVERED
generic_building,312,TOP
generic_building,313,TOP
generic_building,314,TOP
generic_building,315,TOP
generic_building,316,TOP
generic_building,317,TOP
generic_building,318,TOP
generic_building,319,COVERED
generic_building,320,TOP
generic_building,321,TOP
generic_building,322,TOP
generic_building,323,TOP
generic_building,324,COVERED
generic_building,325,COVERED
generic_building,326,TOP
generic_building,327,TOP
generic_building,328,COVERED
generic_building,329,COVERED
generic_building,330,COVERED
generic_building,331,COVERED
generic_building,332,TOP
generic_building,333,TOP
generic_building,334,COVERED
generic_building,335,COVERED
generic_building,336,COVERED
generic_building,337,COVERED
generic_building,338,COVERED
generic_building,339,COVERED
generic_building,340,COVERED
generic_building,341,COVERED
generic_building,342,COVERED
generic_building,343,COVERED
generic_building,344,COVERED
generic_building,345,COVERED
generic_building,346,TOP
generic_building,347,TOP
generic_building,348,COVERED
generic_building,349,COVERED
generic_building,350,COVERED
generic_building,351,COVERED
generic_building,352,COVERED
generic_building,353,COVERED
generic_building,354,TOP
generic_building,355,COVERED
generic_building,356,COVERED
generic_building,357,COVERED
generic_building,358,COVERED
generic_building,359,COVERED
generic_building,360,COVERED
generic_building,361,COVERED
generic_building,362,COVERED
generic_building,363,COVERED
generic_building,364,COVERED
generic_building,365,COVERED
generic_building,366,COVERED
generic_building,367,COVERED
generic_building,368,COVERED
generic_building,369,COVERED
generic_building,370,COVERED
generic_building,371,COVERED
generic_building,372,COVERED
generic_building,373,COVERED
generic_building,374,COVERED
generic_building,375,COVERED
generic_building,376,COVERED
generic_building,377,COVERED
generic_building,378,COVERED
generic_building,379,COVERED
generic_building,380,COVERED
generic_building,381,COVERED
generic_building,382,COVERED
generic_building,383,COVERED
generic_building,384,COVERED
generic_building,385,COVERED
generic_building,386,COVERED
generic_building,387,COVERED
generic_building,388,COVERED
generic_building,389,COVERED
generic_building,390,COVERED
generic_building,391,COVERED
generic_building,392,COVERED
generic_building,393,COVERED
generic_building,394,COVERED
generic_building,395,COVERED
generic_building,396,COVERED
generic_building,397,COVERED
generic_building,398,COVERED
generic_building,399,COVERED
generic_building,400,COVERED
generic_building,401,COVERED
generic_building,402,COVERED
generic_building,403,COVERED
generic_building,404,TOP
generic_building,405,TOP
generic_building,406,TOP
generic_building,407,COVERED
generic_building,408,COVERED
generic_building,409,COVERED
generic_building,410,COVERED
generic_building,411,COVERED
generic_building,412,TOP
generic_building,413,TOP
generic_building,414,TOP
generic_building,415,COVERED
generic_building,416,COVERED
generic_building,417,TOP
generic_building,418,COVERED
generic_building,419,TOP
generic_building,420,TOP
generic_building,421,TOP
generic_building,422,TOP
generic_building,423,COVERED
generic_building,424,COVERED
generic_building,425,COVERED
generic_building,426,COVERED
generic_building,427,COVERED
generic_building,428,COVERED
generic_building,429,COVERED
generic_building,430,COVERED
generic_building,431,COVERED
generic_building,432,COVERED
generic_building,433,COVERED
generic_building,434,COVERED
generic_building,435,COVERED
generic_building,436,COVERED
generic_building,437,COVERED
generic_building,438,COVERED
generic_building,439,COVERED
generic_building,440,COVERED
generic_building,441,COVERED
generic_building,442,COVERED
generic_building,443,COVERED
generic_building,444,COVERED
generic_building,445,COVERED
generic_building,446,COVERED
generic_building,447,COVERED
generic_building,448,COVERED
generic_building,449,COVERED
generic_building,450,COVERED
generic_building,451,COVERED
generic_building,452,COVERED
generic_building,453,COVERED
generic_building,454,COVERED
generic_building,455,COVERED
generic_building,456,COVERED
generic_building,457,COVERED
generic_building,458,COVERED
generic_building,459,COVERED
generic_building,460,TOP
generic_building,461,TOP
generic_building,462,TOP
generic_building,463,TOP
generic_building,464,COVERED
generic_building,465,COVERED
generic_building,466,COVERED
generic_building,467,COVERED
generic_building,468,COVERED
generic_building,469,COVERED
generic_building,470,COVERED
generic_building,471,COVERED
generic_building,472,COVERED
generic_building,473,COVERED
generic_building,474,COVERED
generic_building,475,TOP
generic_building,476,TOP
generic_building,477,COVERED
generic_building,478,COVERED
generic_building,479,COVERED
generic_building,480,COVERED
generic_building,481,COVERED
generic_building,482,COVERED
generic_building,483,COVERED
generic_building,484,COVERED
generic_building,485,COVERED
generic_building,486,TOP
generic_building,487,TOP
generic_building,488,COVERED
generic_building,489,COVERED
generic_building,490,COVERED
generic_building,491,COVERED
generic_building,492,COVERED
generic_building,493,COVERED
generic_building,494,TOP
generic_building,495,COVERED
generic_building,496,COVERED
generic_building,497,COVERED
generic_building,498,COVERED
generic_building,499,COVERED
generic_building,500,COVERED
generic_building,501,COVERED
generic_building,502,COVERED
generic_building,503,COVERED
generic_building,504,COVERED
generic_building,505,COVERED
generic_building,506,COVERED
generic_building,507,COVERED
generic_building,508,COVERED
generic_building,509,COVERED
generic_building,510,TOP
generic_building,511,TOP
common_mart,0,SPLIT
common_mart,1,SPLIT
common_mart,2,SPLIT
common_mart,3,SPLIT
common_mart,4,SPLIT
common_mart,5,COVERED
common_mart,6,COVERED
common_mart,7,COVERED
common_mart,8,COVERED
common_mart,9,COVERED
common_mart,10,COVERED
common_mart,11,COVERED
common_mart,12,COVERED
common_mart,13,COVERED
common_mart,14,COVERED
common_mart,15,COVERED
common_mart,16,NORMAL
common_mart,17,COVERED
common_mart,18,COVERED
common_mart,19,COVERED
common_mart,20,COVERED
common_mart,21,COVERED
common_mart,22,COVERED
common_mart,23,COVERED
common_mart,24,COVERED
common_mart,25,COVERED
common_mart,26,COVERED
common_mart,27,COVERED
common_mart,28,COVERED
common_mart,29,COVERED
common_mart,30,COVERED
common_mart,31,COVERED
common_mart,32,COVERED
common_mart,33,COVERED
common_mart,34,COVERED
common_mart,35,COVERED
common_mart,36,COVERED
common_mart,37,COVERED
common_mart,38,COVERED
common_mart,39,COVERED
common_mart,40,COVERED
common_mart,41,COVERED
common_mart,42,COVERED
common_mart,43,COVERED
common_mart,44,COVERED
common_mart,45,COVERED
common_mart,46,COVERED
common_mart,47,COVERED
common_mart,48,COVERED
common_mart,49,COVERED
common_mart,50,COVERED
common_mart,51,COVERED
common_mart,52,COVERED
common_mart,53,COVERED
common_mart,54,COVERED
common_mart,55,COVERED
common_mart,56,COVERED
common_mart,57,COVERED
common_mart,58,COVERED
common_mart,59,COVERED
common_mart,60,COVERED
common_mart,61,COVERED
common_mart,62,COVERED
common_mart,63,COVERED
common_mart,64,COVERED
common_mart,65,COVERED
common_mart,66,COVERED
common_mart,67,COVERED
common_mart,68,COVERED
common_mart,69,COVERED
common_mart,70,COVERED
common_mart,71,COVERED
common_mart,72,COVERED
common_mart,73,COVERED
common_mart,74,COVERED
common_mart,75,COVERED
common_mart,76,COVERED
common_mart,77,COVERED
common_mart,78,COVERED
common_mart,79,COVERED
common_mart,80,COVERED
common_mart,81,COVERED
common_mart,82,COVERED
common_mart,83,COVERED
common_mart,84,COVERED
common_mart,85,COVERED
common_mart,86,COVERED
common_mart,87,COVERED
common_mart,88,COVERED
common_mart,89,COVERED
common_mart,90,COVERED
common_mart,91,COVERED
common_mart,92,COVERED
common_mart,93,COVERED
common_mart,94,COVERED
common_mart,95,COVERED
common_mart,96,COVERED
common_mart,97,COVERED
common_mart,98,COVERED
common_mart,99,COVERED
common_mart,100,COVERED
common_mart,101,COVERED
common_mart,102,COVERED
common_mart,103,COVERED
common_mart,104,COVERED
common_mart,105,COVERED
common_mart,106,COVERED
common_mart,107,COVERED
common_mart,108,COVERED
common_mart,109,COVERED
common_mart,110,COVERED
common_mart,111,COVERED
common_mart,112,COVERED
common_mart,113,COVERED
common_mart,114,COVERED
common_mart,115,COVERED
common_mart,116,COVERED
common_mart,117,COVERED
common_mart,118,COVERED
common_mart,119,COVERED
common_mart,120,COVERED
common_mart,121,COVERED
common_mart,122,COVERED
common_mart,123,COVERED
common_mart,124,COVERED
common_mart,125,COVERED
common_mart,126,COVERED
common_mart,127,COVERED
sootopolis_gym,0,COVERED
sootopolis_gym,1,TOP
sootopolis_gym,2,TOP
sootopolis_gym,3,COVERED
sootopolis_gym,4,COVERED
sootopolis_gym,5,COVERED
sootopolis_gym,6,TOP
sootopolis_gym,7,TOP
sootopolis_gym,8,TOP
sootopolis_gym,9,COVERED
sootopolis_gym,10,TOP
sootopolis_gym,11,TOP
sootopolis_gym,12,COVERED
sootopolis_gym,13,TOP
sootopolis_gym,14,TOP
sootopolis_gym,15,TOP
sootopolis_gym,16,TOP
sootopolis_gym,17,COVERED
sootopolis_gym,18,COVERED
sootopolis_gym,19,COVERED
sootopolis_gym,20,COVERED
sootopolis_gym,21,TOP
sootopolis_gym,22,COVERED
sootopolis_gym,23,TOP
sootopolis_gym,24,TOP
sootopolis_gym,25,COVERED
sootopolis_gym,26,TOP
sootopolis_gym,27,TOP
sootopolis_gym,28,TOP
sootopolis_gym,29,COVERED
sootopolis_gym,30,COVERED
sootopolis_gym,31,COVERED
sootopolis_gym,32,TOP
sootopolis_gym,33,TOP
sootopolis_gym,34,TOP
sootopolis_gym,35,TOP
sootopolis_gym,36,TOP
sootopolis_gym,37,COVERED
sootopolis_gym,38,COVERED
sootopolis_gym,39,COVERED
sootopolis_gym,40,TOP
sootopolis_gym,41,TOP
sootopolis_gym,42,COVERED
sootopolis_gym,43,COVERED
sootopolis_gym,44,COVERED
sootopolis_gym,45,COVERED
sootopolis_gym,46,TOP
sootopolis_gym,47,COVERED
sootopolis_gym,48,TOP
sootopolis_gym,49,COVERED
sootopolis_gym,50,COVERED
sootopolis_gym,51,COVERED
sootopolis_gym,52,COVERED
sootopolis_gym,53,COVERED
sootopolis_gym,54,COVERED
sootopolis_gym,55,COVERED
sootopolis_gym,56,TOP
sootopolis_gym,57,TOP
sootopolis_gym,58,COVERED
sootopolis_gym,59,COVERED
sootopolis_gym,60,TOP
sootopolis_gym,61,TOP
sootopolis_gym,62,TOP
sootopolis_gym,63,TOP
sootopolis_gym,64,TOP
sootopolis_gym,65,TOP
sootopolis_gym,66,COVERED
sootopolis_gym,67,COVERED
sootopolis_gym,68,TOP
sootopolis_gym,69,TOP
sootopolis_gym,70,TOP
sootopolis_gym,71,TOP
sootopolis_gym,72,TOP
sootopolis_gym,73,TOP
sootopolis_gym,74,TOP
sootopolis_gym,75,TOP
sootopolis_gym,76,TOP
sootopolis_gym,77,TOP
sootopolis_gym,78,TOP
sootopolis_gym,79,TOP
sootopolis_gym,80,TOP
sootopolis_gym,81,COVERED
sootopolis_gym,82,TOP
sootopolis_gym,83,TOP
sootopolis_gym,84,TOP
sootopolis_gym,85,TOP
sootopolis_gym,86,TOP
sootopolis_gym,87,TOP
sootopolis_gym,88,TOP
sootopolis_gym,89,TOP
sootopolis_gym,90,TOP
sootopolis_gym,91,TOP
sootopolis_gym,92,COVERED
sootopolis_gym,93,COVERED
sootopolis_gym,94,COVERED
sootopolis_gym,95,TOP
sootopolis_gym,96,TOP
sootopolis_gym,97,TOP
sootopolis_gym,98,TOP
sootopolis_gym,99,COVERED
sootopolis_gym,100,COVERED
sootopolis_gym,101,COVERED
sootopolis_gym,102,COVERED
sootopolis_gym,103,COVERED
sootopolis_gym,104,COVERED
sootopolis_gym,105,COVERED
sootopolis_gym,106,COVERED
sootopolis_gym,107,COVERED
sootopolis_gym,108,COVERED
sootopolis_gym,109,COVERED
sootopolis_gym,110,COVERED
sootopolis_gym,111,COVERED
sootopolis_gym,112,COVERED
sootopolis_gym,113,COVERED
sootopolis_gym,114,COVERED
sootopolis_gym,115,COVERED
sootopolis_gym,116,COVERED
sootopolis_gym,117,COVERED
sootopolis_gym,118,COVERED
sootopolis_gym,119,COVERED
sootopolis_gym,120,COVERED
sootopolis_gym,121,COVERED
cable_club,0,TOP
cable_club,1,TOP
cable_club,2,TOP
cable_club,3,TOP
cable_club,4,TOP
cable_club,5,TOP
cable_club,6,TOP
cable_club,7,TOP
cable_club,8,TOP
cable_club,9,TOP
cable_club,10,TOP
cable_club,11,TOP
cable_club,12,TOP
cable_club,13,TOP
cable_club,14,TOP
cable_club,15,TOP
cable_club,16,TOP
cable_club,17,TOP
cable_club,18,TOP
cable_club,19,COVERED
cable_club,20,COVERED
cable_club,21,COVERED
cable_club,22,COVERED
cable_club,23,TOP
cable_club,24,TOP
cable_club,25,TOP
cable_club,26,TOP
cable_club,27,COVERED
cable_club,28,COVERED
cable_club,29,COVERED
cable_club,30,COVERED
cable_club,31,TOP
cable_club,32,TOP
cable_club,33,TOP
cable_club,34,TOP
cable_club,35,TOP
cable_club,36,TOP
cable_club,37,TOP
cable_club,38,TOP
cable_club,39,TOP
cable_club,40,TOP
cable_club,41,COVERED
cable_club,42,TOP
cable_club,43,TOP
cable_club,44,TOP
cable_club,45,TOP
cable_club,46,TOP
cable_club,47,COVERED
cable_club,48,TOP
cable_club,49,TOP
cable_club,50,TOP
cable_club,51,TOP
cable_club,52,TOP
cable_club,53,TOP
cable_club,54,TOP
cable_club,55,TOP
cable_club,56,COVERED
cable_club,57,COVERED
cable_club,58,COVERED
cable_club,59,COVERED
cable_club,60,COVERED
cable_club,61,COVERED
cable_club,62,COVERED
cable_club,63,COVERED
cable_club,64,TOP
cable_club,65,COVERED
cable_club,66,COVERED
cable_club,67,TOP
cable_club,68,COVERED
cable_club,69,COVERED
cable_club,70,COVERED
cable_club,71,COVERED
cable_club,72,TOP
cable_club,73,TOP
cable_club,74,TOP
cable_club,75,TOP
cable_club,76,TOP
cable_club,77,TOP
cable_club,78,TOP
cable_club,79,TOP
cable_club,80,TOP
cable_club,81,TOP
cable_club,82,TOP
cable_club,83,TOP
cable_club,84,TOP
cable_club,85,TOP
cable_club,86,TOP
cable_club,87,TOP
cable_club,88,COVERED
cable_club,89,COVERED
cable_club,90,COVERED
cable_club,91,COVERED
cable_club,92,TOP
cable_club,93,TOP
cable_club,94,TOP
cable_club,95,TOP
cable_club,96,COVERED
cable_club,97,COVERED
cable_club,98,TOP
cable_club,99,TOP
cable_club,100,TOP
cable_club,101,TOP
cable_club,102,TOP
cable_club,103,TOP
cable_club,104,TOP
cable_club,105,TOP
cable_club,106,TOP
cable_club,107,TOP
cable_club,108,TOP
cable_club,109,TOP
cable_club,110,TOP
cable_club,111,TOP
cable_club,112,TOP
cable_club,113,COVERED
cable_club,114,COVERED
cable_club,115,COVERED
cable_club,116,TOP
cable_club,117,COVERED
cable_club,118,COVERED
cable_club,119,COVERED
cable_club,120,TOP
cable_club,121,COVERED
cable_club,122,COVERED
cable_club,123,COVERED
cable_club,124,TOP
cable_club,125,COVERED
cable_club,126,COVERED
cable_club,127,COVERED
cable_club,128,TOP
cable_club,129,TOP
cable_club,130,TOP
cable_club,131,TOP
cable_club,132,TOP
cable_club,133,TOP
cable_club,134,TOP
cable_club,135,TOP
cable_club,136,TOP
cable_club,137,TOP
cable_club,138,TOP
cable_club,139,TOP
cable_club,140,TOP
cable_club,141,TOP
cable_club,142,TOP
cable_club,143,TOP
cable_club,144,TOP
cable_club,145,TOP
cable_club,146,TOP
cable_club,147,TOP
cable_club,148,TOP
cable_club,149,TOP
cable_club,150,TOP
cable_club,151,TOP
cable_club,152,TOP
cable_club,153,COVERED
cable_club,154,COVERED
cable_club,155,TOP
cable_club,156,COVERED
cable_club,157,TOP
cable_club,158,COVERED
cable_club,159,COVERED
cable_club,160,TOP
cable_club,161,TOP
cable_club,162,TOP
cable_club,163,TOP
cable_club,164,TOP
cable_club,165,TOP
cable_club,166,TOP
cable_club,167,TOP
cable_club,168,TOP
cable_club,169,TOP
cable_club,170,TOP
cable_club,171,TOP
cable_club,172,COVERED
cable_club,173,COVERED
cable_club,174,COVERED
cable_club,175,COVERED
cable_club,176,TOP
cable_club,177,TOP
cable_club,178,TOP
cable_club,179,TOP
cable_club,180,TOP
cable_club,181,TOP
cable_club,182,TOP
cable_club,183,TOP
cable_club,184,COVERED
cable_club,185,COVERED
cable_club,186,COVERED
cable_club,187,COVERED
cable_club,188,COVERED
cable_club,189,COVERED
cable_club,190,COVERED
cable_club,191,COVERED
cable_club,192,COVERED
cable_club,193,COVERED
cable_club,194,COVERED
cable_club,195,COVERED
cable_club,196,TOP
cable_club,197,TOP
cable_club,198,TOP
cable_club,199,COVERED
cable_club,200,COVERED
cable_club,201,COVERED
cable_club,202,COVERED
cable_club,203,COVERED
cable_club,204,TOP
cable_club,205,TOP
cable_club,206,TOP
cable_club,207,TOP
cable_club,208,COVERED
cable_club,209,COVERED
cable_club,210,COVERED
cable_club,211,COVERED
cable_club,212,COVERED
cable_club,213,COVERED
cable_club,214,COVERED
cable_club,215,COVERED
cable_club,216,COVERED
cable_club,217,COVERED
cable_club,218,COVERED
cable_club,219,COVERED
cable_club,220,COVERED
cable_club,221,COVERED
cable_club,222,COVERED
cable_club,223,TOP
cable_club,224,COVERED
cable_club,225,COVERED
cable_club,226,COVERED
cable_club,227,COVERED
cable_club,228,COVERED
cable_club,229,COVERED
cable_club,230,COVERED
cable_club,231,TOP
cable_club,232,COVERED
cable_club,233,COVERED
cable_club,234,COVERED
cable_club,235,COVERED
cable_club,236,COVERED
cable_club,237,COVERED
cable_club,238,COVERED
cable_club,239,TOP
cable_club,240,COVERED
cable_club,241,COVERED
cable_club,242,COVERED
cable_club,243,COVERED
cable_club,244,COVERED
cable_club,245,COVERED
cable_club,246,COVERED
cable_club,247,TOP
cable_club,248,COVERED
cable_club,249,COVERED
cable_club,250,COVERED
cable_club,251,COVERED
cable_club,252,COVERED
cable_club,253,COVERED
cable_club,254,COVERED
cable_club,255,TOP
lake,0,NORMAL
lake,1,NORMAL
lake,2,COVERED
lake,3,COVERED
lake,4,NORMAL
lake,5,NORMAL
lake,6,NORMAL
lake,7,NORMAL
lake,8,TOP
lake,9,TOP
lake,10,COVERED
lake,11,COVERED
lake,12,NORMAL
lake,13,NORMAL
lake,14,COVERED
lake,15,COVERED
lake,16,COVERED
lake,17,COVERED
lake,18,COVERED
lake,19,COVERED
lake,20,COVERED
lake,21,COVERED
lake,22,COVERED
lake,23,COVERED
lake,24,COVERED
lake,25,COVERED
lake,26,COVERED
lake,27,COVERED
lake,28,COVERED
lake,29,COVERED
lake,30,COVERED
lake,31,COVERED
lake,32,COVERED
lake,33,COVERED
lake,34,COVERED
lake,35,COVERED
lake,36,COVERED
lake,37,COVERED
lake,38,COVERED
lake,39,COVERED
lake,40,COVERED
lake,41,COVERED
lake,42,COVERED
lake,43,COVERED
lake,44,COVERED
lake,45,COVERED
lake,46,COVERED
lake,47,COVERED
lake,48,COVERED
lake,49,COVERED
lake,50,COVERED
lake,51,COVERED
lake,52,COVERED
lake,53,COVERED
lake,54,COVERED
lake,55,COVERED
lake,56,COVERED
lake,57,COVERED
lake,58,COVERED
lake,59,COVERED
lake,60,COVERED
lake,61,COVERED
lake,62,COVERED
lake,63,COVERED
lake,64,COVERED
lake,65,COVERED
lake,66,COVERED
lake,67,COVERED
lake,68,COVERED
lake,69,COVERED
lake,70,COVERED
lake,71,COVERED
lake,72,COVERED
lake,73,COVERED
lake,74,COVERED
lake,75,COVERED
lake,76,COVERED
lake,77,COVERED
lake,78,COVERED
lake,79,COVERED
lake,80,COVERED
lake,81,COVERED
lake,82,COVERED
lake,83,COVERED
lake,84,COVERED
lake,85,COVERED
lake,86,COVERED
lake,87,COVERED
lake,88,COVERED
lake,89,COVERED
lake,90,COVERED
lake,91,COVERED
lake,92,COVERED
lake,93,COVERED
lake,94,COVERED
lake,95,COVERED
lake,96,COVERED
lake,97,COVERED
lake,98,COVERED
lake,99,COVERED
lake,100,COVERED
lake,101,COVERED
lake,102,COVERED
lake,103,COVERED
lake,104,COVERED
lake,105,COVERED
lake,106,COVERED
lake,107,COVERED
lake,108,COVERED
lake,109,COVERED
lake,110,COVERED
lake,111,COVERED
lake,112,COVERED
lake,113,COVERED
lake,114,COVERED
lake,115,COVERED
lake,116,COVERED
lake,117,COVERED
lake,118,COVERED
lake,119,COVERED
lake,120,COVERED
lake,121,COVERED
lake,122,COVERED
lake,123,COVERED
lake,124,COVERED
lake,125,COVERED
lake,126,COVERED
lake,127,COVERED
fallarbor,0,COVERED
fallarbor,1,COVERED
fallarbor,2,TOP
fallarbor,3,COVERED
fallarbor,4,TOP
fallarbor,5,TOP
fallarbor,6,TOP
fallarbor,7,TOP
fallarbor,8,TOP
fallarbor,9,COVERED
fallarbor,10,TOP
fallarbor,11,COVERED
fallarbor,12,COVERED
fallarbor,13,COVERED
fallarbor,14,COVERED
fallarbor,15,COVERED
fallarbor,16,TOP
fallarbor,17,COVERED
fallarbor,18,TOP
fallarbor,19,COVERED
fallarbor,20,TOP
fallarbor,21,TOP
fallarbor,22,COVERED
fallarbor,23,COVERED
fallarbor,24,TOP
fallarbor,25,COVERED
fallarbor,26,COVERED
fallarbor,27,COVERED
fallarbor,28,COVERED
fallarbor,29,COVERED
fallarbor,30,COVERED
fallarbor,31,COVERED
fallarbor,32,COVERED
fallarbor,33,COVERED
fallarbor,34,COVERED
fallarbor,35,COVERED
fallarbor,36,COVERED
fallarbor,37,COVERED
fallarbor,38,COVERED
fallarbor,39,COVERED
fallarbor,40,COVERED
fallarbor,41,COVERED
fallarbor,42,COVERED
fallarbor,43,COVERED
fallarbor,44,TOP
fallarbor,45,TOP
fallarbor,46,COVERED
fallarbor,47,COVERED
fallarbor,48,COVERED
fallarbor,49,TOP
fallarbor,50,COVERED
fallarbor,51,COVERED
fallarbor,52,COVERED
fallarbor,53,TOP
fallarbor,54,COVERED
fallarbor,55,COVERED
fallarbor,56,COVERED
fallarbor,57,COVERED
fallarbor,58,COVERED
fallarbor,59,TOP
fallarbor,60,TOP
fallarbor,61,TOP
fallarbor,62,COVERED
fallarbor,63,COVERED
fallarbor,64,COVERED
fallarbor,65,TOP
fallarbor,66,COVERED
fallarbor,67,TOP
fallarbor,68,TOP
fallarbor,69,TOP
fallarbor,70,COVERED
fallarbor,71,COVERED
fallarbor,72,COVERED
fallarbor,73,TOP
fallarbor,74,COVERED
fallarbor,75,TOP
fallarbor,76,TOP
fallarbor,77,TOP
fallarbor,78,COVERED
fallarbor,79,COVERED
fallarbor,80,COVERED
fallarbor,81,COVERED
fallarbor,82,COVERED
fallarbor,83,COVERED
fallarbor,84,COVERED
fallarbor,85,COVERED
fallarbor,86,COVERED
fallarbor,87,COVERED
fallarbor,88,COVERED
fallarbor,89,TOP
fallarbor,90,COVERED
fallarbor,91,COVERED
fallarbor,92,COVERED
fallarbor,93,COVERED
fallarbor,94,COVERED
fallarbor,95,COVERED
fallarbor,96,COVERED
fallarbor,97,TOP
fallarbor,98,COVERED
fallarbor,99,TOP
fallarbor,100,TOP
fallarbor,101,TOP
fallarbor,102,TOP
fallarbor,103,TOP
fallarbor,104,TOP
fallarbor,105,TOP
fallarbor,106,TOP
fallarbor,107,TOP
fallarbor,108,TOP
fallarbor,109,TOP
fallarbor,110,TOP
fallarbor,111,COVERED
fallarbor,112,TOP
fallarbor,113,TOP
fallarbor,114,TOP
fallarbor,115,TOP
fallarbor,116,TOP
fallarbor,117,TOP
fallarbor,118,TOP
fallarbor,119,TOP
fallarbor,120,TOP
fallarbor,121,TOP
fallarbor,122,TOP
fallarbor,123,COVERED
fallarbor,124,COVERED
fallarbor,125,TOP
fallarbor,126,TOP
fallarbor,127,TOP
fallarbor,128,TOP
fallarbor,129,TOP
fallarbor,130,TOP
fallarbor,131,COVERED
fallarbor,132,COVERED
fallarbor,133,TOP
fallarbor,134,TOP
fallarbor,135,TOP
fallarbor,136,TOP
fallarbor,137,TOP
fallarbor,138,TOP
fallarbor,139,COVERED
fallarbor,140,TOP
fallarbor,141,TOP
fallarbor,142,TOP
fallarbor,143,TOP
fallarbor,144,TOP
fallarbor,145,TOP
fallarbor,146,TOP
fallarbor,147,COVERED
fallarbor,148,TOP
fallarbor,149,COVERED
fallarbor,150,COVERED
fallarbor,151,COVERED
fallarbor,152,TOP
fallarbor,153,TOP
fallarbor,154,TOP
fallarbor,155,COVERED
fallarbor,156,TOP
fallarbor,157,TOP
fallarbor,158,TOP
fallarbor,159,COVERED
fallarbor,160,TOP
fallarbor,161,TOP
fallarbor,162,TOP
fallarbor,163,TOP
fallarbor,164,TOP
fallarbor,165,TOP
fallarbor,166,COVERED
fallarbor,167,COVERED
fallarbor,168,TOP
fallarbor,169,COVERED
fallarbor,170,COVERED
fallarbor,171,COVERED
fallarbor,172,COVERED
fallarbor,173,TOP
fallarbor,174,TOP
fallarbor,175,COVERED
fallarbor,176,TOP
fallarbor,177,COVERED
fallarbor,178,COVERED
fallarbor,179,TOP
fallarbor,180,TOP
fallarbor,181,COVERED
fallarbor,182,COVERED
fallarbor,183,COVERED
fallarbor,184,TOP
fallarbor,185,TOP
fallarbor,186,COVERED
fallarbor,187,TOP
fallarbor,188,TOP
fallarbor,189,TOP
fallarbor,190,TOP
fallarbor,191,COVERED
fallarbor,192,COVERED
fallarbor,193,COVERED
fallarbor,194,COVERED
fallarbor,195,COVERED
fallarbor,196,COVERED
fallarbor,197,TOP
fallarbor,198,TOP
fallarbor,199,COVERED
fallarbor,200,COVERED
fallarbor,201,COVERED
fallarbor,202,COVERED
fallarbor,203,COVERED
fallarbor,204,TOP
fallarbor,205,TOP
fallarbor,206,TOP
fallarbor,207,TOP
fallarbor,208,COVERED
fallarbor,209,COVERED
fallarbor,210,COVERED
fallarbor,211,COVERED
fallarbor,212,COVERED
fallarbor,213,COVERED
fallarbor,214,COVERED
fallarbor,215,COVERED
fallarbor,216,COVERED
fallarbor,217,COVERED
fallarbor,218,COVERED
fallarbor,219,COVERED
fallarbor,220,COVERED
fallarbor,221,COVERED
fallarbor,222,TOP
fallarbor,223,TOP
fallarbor,224,COVERED
fallarbor,225,COVERED
fallarbor,226,COVERED
fallarbor,227,COVERED
fallarbor,228,COVERED
fallarbor,229,COVERED
fallarbor,230,TOP
fallarbor,231,TOP
fallarbor,232,COVERED
fallarbor,233,COVERED
fallarbor,234,COVERED
fallarbor,235,COVERED
fallarbor,236,COVERED
fallarbor,237,COVERED
fallarbor,238,TOP
fallarbor,239,TOP
fallarbor,240,COVERED
fallarbor,241,COVERED
fallarbor,242,COVERED
fallarbor,243,COVERED
fallarbor,244,COVERED
fallarbor,245,COVERED
fallarbor,246,COVERED
fallarbor,247,COVERED
fallarbor,248,COVERED
fallarbor,249,COVERED
fallarbor,250,COVERED
fallarbor,251,COVERED
fallarbor,252,COVERED
fallarbor,253,TOP
fallarbor,254,TOP
fallarbor,255,TOP
fallarbor,256,TOP
fallarbor,257,TOP
fallarbor,258,TOP
fallarbor,259,TOP
fallarbor,260,TOP
fallarbor,261,TOP
fallarbor,262,TOP
fallarbor,263,COVERED
fallarbor,264,TOP
fallarbor,265,TOP
fallarbor,266,TOP
fallarbor,267,TOP
fallarbor,268,TOP
fallarbor,269,TOP
fallarbor,270,TOP
fallarbor,271,COVERED
fallarbor,272,TOP
fallarbor,273,TOP
fallarbor,274,TOP
fallarbor,275,TOP
fallarbor,276,TOP
fallarbor,277,COVERED
fallarbor,278,COVERED
fallarbor,279,COVERED
fallarbor,280,COVERED
fallarbor,281,COVERED
fallarbor,282,COVERED
fallarbor,283,COVERED
fallarbor,284,TOP
fallarbor,285,TOP
fallarbor,286,TOP
fallarbor,287,TOP
fallarbor,288,TOP
fallarbor,289,TOP
fallarbor,290,TOP
fallarbor,291,TOP
fallarbor,292,TOP
fallarbor,293,TOP
fallarbor,294,TOP
fallarbor,295,TOP
fallarbor,296,TOP
fallarbor,297,TOP
fallarbor,298,COVERED
fallarbor,299,COVERED
fallarbor,300,COVERED
fallarbor,301,TOP
fallarbor,302,TOP
fallarbor,303,TOP
fallarbor,304,COVERED
fallarbor,305,COVERED
fallarbor,306,COVERED
fallarbor,307,COVERED
fallarbor,308,COVERED
fallarbor,309,TOP
fallarbor,310,TOP
fallarbor,311,TOP
fallarbor,312,COVERED
fallarbor,313,COVERED
fallarbor,314,COVERED
fallarbor,315,COVERED
fallarbor,316,COVERED
fallarbor,317,COVERED
fallarbor,318,COVERED
fallarbor,319,COVERED
fallarbor,320,COVERED
fallarbor,321,COVERED
fallarbor,322,COVERED
fallarbor,323,COVERED
fallarbor,324,TOP
fallarbor,325,TOP
fallarbor,326,TOP
fallarbor,327,TOP
fallarbor,328,TOP
fallarbor,329,TOP
fallarbor,330,TOP
fallarbor,331,TOP
fallarbor,332,TOP
fallarbor,333,TOP
fallarbor,334,TOP
fallarbor,335,TOP
fallarbor,336,COVERED
fallarbor,337,COVERED
fallarbor,338,TOP
fallarbor,339,TOP
fallarbor,340,TOP
fallarbor,341,TOP
fallarbor,342,TOP
fallarbor,343,COVERED
fallarbor,344,COVERED
fallarbor,345,COVERED
fallarbor,346,TOP
fallarbor,347,TOP
fallarbor,348,TOP
fallarbor,349,TOP
fallarbor,350,TOP
fallarbor,351,COVERED
fallarbor,352,COVERED
fallarbor,353,COVERED
fallarbor,354,COVERED
fallarbor,355,COVERED
fallarbor,356,COVERED
fallarbor,357,COVERED
fallarbor,358,COVERED
fallarbor,359,COVERED
fallarbor,360,COVERED
fallarbor,361,COVERED
fallarbor,362,COVERED
fallarbor,363,COVERED
fallarbor,364,COVERED
fallarbor,365,COVERED
fallarbor,366,COVERED
mossdeep_gym,0,COVERED
mossdeep_gym,1,TOP
mossdeep_gym,2,TOP
mossdeep_gym,3,TOP
mossdeep_gym,4,TOP
mossdeep_gym,5,TOP
mossdeep_gym,6,TOP
mossdeep_gym,7,TOP
mossdeep_gym,8,TOP
mossdeep_gym,9,TOP
mossdeep_gym,10,TOP
mossdeep_gym,11,TOP
mossdeep_gym,12,COVERED
mossdeep_gym,13,TOP
mossdeep_gym,14,TOP
mossdeep_gym,15,TOP
mossdeep_gym,16,COVERED
mossdeep_gym,17,COVERED
mossdeep_gym,18,COVERED
mossdeep_gym,19,COVERED
mossdeep_gym,20,COVERED
mossdeep_gym,21,TOP
mossdeep_gym,22,TOP
mossdeep_gym,23,TOP
mossdeep_gym,24,COVERED
mossdeep_gym,25,COVERED
mossdeep_gym,26,COVERED
mossdeep_gym,27,COVERED
mossdeep_gym,28,TOP
mossdeep_gym,29,TOP
mossdeep_gym,30,TOP
mossdeep_gym,31,TOP
mossdeep_gym,32,COVERED
mossdeep_gym,33,COVERED
mossdeep_gym,34,COVERED
mossdeep_gym,35,COVERED
mossdeep_gym,36,TOP
mossdeep_gym,37,COVERED
mossdeep_gym,38,COVERED
mossdeep_gym,39,COVERED
mossdeep_gym,40,COVERED
mossdeep_gym,41,COVERED
mossdeep_gym,42,COVERED
mossdeep_gym,43,COVERED
mossdeep_gym,44,COVERED
mossdeep_gym,45,COVERED
mossdeep_gym,46,COVERED
mossdeep_gym,47,COVERED
mossdeep_gym,48,COVERED
mossdeep_gym,49,COVERED
mossdeep_gym,50,COVERED
mossdeep_gym,51,COVERED
mossdeep_gym,52,COVERED
mossdeep_gym,53,COVERED
mossdeep_gym,54,COVERED
mossdeep_gym,55,COVERED
mossdeep_gym,56,COVERED
mossdeep_gym,57,COVERED
mossdeep_gym,58,COVERED
mossdeep_gym,59,COVERED
mossdeep_gym,60,COVERED
mossdeep_gym,61,COVERED
mossdeep_gym,62,COVERED
mossdeep_gym,63,COVERED
mossdeep_gym,64,COVERED
mossdeep_gym,65,COVERED
mossdeep_gym,66,COVERED
mossdeep_gym,67,COVERED
mossdeep_gym,68,COVERED
mossdeep_gym,69,COVERED
mossdeep_gym,70,COVERED
mossdeep_gym,71,COVERED
mossdeep_gym,72,COVERED
mossdeep_gym,73,COVERED
mossdeep_gym,74,COVERED
mossdeep_gym,75,COVERED
mossdeep_gym,76,COVERED
mossdeep_gym,77,COVERED
mossdeep_gym,78,COVERED
mossdeep_gym,79,COVERED
mossdeep_gym,80,COVERED
mossdeep_gym,81,COVERED
mossdeep_gym,82,COVERED
mossdeep_gym,83,COVERED
mossdeep_gym,84,COVERED
mossdeep_gym,85,COVERED
mossdeep_gym,86,COVERED
mossdeep_gym,87,COVERED
mossdeep_gym,88,COVERED
mossdeep_gym,89,COVERED
mossdeep_gym,90,COVERED
mossdeep_gym,91,COVERED
mossdeep_gym,92,COVERED
mossdeep_gym,93,COVERED
mossdeep_gym,94,COVERED
mossdeep_gym,95,COVERED
mossdeep_gym,96,COVERED
mossdeep_gym,97,COVERED
mossdeep_gym,98,COVERED
mossdeep_gym,99,COVERED
mossdeep_gym,100,COVERED
mossdeep_gym,101,COVERED
mossdeep_gym,102,COVERED
mossdeep_gym,103,COVERED
mossdeep_gym,104,COVERED
mossdeep_gym,105,COVERED
mossdeep_gym,106,COVERED
mossdeep_gym,107,COVERED
mossdeep_gym,108,COVERED
mossdeep_gym,109,COVERED
mossdeep_gym,110,COVERED
mossdeep_gym,111,COVERED
mossdeep_gym,112,COVERED
mossdeep_gym,113,COVERED
mossdeep_gym,114,COVERED
mossdeep_gym,115,COVERED
mossdeep_gym,116,COVERED
battle_frontier,0,TOP
battle_frontier,1,TOP
battle_frontier,2,TOP
battle_frontier,3,TOP
battle_frontier,4,TOP
battle_frontier,5,TOP
battle_frontier,6,TOP
battle_frontier,7,TOP
battle_frontier,8,COVERED
battle_frontier,9,TOP
battle_frontier,10,TOP
battle_frontier,11,TOP
battle_frontier,12,TOP
battle_frontier,13,TOP
battle_frontier,14,TOP
battle_frontier,15,TOP
battle_frontier,16,COVERED
battle_frontier,17,TOP
battle_frontier,18,COVERED
battle_frontier,19,COVERED
battle_frontier,20,COVERED
battle_frontier,21,COVERED
battle_frontier,22,TOP
battle_frontier,23,TOP
battle_frontier,24,COVERED
battle_frontier,25,COVERED
battle_frontier,26,TOP
battle_frontier,27,TOP
battle_frontier,28,TOP
battle_frontier,29,TOP
battle_frontier,30,TOP
battle_frontier,31,TOP
battle_frontier,32,COVERED
battle_frontier,33,COVERED
battle_frontier,34,TOP
battle_frontier,35,TOP
battle_frontier,36,TOP
battle_frontier,37,TOP
battle_frontier,38,TOP
battle_frontier,39,TOP
battle_frontier,40,COVERED
battle_frontier,41,TOP
battle_frontier,42,TOP
battle_frontier,43,TOP
battle_frontier,44,TOP
battle_frontier,45,TOP
battle_frontier,46,TOP
battle_frontier,47,TOP
battle_frontier,48,COVERED
battle_frontier,49,TOP
battle_frontier,50,TOP
battle_frontier,51,TOP
battle_frontier,52,TOP
battle_frontier,53,TOP
battle_frontier,54,TOP
battle_frontier,55,TOP
battle_frontier,56,COVERED
battle_frontier,57,TOP
battle_frontier,58,TOP
battle_frontier,59,TOP
battle_frontier,60,TOP
battle_frontier,61,TOP
battle_frontier,62,TOP
battle_frontier,63,TOP
battle_frontier,64,TOP
battle_frontier,65,TOP
battle_frontier,66,TOP
battle_frontier,67,TOP
battle_frontier,68,TOP
battle_frontier,69,TOP
battle_frontier,70,COVERED
battle_frontier,71,COVERED
battle_frontier,72,TOP
battle_frontier,73,TOP
battle_frontier,74,TOP
battle_frontier,75,TOP
battle_frontier,76,TOP
battle_frontier,77,TOP
battle_frontier,78,TOP
battle_frontier,79,TOP
battle_frontier,80,TOP
battle_frontier,81,TOP
battle_frontier,82,TOP
battle_frontier,83,TOP
battle_frontier,84,TOP
battle_frontier,85,TOP
battle_frontier,86,TOP
battle_frontier,87,TOP
battle_frontier,88,TOP
battle_frontier,89,TOP
battle_frontier,90,TOP
battle_frontier,91,TOP
battle_frontier,92,TOP
battle_frontier,93,TOP
battle_frontier,94,TOP
battle_frontier,95,TOP
battle_frontier,96,TOP
battle_frontier,97,TOP
battle_frontier,98,TOP
battle_frontier,99,TOP
battle_frontier,100,TOP
battle_frontier,101,TOP
battle_frontier,102,TOP
battle_frontier,103,COVERED
battle_frontier,104,COVERED
battle_frontier,105,COVERED
battle_frontier,106,COVERED
battle_frontier,107,COVERED
battle_frontier,108,COVERED
battle_frontier,109,COVERED
battle_frontier,110,TOP
battle_frontier,111,TOP
battle_frontier,112,COVERED
battle_frontier,113,COVERED
battle_frontier,114,COVERED
battle_frontier,115,COVERED
battle_frontier,116,COVERED
battle_frontier,117,COVERED
battle_frontier,118,COVERED
battle_frontier,119,TOP
battle_frontier,120,COVERED
battle_frontier,121,COVERED
battle_frontier,122,COVERED
battle_frontier,123,COVERED
battle_frontier,124,COVERED
battle_frontier,125,COVERED
battle_frontier,126,TOP
battle_frontier,127,COVERED
battle_frontier,128,COVERED
battle_frontier,129,COVERED
battle_frontier,130,TOP
battle_frontier,131,TOP
battle_frontier,132,COVERED
battle_frontier,133,TOP
battle_frontier,134,TOP
battle_frontier,135,TOP
battle_frontier,136,TOP
battle_frontier,137,TOP
battle_frontier,138,TOP
battle_frontier,139,TOP
battle_frontier,140,TOP
battle_frontier,141,TOP
battle_frontier,142,COVERED
battle_frontier,143,COVERED
battle_frontier,144,COVERED
battle_frontier,145,TOP
battle_frontier,146,TOP
battle_frontier,147,COVERED
battle_frontier,148,COVERED
battle_frontier,149,COVERED
battle_frontier,150,TOP
battle_frontier,151,TOP
battle_frontier,152,TOP
battle_frontier,153,TOP
battle_frontier,154,TOP
battle_frontier,155,COVERED
battle_frontier,156,TOP
battle_frontier,157,COVERED
battle_frontier,158,COVERED
battle_frontier,159,TOP
battle_frontier,160,TOP
battle_frontier,161,TOP
battle_frontier,162,COVERED
battle_frontier,163,COVERED
battle_frontier,164,TOP
battle_frontier,165,TOP
battle_frontier,166,TOP
battle_frontier,167,TOP
battle_frontier,168,TOP
battle_frontier,169,TOP
battle_frontier,170,TOP
battle_frontier,171,COVERED
battle_frontier,172,COVERED
battle_frontier,173,TOP
battle_frontier,174,TOP
battle_frontier,175,TOP
battle_frontier,176,TOP
battle_frontier,177,TOP
battle_frontier,178,COVERED
battle_frontier,179,TOP
battle_frontier,180,TOP
battle_frontier,181,TOP
battle_frontier,182,TOP
battle_frontier,183,TOP
battle_frontier,184,TOP
battle_frontier,185,TOP
battle_frontier,186,COVERED
battle_frontier,187,COVERED
battle_frontier,188,COVERED
battle_frontier,189,COVERED
battle_frontier,190,COVERED
battle_frontier,191,COVERED
battle_frontier,192,COVERED
battle_frontier,193,COVERED
battle_frontier,194,COVERED
battle_frontier,195,COVERED
battle_frontier,196,COVERED
battle_frontier,197,COVERED
battle_frontier,198,COVERED
battle_frontier,199,COVERED
battle_frontier,200,COVERED
battle_frontier,201,COVERED
battle_frontier,202,COVERED
battle_frontier,203,COVERED
battle_frontier,204,COVERED
battle_frontier,205,COVERED
battle_frontier,206,COVERED
battle_frontier,207,COVERED
battle_frontier,208,COVERED
battle_frontier,209,COVERED
battle_frontier,210,COVERED
battle_frontier,211,COVERED
battle_frontier,212,COVERED
battle_frontier,213,COVERED
battle_frontier,214,COVERED
battle_frontier,215,COVERED
battle_frontier,216,COVERED
battle_frontier,217,COVERED
battle_frontier,218,COVERED
battle_frontier,219,COVERED
battle_frontier,220,COVERED
battle_frontier,221,COVERED
battle_frontier,222,TOP
battle_frontier,223,COVERED
battle_frontier,224,COVERED
battle_frontier,225,COVERED
battle_frontier,226,COVERED
battle_frontier,227,COVERED
battle_frontier,228,COVERED
battle_frontier,229,COVERED
battle_frontier,230,TOP
battle_frontier,231,COVERED
battle_frontier,232,COVERED
battle_frontier,233,COVERED
battle_frontier,234,COVERED
battle_frontier,235,COVERED
battle_frontier,236,COVERED
battle_frontier,237,COVERED
battle_frontier,238,COVERED
battle_frontier,239,COVERED
battle_frontier,240,COVERED
battle_frontier,241,COVERED
battle_frontier,242,COVERED
battle_frontier,243,COVERED
battle_frontier,244,COVERED
battle_frontier,245,COVERED
battle_frontier,246,COVERED
battle_frontier,247,COVERED
battle_frontier,248,COVERED
battle_frontier,249,COVERED
battle_frontier,250,COVERED
battle_frontier,251,COVERED
battle_frontier,252,COVERED
battle_frontier,253,COVERED
battle_frontier,254,COVERED
battle_frontier,255,COVERED
battle_frontier,256,COVERED
battle_frontier,257,COVERED
battle_frontier,258,COVERED
battle_frontier,259,COVERED
battle_frontier,260,COVERED
battle_frontier,261,COVERED
battle_frontier,262,COVERED
battle_frontier,263,COVERED
battle_frontier,264,COVERED
battle_frontier,265,COVERED
battle_frontier,266,TOP
battle_frontier,267,COVERED
battle_frontier,268,COVERED
battle_frontier,269,COVERED
battle_frontier,270,COVERED
battle_frontier,271,COVERED
battle_frontier,272,COVERED
battle_frontier,273,COVERED
battle_frontier,274,TOP
battle_frontier,275,COVERED
battle_frontier,276,COVERED
battle_frontier,277,COVERED
battle_frontier,278,COVERED
battle_frontier,279,COVERED
battle_frontier,280,TOP
battle_frontier,281,TOP
battle_frontier,282,COVERED
battle_frontier,283,COVERED
battle_frontier,284,COVERED
battle_frontier,285,COVERED
battle_frontier,286,COVERED
battle_frontier,287,COVERED
battle_frontier,288,TOP
battle_frontier,289,TOP
battle_frontier,290,COVERED
battle_frontier,291,COVERED
battle_frontier,292,COVERED
battle_frontier,293,COVERED
battle_frontier,294,COVERED
battle_frontier,295,COVERED
battle_frontier,296,COVERED
battle_frontier,297,COVERED
battle_frontier,298,COVERED
battle_frontier,299,COVERED
battle_frontier,300,COVERED
battle_frontier,301,COVERED
battle_frontier,302,COVERED
battle_frontier,303,COVERED
battle_frontier,304,COVERED
battle_frontier,305,COVERED
battle_frontier,306,COVERED
battle_frontier,307,COVERED
battle_frontier,308,COVERED
battle_frontier,309,COVERED
battle_frontier,310,COVERED
battle_frontier,311,COVERED
battle_frontier,312,COVERED
battle_frontier,313,COVERED
battle_frontier,314,COVERED
battle_frontier,315,COVERED
battle_frontier,316,COVERED
battle_frontier,317,COVERED
battle_frontier,318,COVERED
battle_frontier,319,COVERED
battle_frontier,320,COVERED
battle_frontier,321,COVERED
battle_frontier,322,TOP
battle_frontier,323,TOP
battle_frontier,324,TOP
battle_frontier,325,TOP
battle_frontier,326,COVERED
battle_frontier,327,COVERED
battle_frontier,328,COVERED
battle_frontier,329,COVERED
battle_frontier,330,COVERED
battle_frontier,331,COVERED
battle_frontier,332,COVERED
battle_frontier,333,COVERED
battle_frontier,334,COVERED
battle_frontier,335,COVERED
battle_frontier,336,TOP
battle_frontier,337,TOP
battle_frontier,338,TOP
battle_frontier,339,TOP
battle_frontier,340,TOP
battle_frontier,341,TOP
battle_frontier,342,TOP
battle_frontier,343,COVERED
battle_frontier,344,COVERED
battle_frontier,345,COVERED
battle_frontier,346,COVERED
battle_frontier,347,COVERED
battle_frontier,348,COVERED
battle_frontier,349,COVERED
battle_frontier,350,COVERED
battle_frontier,351,COVERED
battle_frontier,352,COVERED
battle_frontier,353,COVERED
battle_frontier,354,COVERED
battle_frontier,355,TOP
battle_frontier,356,TOP
battle_frontier,357,COVERED
battle_frontier,358,COVERED
battle_frontier,359,COVERED
battle_frontier,360,TOP
battle_frontier,361,COVERED
battle_frontier,362,COVERED
battle_frontier,363,TOP
battle_frontier,364,COVERED
battle_frontier,365,TOP
battle_frontier,366,TOP
battle_frontier,367,TOP
battle_frontier,368,COVERED
battle_frontier,369,COVERED
battle_frontier,370,COVERED
battle_frontier,371,COVERED
battle_frontier,372,COVERED
battle_frontier,373,TOP
battle_frontier,374,TOP
battle_frontier,375,TOP
battle_frontier,376,COVERED
battle_frontier,377,COVERED
battle_frontier,378,COVERED
battle_frontier,379,COVERED
battle_frontier,380,COVERED
battle_frontier,381,COVERED
battle_frontier,382,COVERED
battle_frontier,383,COVERED
battle_frontier,384,COVERED
battle_frontier,385,COVERED
battle_frontier,386,COVERED
battle_frontier,387,COVERED
battle_frontier,388,COVERED
battle_frontier,389,COVERED
battle_frontier,390,COVERED
battle_frontier,391,COVERED
battle_frontier,392,COVERED
battle_frontier,393,COVERED
battle_frontier,394,COVERED
battle_frontier,395,COVERED
battle_frontier,396,COVERED
battle_frontier,397,COVERED
battle_frontier,398,COVERED
battle_frontier,399,COVERED
battle_frontier,400,COVERED
battle_frontier,401,COVERED
battle_frontier,402,COVERED
battle_frontier,403,COVERED
battle_frontier,404,COVERED
battle_frontier,405,COVERED
battle_frontier,406,COVERED
battle_frontier,407,COVERED
battle_frontier,408,COVERED
battle_frontier,409,COVERED
battle_frontier,410,COVERED
battle_frontier,411,COVERED
battle_frontier,412,COVERED
battle_frontier,413,COVERED
battle_frontier,414,COVERED
battle_frontier,415,COVERED
battle_frontier,416,COVERED
battle_frontier,417,COVERED
battle_frontier,418,COVERED
battle_frontier,419,COVERED
battle_frontier,420,COVERED
battle_frontier,421,COVERED
battle_frontier,422,TOP
battle_frontier,423,TOP
battle_frontier,424,COVERED
battle_frontier,425,COVERED
battle_frontier,426,COVERED
battle_frontier,427,COVERED
battle_frontier,428,COVERED
battle_frontier,429,COVERED
battle_frontier,430,COVERED
battle_frontier,431,COVERED
battle_frontier,432,COVERED
battle_frontier,433,COVERED
battle_frontier,434,COVERED
battle_frontier,435,COVERED
battle_frontier,436,COVERED
battle_frontier,437,COVERED
battle_frontier,438,COVERED
battle_frontier,439,COVERED
battle_frontier,440,TOP
battle_frontier,441,TOP
battle_frontier,442,TOP
battle_frontier,443,TOP
battle_frontier,444,TOP
battle_frontier,445,TOP
battle_frontier,446,COVERED
battle_frontier,447,COVERED
battle_frontier,448,TOP
battle_frontier,449,TOP
battle_frontier,450,COVERED
battle_frontier,451,TOP
battle_frontier,452,TOP
battle_frontier,453,TOP
battle_frontier,454,COVERED
battle_frontier,455,COVERED
battle_frontier,456,TOP
battle_frontier,457,TOP
battle_frontier,458,TOP
battle_frontier,459,TOP
battle_frontier,460,TOP
battle_frontier,461,TOP
battle_frontier,462,COVERED
battle_frontier,463,COVERED
battle_frontier,464,TOP
battle_frontier,465,TOP
battle_frontier,466,TOP
battle_frontier,467,TOP
battle_frontier,468,TOP
battle_frontier,469,TOP
battle_frontier,470,COVERED
battle_frontier,471,COVERED
battle_frontier,472,COVERED
battle_frontier,473,COVERED
battle_frontier,474,COVERED
battle_frontier,475,TOP
battle_frontier,476,TOP
battle_frontier,477,COVERED
battle_frontier,478,COVERED
battle_frontier,479,COVERED
battle_frontier,480,COVERED
battle_frontier,481,COVERED
battle_frontier,482,COVERED
battle_frontier,483,COVERED
battle_frontier,484,COVERED
battle_frontier,485,COVERED
battle_frontier,486,COVERED
battle_frontier,487,COVERED
battle_frontier,488,COVERED
battle_frontier,489,TOP
battle_frontier,490,TOP
battle_frontier,491,TOP
battle_frontier,492,COVERED
battle_frontier,493,COVERED
battle_frontier,494,COVERED
battle_frontier,495,COVERED
battle_frontier,496,COVERED
battle_frontier,497,COVERED
battle_frontier,498,COVERED
battle_frontier,499,COVERED
battle_frontier,500,COVERED
battle_frontier,501,COVERED
battle_frontier,502,COVERED
battle_frontier,503,COVERED
battle_frontier,504,COVERED
battle_frontier,505,COVERED
battle_frontier,506,TOP
battle_frontier,507,COVERED
battle_frontier,508,COVERED
brendans_mays_house,0,COVERED
brendans_mays_house,1,TOP
brendans_mays_house,2,TOP
brendans_mays_house,3,TOP
brendans_mays_house,4,TOP
brendans_mays_house,5,TOP
brendans_mays_house,6,COVERED
brendans_mays_house,7,COVERED
brendans_mays_house,8,TOP
brendans_mays_house,9,TOP
brendans_mays_house,10,TOP
brendans_mays_house,11,TOP
brendans_mays_house,12,TOP
brendans_mays_house,13,TOP
brendans_mays_house,14,TOP
brendans_mays_house,15,COVERED
brendans_mays_house,16,TOP
brendans_mays_house,17,TOP
brendans_mays_house,18,TOP
brendans_mays_house,19,TOP
brendans_mays_house,20,TOP
brendans_mays_house,21,TOP
brendans_mays_house,22,TOP
brendans_mays_house,23,COVERED
brendans_mays_house,24,TOP
brendans_mays_house,25,COVERED
brendans_mays_house,26,COVERED
brendans_mays_house,27,COVERED
brendans_mays_house,28,COVERED
brendans_mays_house,29,TOP
brendans_mays_house,30,TOP
brendans_mays_house,31,TOP
brendans_mays_house,32,TOP
brendans_mays_house,33,COVERED
brendans_mays_house,34,COVERED
brendans_mays_house,35,COVERED
brendans_mays_house,36,COVERED
brendans_mays_house,37,TOP
brendans_mays_house,38,TOP
brendans_mays_house,39,COVERED
brendans_mays_house,40,TOP
brendans_mays_house,41,COVERED
brendans_mays_house,42,COVERED
brendans_mays_house,43,COVERED
brendans_mays_house,44,COVERED
brendans_mays_house,45,TOP
brendans_mays_house,46,TOP
brendans_mays_house,47,COVERED
brendans_mays_house,48,COVERED
brendans_mays_house,49,COVERED
brendans_mays_house,50,COVERED
brendans_mays_house,51,COVERED
brendans_mays_house,52,COVERED
brendans_mays_house,53,TOP
brendans_mays_house,54,TOP
brendans_mays_house,55,TOP
brendans_mays_house,56,COVERED
brendans_mays_house,57,COVERED
brendans_mays_house,58,COVERED
brendans_mays_house,59,COVERED
brendans_mays_house,60,COVERED
brendans_mays_house,61,TOP
brendans_mays_house,62,TOP
brendans_mays_house,63,COVERED
brendans_mays_house,64,COVERED
brendans_mays_house,65,COVERED
brendans_mays_house,66,TOP
brendans_mays_house,67,COVERED
brendans_mays_house,68,COVERED
brendans_mays_house,69,COVERED
brendans_mays_house,70,TOP
brendans_mays_house,71,COVERED
brendans_mays_house,72,COVERED
brendans_mays_house,73,COVERED
brendans_mays_house,74,COVERED
brendans_mays_house,75,COVERED
brendans_mays_house,76,COVERED
brendans_mays_house,77,TOP
brendans_mays_house,78,COVERED
brendans_mays_house,79,COVERED
brendans_mays_house,80,TOP
brendans_mays_house,81,COVERED
brendans_mays_house,82,COVERED
brendans_mays_house,83,TOP
brendans_mays_house,84,TOP
brendans_mays_house,85,COVERED
brendans_mays_house,86,TOP
brendans_mays_house,87,COVERED
brendans_mays_house,88,COVERED
brendans_mays_house,89,COVERED
brendans_mays_house,90,COVERED
brendans_mays_house,91,COVERED
brendans_mays_house,92,TOP
brendans_mays_house,93,COVERED
brendans_mays_house,94,COVERED
brendans_mays_house,95,TOP
brendans_mays_house,96,COVERED
brendans_mays_house,97,COVERED
brendans_mays_house,98,COVERED
brendans_mays_house,99,COVERED
brendans_mays_house,100,COVERED
brendans_mays_house,101,COVERED
brendans_mays_house,102,COVERED
brendans_mays_house,103,COVERED
brendans_mays_house,104,COVERED
brendans_mays_house,105,TOP
brendans_mays_house,106,TOP
brendans_mays_house,107,COVERED
brendans_mays_house,108,COVERED
brendans_mays_house,109,TOP
brendans_mays_house,110,TOP
brendans_mays_house,111,TOP
brendans_mays_house,112,COVERED
brendans_mays_house,113,COVERED
brendans_mays_house,114,COVERED
brendans_mays_house,115,COVERED
brendans_mays_house,116,COVERED
brendans_mays_house,117,TOP
brendans_mays_house,118,TOP
brendans_mays_house,119,TOP
brendans_mays_house,120,TOP
brendans_mays_house,121,TOP
brendans_mays_house,122,TOP
brendans_mays_house,123,COVERED
brendans_mays_house,124,COVERED
brendans_mays_house,125,COVERED
brendans_mays_house,126,COVERED
brendans_mays_house,127,COVERED
brendans_mays_house,128,COVERED
brendans_mays_house,129,COVERED
brendans_mays_house,130,COVERED
brendans_mays_house,131,TOP
brendans_mays_house,132,TOP
brendans_mays_house,133,TOP
brendans_mays_house,134,COVERED
brendans_mays_house,135,COVERED
brendans_mays_house,136,TOP
brendans_mays_house,137,TOP
brendans_mays_house,138,TOP
brendans_mays_house,139,COVERED
brendans_mays_house,140,COVERED
brendans_mays_house,141,COVERED
brendans_mays_house,142,COVERED
brendans_mays_house,143,COVERED
brendans_mays_house,144,COVERED
brendans_mays_house,145,COVERED
brendans_mays_house,146,COVERED
brendans_mays_house,147,COVERED
brendans_mays_house,148,COVERED
brendans_mays_house,149,COVERED
brendans_mays_house,150,COVERED
brendans_mays_house,151,COVERED
brendans_mays_house,152,TOP
brendans_mays_house,153,COVERED
brendans_mays_house,154,TOP
brendans_mays_house,155,TOP
brendans_mays_house,156,COVERED
brendans_mays_house,157,TOP
brendans_mays_house,158,COVERED
brendans_mays_house,159,COVERED
brendans_mays_house,160,TOP
brendans_mays_house,161,COVERED
brendans_mays_house,162,TOP
brendans_mays_house,163,TOP
brendans_mays_house,164,COVERED
brendans_mays_house,165,TOP
brendans_mays_house,166,COVERED
brendans_mays_house,167,COVERED
brendans_mays_house,168,TOP
brendans_mays_house,169,COVERED
brendans_mays_house,170,TOP
brendans_mays_house,171,TOP
brendans_mays_house,172,COVERED
brendans_mays_house,173,TOP
brendans_mays_house,174,COVERED
brendans_mays_house,175,COVERED
brendans_mays_house,176,TOP
brendans_mays_house,177,COVERED
brendans_mays_house,178,COVERED
brendans_mays_house,179,COVERED
brendans_mays_house,180,COVERED
brendans_mays_house,181,COVERED
brendans_mays_house,182,COVERED
brendans_mays_house,183,COVERED
brendans_mays_house,184,TOP
brendans_mays_house,185,COVERED
brendans_mays_house,186,COVERED
brendans_mays_house,187,TOP
brendans_mays_house,188,COVERED
brendans_mays_house,189,COVERED
brendans_mays_house,190,COVERED
brendans_mays_house,191,COVERED
brendans_mays_house,192,COVERED
brendans_mays_house,193,COVERED
brendans_mays_house,194,COVERED
brendans_mays_house,195,COVERED
oreburgh_south,0,COVERED
oreburgh_south,1,COVERED
oreburgh_south,2,TOP
oreburgh_south,3,TOP
oreburgh_south,4,TOP
oreburgh_south,5,TOP
oreburgh_south,6,COVERED
oreburgh_south,7,COVERED
oreburgh_south,8,COVERED
oreburgh_south,9,TOP
oreburgh_south,10,TOP
oreburgh_south,11,TOP
oreburgh_south,12,TOP
oreburgh_south,13,TOP
oreburgh_south,14,TOP
oreburgh_south,15,COVERED
oreburgh_south,16,COVERED
oreburgh_south,17,COVERED
oreburgh_south,18,TOP
oreburgh_south,19,TOP
oreburgh_south,20,TOP
oreburgh_south,21,TOP
oreburgh_south,22,COVERED
oreburgh_south,23,COVERED
oreburgh_south,24,COVERED
oreburgh_south,25,COVERED
oreburgh_south,26,COVERED
oreburgh_south,27,COVERED
oreburgh_south,28,COVERED
oreburgh_south,29,NORMAL
oreburgh_south,30,NORMAL
oreburgh_south,31,SPLIT
oreburgh_south,32,COVERED
oreburgh_south,33,COVERED
oreburgh_south,34,COVERED
oreburgh_south,35,COVERED
oreburgh_south,36,COVERED
oreburgh_south,37,NORMAL
oreburgh_south,38,COVERED
oreburgh_south,39,COVERED
oreburgh_south,40,NORMAL
oreburgh_south,41,TOP
oreburgh_south,42,TOP
oreburgh_south,43,TOP
oreburgh_south,44,TOP
oreburgh_south,45,TOP
oreburgh_south,46,NORMAL
oreburgh_south,47,COVERED
oreburgh_south,48,COVERED
oreburgh_south,49,COVERED
oreburgh_south,50,COVERED
oreburgh_south,51,COVERED
oreburgh_south,52,COVERED
oreburgh_south,53,COVERED
oreburgh_south,54,COVERED
oreburgh_south,55,COVERED
oreburgh_south,56,COVERED
oreburgh_south,57,COVERED
oreburgh_south,58,COVERED
oreburgh_south,59,COVERED
oreburgh_south,60,COVERED
oreburgh_south,61,COVERED
oreburgh_south,62,COVERED
oreburgh_south,63,COVERED
oreburgh_south,64,SPLIT
oreburgh_south,65,TOP
oreburgh_south,66,TOP
oreburgh_south,67,SPLIT
oreburgh_south,68,SPLIT
oreburgh_south,69,SPLIT
oreburgh_south,70,SPLIT
oreburgh_south,71,COVERED
oreburgh_south,72,NORMAL
oreburgh_south,73,TOP
oreburgh_south,74,TOP
oreburgh_south,75,NORMAL
oreburgh_south,76,SPLIT
oreburgh_south,77,COVERED
oreburgh_south,78,COVERED
oreburgh_south,79,COVERED
oreburgh_south,80,COVERED
oreburgh_south,81,TOP
oreburgh_south,82,COVERED
oreburgh_south,83,COVERED
oreburgh_south,84,COVERED
oreburgh_south,85,NORMAL
oreburgh_south,86,SPLIT
oreburgh_south,87,SPLIT
oreburgh_south,88,COVERED
oreburgh_south,89,COVERED
oreburgh_south,90,COVERED
oreburgh_south,91,COVERED
oreburgh_south,92,COVERED
oreburgh_south,93,NORMAL
oreburgh_south,94,NORMAL
oreburgh_south,95,NORMAL
oreburgh_south,96,SPLIT
oreburgh_south,97,SPLIT
oreburgh_south,98,SPLIT
oreburgh_south,99,NORMAL
oreburgh_south,100,NORMAL
oreburgh_south,101,NORMAL
oreburgh_south,102,NORMAL
oreburgh_south,103,NORMAL
oreburgh_south,104,NORMAL
oreburgh_south,105,NORMAL
oreburgh_south,106,NORMAL
oreburgh_south,107,NORMAL
oreburgh_south,108,NORMAL
oreburgh_south,109,NORMAL
oreburgh_south,110,COVERED
oreburgh_south,111,COVERED
oreburgh_south,112,COVERED
oreburgh_south,113,COVERED
oreburgh_south,114,COVERED
oreburgh_south,115,COVERED
oreburgh_south,116,NORMAL
oreburgh_south,117,NORMAL
oreburgh_south,118,COVERED
oreburgh_south,119,NORMAL
oreburgh_south,120,TOP
oreburgh_south,121,COVERED
oreburgh_south,122,COVERED
oreburgh_south,123,COVERED
oreburgh_south,124,TOP
oreburgh_south,125,SPLIT
oreburgh_south,126,SPLIT
oreburgh_south,127,SPLIT
oreburgh_south,128,TOP
oreburgh_south,129,TOP
oreburgh_south,130,TOP
oreburgh_south,131,TOP
oreburgh_south,132,TOP
oreburgh_south,133,SPLIT
oreburgh_south,134,SPLIT
oreburgh_south,135,SPLIT
oreburgh_south,136,SPLIT
oreburgh_south,137,SPLIT
oreburgh_south,138,SPLIT
oreburgh_south,139,SPLIT
oreburgh_south,140,SPLIT
oreburgh_south,141,SPLIT
oreburgh_south,142,SPLIT
oreburgh_south,143,SPLIT
oreburgh_south,144,SPLIT
oreburgh_south,145,SPLIT
oreburgh_south,146,SPLIT
oreburgh_south,147,SPLIT
oreburgh_south,148,SPLIT
oreburgh_south,149,SPLIT
oreburgh_south,150,SPLIT
oreburgh_south,151,SPLIT
oreburgh_south,152,COVERED
oreburgh_south,153,COVERED
oreburgh_south,154,COVERED
oreburgh_south,155,COVERED
oreburgh_south,156,COVERED
oreburgh_south,157,COVERED
oreburgh_south,158,COVERED
oreburgh_south,159,COVERED
oreburgh_south,160,COVERED
oreburgh_south,161,COVERED
oreburgh_south,162,COVERED
oreburgh_south,163,COVERED
oreburgh_south,164,COVERED
oreburgh_south,165,COVERED
oreburgh_south,166,COVERED
oreburgh_south,167,COVERED
oreburgh_south,168,COVERED
oreburgh_south,169,COVERED
oreburgh_south,170,COVERED
oreburgh_south,171,COVERED
oreburgh_south,172,COVERED
oreburgh_south,173,COVERED
oreburgh_south,174,COVERED
oreburgh_south,175,COVERED
oreburgh_south,176,COVERED
oreburgh_south,177,COVERED
oreburgh_south,178,COVERED
oreburgh_south,179,COVERED
oreburgh_south,180,COVERED
oreburgh_south,181,COVERED
oreburgh_south,182,COVERED
oreburgh_south,183,COVERED
oreburgh_south,184,COVERED
oreburgh_south,185,COVERED
oreburgh_south,186,COVERED
oreburgh_south,187,COVERED
oreburgh_south,188,COVERED
oreburgh_south,189,COVERED
oreburgh_south,190,COVERED
oreburgh_south,191,COVERED
oreburgh_south,192,COVERED
oreburgh_south,193,COVERED
oreburgh_south,194,COVERED
oreburgh_south,195,COVERED
oreburgh_south,196,COVERED
oreburgh_south,197,COVERED
oreburgh_south,198,COVERED
oreburgh_south,199,COVERED
oreburgh_south,200,COVERED
oreburgh_south,201,COVERED
oreburgh_south,202,COVERED
oreburgh_south,203,COVERED
oreburgh_south,204,COVERED
oreburgh_south,205,COVERED
oreburgh_south,206,COVERED
oreburgh_south,207,COVERED
oreburgh_south,208,COVERED
oreburgh_south,209,COVERED
oreburgh_south,210,COVERED
oreburgh_south,211,COVERED
oreburgh_south,212,COVERED
oreburgh_south,213,COVERED
oreburgh_south,214,COVERED
oreburgh_south,215,COVERED
oreburgh_south,216,COVERED
oreburgh_south,217,COVERED
oreburgh_south,218,COVERED
oreburgh_south,219,COVERED
oreburgh_south,220,COVERED
oreburgh_south,221,COVERED
oreburgh_south,222,COVERED
oreburgh_south,223,COVERED
oreburgh_south,224,COVERED
oreburgh_south,225,COVERED
oreburgh_south,226,COVERED
oreburgh_south,227,COVERED
oreburgh_south,228,COVERED
oreburgh_south,229,COVERED
oreburgh_south,230,COVERED
oreburgh_south,231,COVERED
oreburgh_south,232,COVERED
oreburgh_south,233,COVERED
oreburgh_south,234,COVERED
oreburgh_south,235,COVERED
oreburgh_south,236,COVERED
oreburgh_south,237,COVERED
oreburgh_south,238,COVERED
oreburgh_south,239,COVERED
oreburgh_south,240,COVERED
oreburgh_south,241,COVERED
oreburgh_south,242,COVERED
oreburgh_south,243,COVERED
oreburgh_south,244,COVERED
oreburgh_south,245,COVERED
oreburgh_south,246,COVERED
oreburgh_south,247,COVERED
oreburgh_south,248,COVERED
oreburgh_south,249,COVERED
oreburgh_south,250,COVERED
oreburgh_south,251,COVERED
oreburgh_south,252,COVERED
oreburgh_south,253,COVERED
oreburgh_south,254,COVERED
oreburgh_south,255,COVERED
navel_rock,0,COVERED
navel_rock,1,TOP
navel_rock,2,COVERED
navel_rock,3,COVERED
navel_rock,4,TOP
navel_rock,5,TOP
navel_rock,6,TOP
navel_rock,7,TOP
navel_rock,8,TOP
navel_rock,9,TOP
navel_rock,10,TOP
navel_rock,11,TOP
navel_rock,12,TOP
navel_rock,13,TOP
navel_rock,14,COVERED
navel_rock,15,COVERED
navel_rock,16,TOP
navel_rock,17,TOP
navel_rock,18,TOP
navel_rock,19,TOP
navel_rock,20,TOP
navel_rock,21,TOP
navel_rock,22,COVERED
navel_rock,23,COVERED
navel_rock,24,TOP
navel_rock,25,TOP
navel_rock,26,TOP
navel_rock,27,TOP
navel_rock,28,TOP
navel_rock,29,COVERED
navel_rock,30,COVERED
navel_rock,31,COVERED
navel_rock,32,COVERED
navel_rock,33,COVERED
navel_rock,34,COVERED
navel_rock,35,COVERED
navel_rock,36,COVERED
navel_rock,37,COVERED
navel_rock,38,COVERED
navel_rock,39,COVERED
navel_rock,40,TOP
navel_rock,41,TOP
navel_rock,42,TOP
navel_rock,43,TOP
navel_rock,44,TOP
navel_rock,45,TOP
navel_rock,46,TOP
navel_rock,47,COVERED
navel_rock,48,COVERED
navel_rock,49,COVERED
navel_rock,50,TOP
navel_rock,51,TOP
navel_rock,52,TOP
navel_rock,53,TOP
navel_rock,54,TOP
navel_rock,55,TOP
navel_rock,56,TOP
navel_rock,57,TOP
navel_rock,58,TOP
navel_rock,59,TOP
navel_rock,60,TOP
navel_rock,61,COVERED
navel_rock,62,COVERED
navel_rock,63,TOP
navel_rock,64,TOP
navel_rock,65,TOP
navel_rock,66,TOP
navel_rock,67,TOP
navel_rock,68,COVERED
navel_rock,69,TOP
navel_rock,70,COVERED
navel_rock,71,TOP
navel_rock,72,TOP
navel_rock,73,TOP
navel_rock,74,TOP
navel_rock,75,TOP
navel_rock,76,TOP
navel_rock,77,TOP
navel_rock,78,TOP
navel_rock,79,TOP
navel_rock,80,COVERED
navel_rock,81,TOP
navel_rock,82,TOP
navel_rock,83,COVERED
navel_rock,84,COVERED
navel_rock,85,COVERED
navel_rock,86,COVERED
navel_rock,87,COVERED
navel_rock,88,COVERED
navel_rock,89,COVERED
navel_rock,90,COVERED
navel_rock,91,COVERED
navel_rock,92,COVERED
navel_rock,93,COVERED
navel_rock,94,TOP
navel_rock,95,TOP
navel_rock,96,TOP
navel_rock,97,TOP
navel_rock,98,COVERED
navel_rock,99,COVERED
navel_rock,100,COVERED
navel_rock,101,COVERED
navel_rock,102,COVERED
navel_rock,103,TOP
navel_rock,104,COVERED
navel_rock,105,COVERED
navel_rock,106,COVERED
navel_rock,107,COVERED
navel_rock,108,COVERED
navel_rock,109,COVERED
navel_rock,110,COVERED
navel_rock,111,COVERED
navel_rock,112,COVERED
navel_rock,113,COVERED
navel_rock,114,COVERED
navel_rock,115,COVERED
navel_rock,116,COVERED
navel_rock,117,TOP
navel_rock,118,TOP
navel_rock,119,TOP
navel_rock,120,COVERED
navel_rock,121,COVERED
navel_rock,122,COVERED
navel_rock,123,COVERED
navel_rock,124,COVERED
navel_rock,125,COVERED
navel_rock,126,COVERED
navel_rock,127,TOP
navel_rock,128,COVERED
navel_rock,129,COVERED
navel_rock,130,COVERED
navel_rock,131,COVERED
navel_rock,132,TOP
navel_rock,133,COVERED
navel_rock,134,COVERED
navel_rock,135,TOP
navel_rock,136,COVERED
navel_rock,137,COVERED
navel_rock,138,COVERED
navel_rock,139,TOP
navel_rock,140,COVERED
navel_rock,141,COVERED
navel_rock,142,COVERED
navel_rock,143,TOP
navel_rock,144,COVERED
navel_rock,145,COVERED
navel_rock,146,COVERED
navel_rock,147,COVERED
navel_rock,148,COVERED
navel_rock,149,COVERED
navel_rock,150,COVERED
navel_rock,151,COVERED
navel_rock,152,COVERED
navel_rock,153,COVERED
navel_rock,154,COVERED
navel_rock,155,COVERED
navel_rock,156,COVERED
navel_rock,157,COVERED
navel_rock,158,COVERED
navel_rock,159,COVERED
navel_rock,160,COVERED
navel_rock,161,COVERED
navel_rock,162,COVERED
navel_rock,163,COVERED
navel_rock,164,TOP
navel_rock,165,COVERED
navel_rock,166,COVERED
navel_rock,167,COVERED
navel_rock,168,COVERED
navel_rock,169,COVERED
navel_rock,170,COVERED
navel_rock,171,COVERED
navel_rock,172,COVERED
navel_rock,173,COVERED
navel_rock,174,COVERED
navel_rock,175,COVERED
navel_rock,176,COVERED
navel_rock,177,COVERED
navel_rock,178,COVERED
navel_rock,179,COVERED
navel_rock,180,COVERED
navel_rock,181,COVERED
navel_rock,182,COVERED
navel_rock,183,COVERED
navel_rock,184,COVERED
navel_rock,185,COVERED
navel_rock,186,COVERED
navel_rock,187,TOP
navel_rock,188,TOP
navel_rock,189,TOP
navel_rock,190,TOP
navel_rock,191,TOP
navel_rock,192,COVERED
navel_rock,193,COVERED
navel_rock,194,COVERED
navel_rock,195,TOP
navel_rock,196,TOP
navel_rock,197,TOP
navel_rock,198,TOP
navel_rock,199,TOP
navel_rock,200,TOP
navel_rock,201,TOP
navel_rock,202,TOP
navel_rock,203,TOP
navel_rock,204,TOP
navel_rock,205,TOP
navel_rock,206,TOP
navel_rock,207,TOP
navel_rock,208,COVERED
navel_rock,209,COVERED
navel_rock,210,COVERED
navel_rock,211,TOP
navel_rock,212,TOP
navel_rock,213,COVERED
navel_rock,214,COVERED
navel_rock,215,COVERED
navel_rock,216,COVERED
navel_rock,217,COVERED
navel_rock,218,COVERED
navel_rock,219,COVERED
navel_rock,220,COVERED
navel_rock,221,TOP
navel_rock,222,TOP
navel_rock,223,COVERED
navel_rock,224,COVERED
navel_rock,225,COVERED
navel_rock,226,COVERED
navel_rock,227,TOP
navel_rock,228,TOP
navel_rock,229,COVERED
navel_rock,230,COVERED
navel_rock,231,COVERED
navel_rock,232,COVERED
navel_rock,233,COVERED
navel_rock,234,COVERED
navel_rock,235,TOP
navel_rock,236,TOP
navel_rock,237,COVERED
navel_rock,238,COVERED
navel_rock,239,COVERED
navel_rock,240,COVERED
navel_rock,241,COVERED
navel_rock,242,COVERED
navel_rock,243,COVERED
navel_rock,244,COVERED
navel_rock,245,TOP
navel_rock,246,TOP
navel_rock,247,COVERED
navel_rock,248,COVERED
navel_rock,249,COVERED
navel_rock,250,COVERED
navel_rock,251,COVERED
navel_rock,252,COVERED
navel_rock,253,COVERED
navel_rock,254,TOP
navel_rock,255,TOP
navel_rock,256,COVERED
navel_rock,257,COVERED
navel_rock,258,COVERED
navel_rock,259,COVERED
navel_rock,260,COVERED
navel_rock,261,COVERED
navel_rock,262,TOP
navel_rock,263,TOP
navel_rock,264,COVERED
navel_rock,265,COVERED
navel_rock,266,COVERED
navel_rock,267,COVERED
navel_rock,268,COVERED
navel_rock,269,COVERED
navel_rock,270,TOP
navel_rock,271,COVERED
navel_rock,272,COVERED
navel_rock,273,COVERED
navel_rock,274,COVERED
navel_rock,275,COVERED
navel_rock,276,COVERED
navel_rock,277,COVERED
navel_rock,278,TOP
navel_rock,279,COVERED
navel_rock,280,COVERED
navel_rock,281,COVERED
navel_rock,282,COVERED
navel_rock,283,TOP
navel_rock,284,TOP
navel_rock,285,TOP
navel_rock,286,TOP
navel_rock,287,TOP
navel_rock,288,COVERED
navel_rock,289,COVERED
navel_rock,290,COVERED
navel_rock,291,TOP
navel_rock,292,COVERED
navel_rock,293,COVERED
navel_rock,294,TOP
navel_rock,295,TOP
navel_rock,296,COVERED
navel_rock,297,COVERED
navel_rock,298,COVERED
navel_rock,299,COVERED
navel_rock,300,COVERED
navel_rock,301,TOP
navel_rock,302,TOP
navel_rock,303,TOP
navel_rock,304,COVERED
navel_rock,305,COVERED
navel_rock,306,COVERED
navel_rock,307,TOP
navel_rock,308,COVERED
navel_rock,309,TOP
navel_rock,310,TOP
navel_rock,311,TOP
navel_rock,312,COVERED
navel_rock,313,COVERED
navel_rock,314,COVERED
navel_rock,315,TOP
navel_rock,316,TOP
navel_rock,317,COVERED
navel_rock,318,COVERED
navel_rock,319,COVERED
navel_rock,320,COVERED
navel_rock,321,COVERED
navel_rock,322,COVERED
navel_rock,323,COVERED
navel_rock,324,COVERED
navel_rock,325,COVERED
navel_rock,326,COVERED
navel_rock,327,COVERED
navel_rock,328,COVERED
navel_rock,329,COVERED
navel_rock,330,COVERED
navel_rock,331,COVERED
navel_rock,332,COVERED
navel_rock,333,COVERED
navel_rock,334,COVERED
navel_rock,335,COVERED
navel_rock,336,COVERED
navel_rock,337,COVERED
navel_rock,338,COVERED
navel_rock,339,COVERED
navel_rock,340,COVERED
navel_rock,341,COVERED
navel_rock,342,COVERED
navel_rock,343,COVERED
navel_rock,344,COVERED
navel_rock,345,COVERED
navel_rock,346,COVERED
navel_rock,347,COVERED
navel_rock,348,COVERED
navel_rock,349,COVERED
navel_rock,350,COVERED
navel_rock,351,COVERED
navel_rock,352,COVERED
navel_rock,353,COVERED
navel_rock,354,COVERED
navel_rock,355,COVERED
navel_rock,356,COVERED
navel_rock,357,COVERED
navel_rock,358,COVERED
navel_rock,359,COVERED
navel_rock,360,COVERED
navel_rock,361,COVERED
navel_rock,362,COVERED
navel_rock,363,COVERED
navel_rock,364,COVERED
navel_rock,365,COVERED
navel_rock,366,COVERED
navel_rock,367,COVERED
navel_rock,368,COVERED
navel_rock,369,COVERED
navel_rock,370,COVERED
navel_rock,371,TOP
navel_rock,372,TOP
navel_rock,373,COVERED
navel_rock,374,COVERED
navel_rock,375,COVERED
navel_rock,376,COVERED
navel_rock,377,COVERED
navel_rock,378,COVERED
navel_rock,379,TOP
navel_rock,380,COVERED
navel_rock,381,COVERED
navel_rock,382,COVERED
navel_rock,383,COVERED
navel_rock,384,COVERED
navel_rock,385,COVERED
navel_rock,386,COVERED
navel_rock,387,COVERED
navel_rock,388,COVERED
navel_rock,389,COVERED
navel_rock,390,COVERED
navel_rock,391,COVERED
navel_rock,392,COVERED
navel_rock,393,COVERED
navel_rock,394,COVERED
navel_rock,395,COVERED
navel_rock,396,COVERED
navel_rock,397,COVERED
navel_rock,398,COVERED
navel_rock,399,COVERED
navel_rock,400,COVERED
navel_rock,401,COVERED
navel_rock,402,COVERED
navel_rock,403,TOP
navel_rock,404,TOP
navel_rock,405,COVERED
navel_rock,406,COVERED
navel_rock,407,COVERED
navel_rock,408,COVERED
navel_rock,409,COVERED
navel_rock,410,COVERED
navel_rock,411,TOP
navel_rock,412,TOP
navel_rock,413,COVERED
navel_rock,414,COVERED
navel_rock,415,COVERED
navel_rock,416,COVERED
navel_rock,417,COVERED
navel_rock,418,COVERED
navel_rock,419,TOP
navel_rock,420,TOP
navel_rock,421,COVERED
navel_rock,422,COVERED
navel_rock,423,COVERED
navel_rock,424,COVERED
navel_rock,425,COVERED
navel_rock,426,COVERED
navel_rock,427,TOP
navel_rock,428,TOP
navel_rock,429,COVERED
navel_rock,430,COVERED
navel_rock,431,COVERED
navel_rock,432,COVERED
navel_rock,433,COVERED
navel_rock,434,COVERED
navel_rock,435,COVERED
navel_rock,436,COVERED
navel_rock,437,COVERED
navel_rock,438,COVERED
navel_rock,439,COVERED
navel_rock,440,COVERED
navel_rock,441,COVERED
navel_rock,442,COVERED
navel_rock,443,COVERED
navel_rock,444,COVERED
navel_rock,445,COVERED
navel_rock,446,COVERED
navel_rock,447,COVERED
navel_rock,448,COVERED
navel_rock,449,COVERED
navel_rock,450,COVERED
meteor_falls,0,TOP
meteor_falls,1,TOP
meteor_falls,2,TOP
meteor_falls,3,COVERED
meteor_falls,4,COVERED
meteor_falls,5,COVERED
meteor_falls,6,TOP
meteor_falls,7,TOP
meteor_falls,8,COVERED
meteor_falls,9,COVERED
meteor_falls,10,COVERED
meteor_falls,11,COVERED
meteor_falls,12,COVERED
meteor_falls,13,TOP
meteor_falls,14,COVERED
meteor_falls,15,COVERED
meteor_falls,16,COVERED
meteor_falls,17,TOP
meteor_falls,18,COVERED
meteor_falls,19,TOP
meteor_falls,20,TOP
meteor_falls,21,TOP
meteor_falls,22,TOP
meteor_falls,23,COVERED
meteor_falls,24,COVERED
meteor_falls,25,COVERED
meteor_falls,26,COVERED
meteor_falls,27,TOP
meteor_falls,28,COVERED
meteor_falls,29,TOP
meteor_falls,30,COVERED
meteor_falls,31,COVERED
meteor_falls,32,COVERED
meteor_falls,33,COVERED
meteor_falls,34,COVERED
meteor_falls,35,COVERED
meteor_falls,36,TOP
meteor_falls,37,COVERED
meteor_falls,38,COVERED
meteor_falls,39,COVERED
meteor_falls,40,COVERED
meteor_falls,41,TOP
meteor_falls,42,COVERED
meteor_falls,43,COVERED
meteor_falls,44,COVERED
meteor_falls,45,COVERED
meteor_falls,46,TOP
meteor_falls,47,TOP
meteor_falls,48,COVERED
meteor_falls,49,TOP
meteor_falls,50,COVERED
meteor_falls,51,COVERED
meteor_falls,52,TOP
meteor_falls,53,COVERED
meteor_falls,54,COVERED
meteor_falls,55,COVERED
meteor_falls,56,TOP
meteor_falls,57,TOP
meteor_falls,58,TOP
meteor_falls,59,TOP
meteor_falls,60,TOP
meteor_falls,61,TOP
meteor_falls,62,TOP
meteor_falls,63,TOP
meteor_falls,64,TOP
meteor_falls,65,TOP
meteor_falls,66,TOP
meteor_falls,67,TOP
meteor_falls,68,TOP
meteor_falls,69,TOP
meteor_falls,70,TOP
meteor_falls,71,TOP
meteor_falls,72,COVERED
meteor_falls,73,COVERED
meteor_falls,74,COVERED
meteor_falls,75,TOP
meteor_falls,76,TOP
meteor_falls,77,TOP
meteor_falls,78,TOP
meteor_falls,79,TOP
meteor_falls,80,COVERED
meteor_falls,81,COVERED
meteor_falls,82,COVERED
meteor_falls,83,TOP
meteor_falls,84,TOP
meteor_falls,85,TOP
meteor_falls,86,TOP
meteor_falls,87,TOP
meteor_falls,88,COVERED
meteor_falls,89,COVERED
meteor_falls,90,COVERED
meteor_falls,91,TOP
meteor_falls,92,TOP
meteor_falls,93,TOP
meteor_falls,94,TOP
meteor_falls,95,TOP
meteor_falls,96,TOP
meteor_falls,97,TOP
meteor_falls,98,TOP
meteor_falls,99,COVERED
meteor_falls,100,TOP
meteor_falls,101,TOP
meteor_falls,102,TOP
meteor_falls,103,TOP
meteor_falls,104,TOP
meteor_falls,105,TOP
meteor_falls,106,TOP
meteor_falls,107,TOP
meteor_falls,108,TOP
meteor_falls,109,TOP
meteor_falls,110,TOP
meteor_falls,111,TOP
meteor_falls,112,TOP
meteor_falls,113,TOP
meteor_falls,114,TOP
meteor_falls,115,TOP
meteor_falls,116,TOP
meteor_falls,117,TOP
meteor_falls,118,TOP
meteor_falls,119,TOP
meteor_falls,120,TOP
meteor_falls,121,TOP
meteor_falls,122,TOP
meteor_falls,123,TOP
meteor_falls,124,TOP
meteor_falls,125,COVERED
meteor_falls,126,COVERED
meteor_falls,127,COVERED
meteor_falls,128,COVERED
meteor_falls,129,COVERED
meteor_falls,130,TOP
meteor_falls,131,TOP
meteor_falls,132,TOP
meteor_falls,133,COVERED
meteor_falls,134,COVERED
meteor_falls,135,COVERED
meteor_falls,136,TOP
meteor_falls,137,TOP
meteor_falls,138,TOP
meteor_falls,139,TOP
meteor_falls,140,TOP
meteor_falls,141,TOP
meteor_falls,142,TOP
meteor_falls,143,COVERED
meteor_falls,144,COVERED
meteor_falls,145,COVERED
meteor_falls,146,COVERED
meteor_falls,147,COVERED
meteor_falls,148,COVERED
meteor_falls,149,TOP
meteor_falls,150,TOP
meteor_falls,151,COVERED
meteor_falls,152,COVERED
meteor_falls,153,COVERED
meteor_falls,154,COVERED
meteor_falls,155,COVERED
meteor_falls,156,COVERED
meteor_falls,157,TOP
meteor_falls,158,TOP
route_204_north,0,COVERED
route_204_north,1,COVERED
route_204_north,2,COVERED
route_204_north,3,COVERED
route_204_north,4,COVERED
route_204_north,5,COVERED
route_204_north,6,COVERED
route_204_north,7,COVERED
route_204_north,8,COVERED
route_204_north,9,TOP
route_204_north,10,COVERED
route_204_north,11,NORMAL
route_204_north,12,COVERED
route_204_north,13,COVERED
route_204_north,14,COVERED
route_204_north,15,COVERED
route_204_north,16,COVERED
route_204_north,17,COVERED
route_204_north,18,COVERED
route_204_north,19,SPLIT
route_204_north,20,COVERED
route_204_north,21,COVERED
route_204_north,22,COVERED
route_204_north,23,COVERED
route_204_north,24,COVERED
route_204_north,25,COVERED
route_204_north,26,COVERED
route_204_north,27,COVERED
route_204_north,28,COVERED
route_204_north,29,NORMAL
route_204_north,30,NORMAL
route_204_north,31,NORMAL
route_204_north,32,SPLIT
route_204_north,33,SPLIT
route_204_north,34,SPLIT
route_204_north,35,COVERED
route_204_north,36,COVERED
route_204_north,37,NORMAL
route_204_north,38,NORMAL
route_204_north,39,NORMAL
route_204_north,40,COVERED
route_204_north,41,NORMAL
route_204_north,42,COVERED
route_204_north,43,COVERED
route_204_north,44,COVERED
route_204_north,45,TOP
route_204_north,46,TOP
route_204_north,47,COVERED
route_204_north,48,NORMAL
route_204_north,49,COVERED
route_204_north,50,COVERED
route_204_north,51,COVERED
route_204_north,52,COVERED
route_204_north,53,COVERED
route_204_north,54,TOP
route_204_north,55,TOP
route_204_north,56,COVERED
route_204_north,57,COVERED
route_204_north,58,COVERED
route_204_north,59,COVERED
route_204_north,60,COVERED
route_204_north,61,TOP
route_204_north,62,NORMAL
route_204_north,63,NORMAL
route_204_north,64,COVERED
route_204_north,65,COVERED
route_204_north,66,COVERED
route_204_north,67,COVERED
route_204_north,68,COVERED
route_204_north,69,TOP
route_204_north,70,TOP
route_204_north,71,TOP
route_204_north,72,COVERED
route_204_north,73,COVERED
route_204_north,74,COVERED
route_204_north,75,COVERED
route_204_north,76,COVERED
route_204_north,77,NORMAL
route_204_north,78,NORMAL
route_204_north,79,NORMAL
route_204_north,80,COVERED
route_204_north,81,COVERED
route_204_north,82,COVERED
route_204_north,83,COVERED
route_204_north,84,COVERED
route_204_north,85,NORMAL
route_204_north,86,TOP
route_204_north,87,COVERED
route_204_north,88,COVERED
route_204_north,89,COVERED
route_204_north,90,COVERED
route_204_north,91,COVERED
route_204_north,92,COVERED
route_204_north,93,COVERED
route_204_north,94,COVERED
route_204_north,95,COVERED
route_204_north,96,COVERED
route_204_north,97,COVERED
route_204_north,98,COVERED
route_204_north,99,COVERED
route_204_north,100,COVERED
route_204_north,101,COVERED
route_204_north,102,COVERED
route_204_north,103,COVERED
route_204_north,104,COVERED
route_204_north,105,COVERED
route_204_north,106,COVERED
route_204_north,107,COVERED
route_204_north,108,COVERED
route_204_north,109,COVERED
route_204_north,110,COVERED
route_204_north,111,COVERED
route_204_north,112,COVERED
route_204_north,113,COVERED
route_204_north,114,COVERED
route_204_north,115,COVERED
route_204_north,116,COVERED
route_204_north,117,COVERED
route_204_north,118,COVERED
route_204_north,119,COVERED
route_204_north,120,COVERED
route_204_north,121,COVERED
route_204_north,122,COVERED
route_204_north,123,COVERED
route_204_north,124,COVERED
route_204_north,125,COVERED
route_204_north,126,COVERED
route_204_north,127,COVERED
pokemon_center,0,COVERED
pokemon_center,1,TOP
pokemon_center,2,TOP
pokemon_center,3,COVERED
pokemon_center,4,COVERED
pokemon_center,5,COVERED
pokemon_center,6,TOP
pokemon_center,7,TOP
pokemon_center,8,COVERED
pokemon_center,9,COVERED
pokemon_center,10,TOP
pokemon_center,11,TOP
pokemon_center,12,TOP
pokemon_center,13,COVERED
pokemon_center,14,COVERED
pokemon_center,15,COVERED
pokemon_center,16,TOP
pokemon_center,17,COVERED
pokemon_center,18,COVERED
pokemon_center,19,TOP
pokemon_center,20,COVERED
pokemon_center,21,COVERED
pokemon_center,22,COVERED
pokemon_center,23,TOP
pokemon_center,24,TOP
pokemon_center,25,COVERED
pokemon_center,26,COVERED
pokemon_center,27,TOP
pokemon_center,28,COVERED
pokemon_center,29,TOP
pokemon_center,30,TOP
pokemon_center,31,TOP
pokemon_center,32,TOP
pokemon_center,33,COVERED
pokemon_center,34,COVERED
pokemon_center,35,COVERED
pokemon_center,36,COVERED
pokemon_center,37,TOP
pokemon_center,38,COVERED
pokemon_center,39,TOP
pokemon_center,40,TOP
pokemon_center,41,TOP
pokemon_center,42,COVERED
pokemon_center,43,COVERED
pokemon_center,44,TOP
pokemon_center,45,COVERED
pokemon_center,46,COVERED
pokemon_center,47,TOP
pokemon_center,48,TOP
pokemon_center,49,TOP
pokemon_center,50,TOP
pokemon_center,51,TOP
pokemon_center,52,COVERED
pokemon_center,53,COVERED
pokemon_center,54,COVERED
pokemon_center,55,TOP
pokemon_center,56,TOP
pokemon_center,57,TOP
pokemon_center,58,TOP
pokemon_center,59,TOP
pokemon_center,60,TOP
pokemon_center,61,COVERED
pokemon_center,62,COVERED
pokemon_center,63,TOP
pokemon_center,64,TOP
pokemon_center,65,TOP
pokemon_center,66,TOP
pokemon_center,67,TOP
pokemon_center,68,TOP
pokemon_center,69,COVERED
pokemon_center,70,COVERED
pokemon_center,71,TOP
pokemon_center,72,COVERED
pokemon_center,73,COVERED
pokemon_center,74,COVERED
pokemon_center,75,COVERED
pokemon_center,76,TOP
pokemon_center,77,TOP
pokemon_center,78,TOP
pokemon_center,79,TOP
pokemon_center,80,COVERED
pokemon_center,81,COVERED
pokemon_center,82,COVERED
pokemon_center,83,COVERED
pokemon_center,84,TOP
pokemon_center,85,TOP
pokemon_center,86,TOP
pokemon_center,87,TOP
pokemon_center,88,COVERED
pokemon_center,89,COVERED
pokemon_center,90,TOP
pokemon_center,91,COVERED
pokemon_center,92,TOP
pokemon_center,93,COVERED
pokemon_center,94,TOP
pokemon_center,95,TOP
pokemon_center,96,COVERED
pokemon_center,97,COVERED
pokemon_center,98,TOP
pokemon_center,99,TOP
pokemon_center,100,TOP
pokemon_center,101,COVERED
pokemon_center,102,COVERED
pokemon_center,103,TOP
pokemon_center,104,TOP
pokemon_center,105,TOP
pokemon_center,106,TOP
pokemon_center,107,TOP
pokemon_center,108,TOP
pokemon_center,109,TOP
pokemon_center,110,TOP
pokemon_center,111,TOP
pokemon_center,112,COVERED
pokemon_center,113,COVERED
pokemon_center,114,COVERED
pokemon_center,115,TOP
pokemon_center,116,TOP
pokemon_center,117,TOP
pokemon_center,118,TOP
pokemon_center,119,TOP
pokemon_center,120,COVERED
pokemon_center,121,COVERED
pokemon_center,122,COVERED
pokemon_center,123,TOP
pokemon_center,124,TOP
pokemon_center,125,TOP
pokemon_center,126,TOP
pokemon_center,127,TOP
pokemon_center,128,TOP
pokemon_center,129,TOP
pokemon_center,130,TOP
pokemon_center,131,TOP
pokemon_center,132,TOP
pokemon_center,133,TOP
pokemon_center,134,TOP
pokemon_center,135,TOP
pokemon_center,136,COVERED
pokemon_center,137,TOP
pokemon_center,138,COVERED
pokemon_center,139,TOP
pokemon_center,140,COVERED
pokemon_center,141,TOP
pokemon_center,142,TOP
pokemon_center,143,TOP
pokemon_center,144,COVERED
pokemon_center,145,TOP
pokemon_center,146,COVERED
pokemon_center,147,TOP
pokemon_center,148,COVERED
pokemon_center,149,TOP
pokemon_center,150,TOP
pokemon_center,151,TOP
pokemon_center,152,TOP
pokemon_center,153,TOP
pokemon_center,154,TOP
pokemon_center,155,TOP
pokemon_center,156,TOP
pokemon_center,157,TOP
pokemon_center,158,COVERED
pokemon_center,159,COVERED
pokemon_center,160,COVERED
pokemon_center,161,TOP
pokemon_center,162,COVERED
pokemon_center,163,TOP
pokemon_center,164,COVERED
pokemon_center,165,TOP
pokemon_center,166,TOP
pokemon_center,167,TOP
pokemon_center,168,COVERED
pokemon_center,169,TOP
pokemon_center,170,COVERED
pokemon_center,171,TOP
pokemon_center,172,COVERED
pokemon_center,173,TOP
pokemon_center,174,COVERED
pokemon_center,175,COVERED
pokemon_center,176,COVERED
pokemon_center,177,COVERED
pokemon_center,178,COVERED
pokemon_center,179,COVERED
pokemon_center,180,COVERED
pokemon_center,181,COVERED
pokemon_center,182,COVERED
pokemon_center,183,TOP
pokemon_center,184,COVERED
pokemon_center,185,TOP
pokemon_center,186,COVERED
pokemon_center,187,COVERED
pokemon_center,188,COVERED
pokemon_center,189,COVERED
pokemon_center,190,TOP
pokemon_center,191,TOP
pokemon_center,192,COVERED
pokemon_center,193,TOP
pokemon_center,194,COVERED
pokemon_center,195,TOP
pokemon_center,196,TOP
pokemon_center,197,TOP
pokemon_center,198,TOP
pokemon_center,199,COVERED
pokemon_center,200,COVERED
pokemon_center,201,COVERED
pokemon_center,202,COVERED
pokemon_center,203,COVERED
pokemon_center,204,COVERED
pokemon_center,205,TOP
pokemon_center,206,TOP
pokemon_center,207,TOP
pokemon_center,208,COVERED
pokemon_center,209,COVERED
pokemon_center,210,COVERED
pokemon_center,211,COVERED
pokemon_center,212,COVERED
pokemon_center,213,COVERED
pokemon_center,214,COVERED
pokemon_center,215,COVERED
pokemon_center,216,TOP
pokemon_center,217,TOP
pokemon_center,218,COVERED
pokemon_center,219,COVERED
pokemon_center,220,TOP
pokemon_center,221,COVERED
pokemon_center,222,COVERED
pokemon_center,223,COVERED
pokemon_center,224,COVERED
pokemon_center,225,COVERED
pokemon_center,226,COVERED
pokemon_center,227,COVERED
pokemon_center,228,TOP
pokemon_center,229,COVERED
pokemon_center,230,COVERED
pokemon_center,231,COVERED
battle_frontier_outside_west,0,COVERED
battle_frontier_outside_west,1,TOP
battle_frontier_outside_west,2,COVERED
battle_frontier_outside_west,3,COVERED
battle_frontier_outside_west,4,TOP
battle_frontier_outside_west,5,COVERED
battle_frontier_outside_west,6,TOP
battle_frontier_outside_west,7,TOP
battle_frontier_outside_west,8,TOP
battle_frontier_outside_west,9,TOP
battle_frontier_outside_west,10,TOP
battle_frontier_outside_west,11,TOP
battle_frontier_outside_west,12,TOP
battle_frontier_outside_west,13,TOP
battle_frontier_outside_west,14,TOP
battle_frontier_outside_west,15,TOP
battle_frontier_outside_west,16,TOP
battle_frontier_outside_west,17,TOP
battle_frontier_outside_west,18,TOP
battle_frontier_outside_west,19,TOP
battle_frontier_outside_west,20,TOP
battle_frontier_outside_west,21,TOP
battle_frontier_outside_west,22,TOP
battle_frontier_outside_west,23,TOP
battle_frontier_outside_west,24,COVERED
battle_frontier_outside_west,25,COVERED
battle_frontier_outside_west,26,COVERED
battle_frontier_outside_west,27,COVERED
battle_frontier_outside_west,28,COVERED
battle_frontier_outside_west,29,COVERED
battle_frontier_outside_west,30,TOP
battle_frontier_outside_west,31,TOP
battle_frontier_outside_west,32,TOP
battle_frontier_outside_west,33,TOP
battle_frontier_outside_west,34,TOP
battle_frontier_outside_west,35,TOP
battle_frontier_outside_west,36,TOP
battle_frontier_outside_west,37,TOP
battle_frontier_outside_west,38,COVERED
battle_frontier_outside_west,39,COVERED
battle_frontier_outside_west,40,COVERED
battle_frontier_outside_west,41,TOP
battle_frontier_outside_west,42,TOP
battle_frontier_outside_west,43,TOP
battle_frontier_outside_west,44,TOP
battle_frontier_outside_west,45,TOP
battle_frontier_outside_west,46,TOP
battle_frontier_outside_west,47,COVERED
battle_frontier_outside_west,48,TOP
battle_frontier_outside_west,49,TOP
battle_frontier_outside_west,50,COVERED
battle_frontier_outside_west,51,TOP
battle_frontier_outside_west,52,COVERED
battle_frontier_outside_west,53,COVERED
battle_frontier_outside_west,54,TOP
battle_frontier_outside_west,55,COVERED
battle_frontier_outside_west,56,TOP
battle_frontier_outside_west,57,TOP
battle_frontier_outside_west,58,TOP
battle_frontier_outside_west,59,TOP
battle_frontier_outside_west,60,TOP
battle_frontier_outside_west,61,TOP
battle_frontier_outside_west,62,TOP
battle_frontier_outside_west,63,COVERED
battle_frontier_outside_west,64,TOP
battle_frontier_outside_west,65,TOP
battle_frontier_outside_west,66,TOP
battle_frontier_outside_west,67,TOP
battle_frontier_outside_west,68,TOP
battle_frontier_outside_west,69,TOP
battle_frontier_outside_west,70,TOP
battle_frontier_outside_west,71,TOP
battle_frontier_outside_west,72,TOP
battle_frontier_outside_west,73,TOP
battle_frontier_outside_west,74,TOP
battle_frontier_outside_west,75,TOP
battle_frontier_outside_west,76,TOP
battle_frontier_outside_west,77,TOP
battle_frontier_outside_west,78,TOP
battle_frontier_outside_west,79,TOP
battle_frontier_outside_west,80,COVERED
battle_frontier_outside_west,81,TOP
battle_frontier_outside_west,82,TOP
battle_frontier_outside_west,83,COVERED
battle_frontier_outside_west,84,COVERED
battle_frontier_outside_west,85,COVERED
battle_frontier_outside_west,86,COVERED
battle_frontier_outside_west,87,TOP
battle_frontier_outside_west,88,TOP
battle_frontier_outside_west,89,TOP
battle_frontier_outside_west,90,COVERED
battle_frontier_outside_west,91,TOP
battle_frontier_outside_west,92,COVERED
battle_frontier_outside_west,93,COVERED
battle_frontier_outside_west,94,COVERED
battle_frontier_outside_west,95,TOP
battle_frontier_outside_west,96,TOP
battle_frontier_outside_west,97,TOP
battle_frontier_outside_west,98,COVERED
battle_frontier_outside_west,99,TOP
battle_frontier_outside_west,100,TOP
battle_frontier_outside_west,101,TOP
battle_frontier_outside_west,102,TOP
battle_frontier_outside_west,103,TOP
battle_frontier_outside_west,104,TOP
battle_frontier_outside_west,105,TOP
battle_frontier_outside_west,106,TOP
battle_frontier_outside_west,107,TOP
battle_frontier_outside_west,108,TOP
battle_frontier_outside_west,109,TOP
battle_frontier_outside_west,110,TOP
battle_frontier_outside_west,111,TOP
battle_frontier_outside_west,112,TOP
battle_frontier_outside_west,113,TOP
battle_frontier_outside_west,114,TOP
battle_frontier_outside_west,115,TOP
battle_frontier_outside_west,116,TOP
battle_frontier_outside_west,117,TOP
battle_frontier_outside_west,118,TOP
battle_frontier_outside_west,119,TOP
battle_frontier_outside_west,120,TOP
battle_frontier_outside_west,121,TOP
battle_frontier_outside_west,122,TOP
battle_frontier_outside_west,123,TOP
battle_frontier_outside_west,124,TOP
battle_frontier_outside_west,125,TOP
battle_frontier_outside_west,126,TOP
battle_frontier_outside_west,127,COVERED
battle_frontier_outside_west,128,TOP
battle_frontier_outside_west,129,TOP
battle_frontier_outside_west,130,COVERED
battle_frontier_outside_west,131,COVERED
battle_frontier_outside_west,132,TOP
battle_frontier_outside_west,133,TOP
battle_frontier_outside_west,134,TOP
battle_frontier_outside_west,135,TOP
battle_frontier_outside_west,136,TOP
battle_frontier_outside_west,137,TOP
battle_frontier_outside_west,138,COVERED
battle_frontier_outside_west,139,COVERED
battle_frontier_outside_west,140,TOP
battle_frontier_outside_west,141,TOP
battle_frontier_outside_west,142,COVERED
battle_frontier_outside_west,143,TOP
battle_frontier_outside_west,144,TOP
battle_frontier_outside_west,145,TOP
battle_frontier_outside_west,146,TOP
battle_frontier_outside_west,147,TOP
battle_frontier_outside_west,148,TOP
battle_frontier_outside_west,149,TOP
battle_frontier_outside_west,150,COVERED
battle_frontier_outside_west,151,TOP
battle_frontier_outside_west,152,TOP
battle_frontier_outside_west,153,TOP
battle_frontier_outside_west,154,TOP
battle_frontier_outside_west,155,TOP
battle_frontier_outside_west,156,TOP
battle_frontier_outside_west,157,TOP
battle_frontier_outside_west,158,COVERED
battle_frontier_outside_west,159,TOP
battle_frontier_outside_west,160,TOP
battle_frontier_outside_west,161,TOP
battle_frontier_outside_west,162,COVERED
battle_frontier_outside_west,163,COVERED
battle_frontier_outside_west,164,COVERED
battle_frontier_outside_west,165,COVERED
battle_frontier_outside_west,166,COVERED
battle_frontier_outside_west,167,TOP
battle_frontier_outside_west,168,TOP
battle_frontier_outside_west,169,TOP
battle_frontier_outside_west,170,COVERED
battle_frontier_outside_west,171,COVERED
battle_frontier_outside_west,172,COVERED
battle_frontier_outside_west,173,COVERED
battle_frontier_outside_west,174,TOP
battle_frontier_outside_west,175,TOP
battle_frontier_outside_west,176,TOP
battle_frontier_outside_west,177,TOP
battle_frontier_outside_west,178,TOP
battle_frontier_outside_west,179,TOP
battle_frontier_outside_west,180,TOP
battle_frontier_outside_west,181,TOP
battle_frontier_outside_west,182,TOP
battle_frontier_outside_west,183,TOP
battle_frontier_outside_west,184,TOP
battle_frontier_outside_west,185,TOP
battle_frontier_outside_west,186,TOP
battle_frontier_outside_west,187,TOP
battle_frontier_outside_west,188,TOP
battle_frontier_outside_west,189,TOP
battle_frontier_outside_west,190,TOP
battle_frontier_outside_west,191,TOP
battle_frontier_outside_west,192,TOP
battle_frontier_outside_west,193,TOP
battle_frontier_outside_west,194,TOP
battle_frontier_outside_west,195,TOP
battle_frontier_outside_west,196,TOP
battle_frontier_outside_west,197,TOP
battle_frontier_outside_west,198,TOP
battle_frontier_outside_west,199,TOP
battle_frontier_outside_west,200,TOP
battle_frontier_outside_west,201,TOP
battle_frontier_outside_west,202,TOP
battle_frontier_outside_west,203,TOP
battle_frontier_outside_west,204,TOP
battle_frontier_outside_west,205,TOP
battle_frontier_outside_west,206,TOP
battle_frontier_outside_west,207,TOP
battle_frontier_outside_west,208,COVERED
battle_frontier_outside_west,209,COVERED
battle_frontier_outside_west,210,COVERED
battle_frontier_outside_west,211,COVERED
battle_frontier_outside_west,212,COVERED
battle_frontier_outside_west,213,COVERED
battle_frontier_outside_west,214,COVERED
battle_frontier_outside_west,215,COVERED
battle_frontier_outside_west,216,COVERED
battle_frontier_outside_west,217,COVERED
battle_frontier_outside_west,218,COVERED
battle_frontier_outside_west,219,COVERED
battle_frontier_outside_west,220,TOP
battle_frontier_outside_west,221,COVERED
battle_frontier_outside_west,222,COVERED
battle_frontier_outside_west,223,COVERED
battle_frontier_outside_west,224,COVERED
battle_frontier_outside_west,225,TOP
battle_frontier_outside_west,226,TOP
battle_frontier_outside_west,227,COVERED
battle_frontier_outside_west,228,TOP
battle_frontier_outside_west,229,COVERED
battle_frontier_outside_west,230,TOP
battle_frontier_outside_west,231,TOP
battle_frontier_outside_west,232,TOP
battle_frontier_outside_west,233,TOP
battle_frontier_outside_west,234,TOP
battle_frontier_outside_west,235,TOP
battle_frontier_outside_west,236,TOP
battle_frontier_outside_west,237,COVERED
battle_frontier_outside_west,238,TOP
battle_frontier_outside_west,239,TOP
battle_frontier_outside_west,240,TOP
battle_frontier_outside_west,241,TOP
battle_frontier_outside_west,242,TOP
battle_frontier_outside_west,243,TOP
battle_frontier_outside_west,244,TOP
battle_frontier_outside_west,245,COVERED
battle_frontier_outside_west,246,TOP
battle_frontier_outside_west,247,TOP
battle_frontier_outside_west,248,TOP
battle_frontier_outside_west,249,TOP
battle_frontier_outside_west,250,TOP
battle_frontier_outside_west,251,TOP
battle_frontier_outside_west,252,TOP
battle_frontier_outside_west,253,COVERED
battle_frontier_outside_west,254,COVERED
battle_frontier_outside_west,255,TOP
battle_frontier_outside_west,256,TOP
battle_frontier_outside_west,257,TOP
battle_frontier_outside_west,258,TOP
battle_frontier_outside_west,259,TOP
battle_frontier_outside_west,260,TOP
battle_frontier_outside_west,261,COVERED
battle_frontier_outside_west,262,COVERED
battle_frontier_outside_west,263,COVERED
battle_frontier_outside_west,264,TOP
battle_frontier_outside_west,265,TOP
battle_frontier_outside_west,266,TOP
battle_frontier_outside_west,267,TOP
battle_frontier_outside_west,268,TOP
battle_frontier_outside_west,269,COVERED
battle_frontier_outside_west,270,COVERED
battle_frontier_outside_west,271,COVERED
battle_frontier_outside_west,272,COVERED
battle_frontier_outside_west,273,COVERED
battle_frontier_outside_west,274,COVERED
battle_frontier_outside_west,275,TOP
battle_frontier_outside_west,276,TOP
battle_frontier_outside_west,277,TOP
battle_frontier_outside_west,278,TOP
battle_frontier_outside_west,279,TOP
battle_frontier_outside_west,280,TOP
battle_frontier_outside_west,281,TOP
battle_frontier_outside_west,282,TOP
battle_frontier_outside_west,283,TOP
battle_frontier_outside_west,284,TOP
battle_frontier_outside_west,285,TOP
battle_frontier_outside_west,286,TOP
battle_frontier_outside_west,287,TOP
battle_frontier_outside_west,288,TOP
battle_frontier_outside_west,289,TOP
battle_frontier_outside_west,290,TOP
battle_frontier_outside_west,291,TOP
battle_frontier_outside_west,292,TOP
battle_frontier_outside_west,293,TOP
battle_frontier_outside_west,294,TOP
battle_frontier_outside_west,295,TOP
battle_frontier_outside_west,296,TOP
battle_frontier_outside_west,297,TOP
battle_frontier_outside_west,298,TOP
battle_frontier_outside_west,299,TOP
battle_frontier_outside_west,300,TOP
battle_frontier_outside_west,301,TOP
battle_frontier_outside_west,302,TOP
battle_frontier_outside_west,303,TOP
battle_frontier_outside_west,304,TOP
battle_frontier_outside_west,305,TOP
battle_frontier_outside_west,306,TOP
battle_frontier_outside_west,307,TOP
battle_frontier_outside_west,308,TOP
battle_frontier_outside_west,309,TOP
battle_frontier_outside_west,310,TOP
battle_frontier_outside_west,311,TOP
battle_frontier_outside_west,312,TOP
battle_frontier_outside_west,313,TOP
battle_frontier_outside_west,314,TOP
battle_frontier_outside_west,315,TOP
battle_frontier_outside_west,316,TOP
battle_frontier_outside_west,317,TOP
battle_frontier_outside_west,318,TOP
battle_frontier_outside_west,319,TOP
battle_frontier_outside_west,320,TOP
battle_frontier_outside_west,321,TOP
battle_frontier_outside_west,322,TOP
battle_frontier_outside_west,323,TOP
battle_frontier_outside_west,324,TOP
battle_frontier_outside_west,325,TOP
battle_frontier_outside_west,326,TOP
battle_frontier_outside_west,327,TOP
battle_frontier_outside_west,328,COVERED
battle_frontier_outside_west,329,COVERED
battle_frontier_outside_west,330,COVERED
battle_frontier_outside_west,331,COVERED
battle_frontier_outside_west,332,COVERED
battle_frontier_outside_west,333,COVERED
battle_frontier_outside_west,334,COVERED
battle_frontier_outside_west,335,COVERED
battle_frontier_outside_west,336,COVERED
battle_frontier_outside_west,337,COVERED
battle_frontier_outside_west,338,COVERED
battle_frontier_outside_west,339,COVERED
battle_frontier_outside_west,340,COVERED
battle_frontier_outside_west,341,COVERED
battle_frontier_outside_west,342,COVERED
battle_frontier_outside_west,343,COVERED
battle_frontier_outside_west,344,TOP
battle_frontier_outside_west,345,TOP
battle_frontier_outside_west,346,TOP
battle_frontier_outside_west,347,COVERED
battle_frontier_outside_west,348,COVERED
battle_frontier_outside_west,349,COVERED
battle_frontier_outside_west,350,COVERED
battle_frontier_outside_west,351,COVERED
battle_frontier_outside_west,352,TOP
battle_frontier_outside_west,353,TOP
battle_frontier_outside_west,354,TOP
battle_frontier_outside_west,355,TOP
battle_frontier_outside_west,356,TOP
battle_frontier_outside_west,357,TOP
battle_frontier_outside_west,358,TOP
battle_frontier_outside_west,359,COVERED
battle_frontier_outside_west,360,TOP
battle_frontier_outside_west,361,TOP
battle_frontier_outside_west,362,TOP
battle_frontier_outside_west,363,TOP
battle_frontier_outside_west,364,TOP
battle_frontier_outside_west,365,TOP
battle_frontier_outside_west,366,TOP
battle_frontier_outside_west,367,COVERED
battle_frontier_outside_west,368,TOP
battle_frontier_outside_west,369,COVERED
battle_frontier_outside_west,370,TOP
battle_frontier_outside_west,371,TOP
battle_frontier_outside_west,372,TOP
battle_frontier_outside_west,373,COVERED
battle_frontier_outside_west,374,COVERED
battle_frontier_outside_west,375,COVERED
battle_frontier_outside_west,376,TOP
battle_frontier_outside_west,377,TOP
battle_frontier_outside_west,378,TOP
battle_frontier_outside_west,379,TOP
battle_frontier_outside_west,380,TOP
battle_frontier_outside_west,381,TOP
battle_frontier_outside_west,382,TOP
battle_frontier_outside_west,383,TOP
battle_frontier_outside_west,384,TOP
battle_frontier_outside_west,385,TOP
battle_frontier_outside_west,386,TOP
battle_frontier_outside_west,387,TOP
battle_frontier_outside_west,388,TOP
battle_frontier_outside_west,389,TOP
battle_frontier_outside_west,390,TOP
battle_frontier_outside_west,391,TOP
battle_frontier_outside_west,392,TOP
battle_frontier_outside_west,393,TOP
battle_frontier_outside_west,394,COVERED
battle_frontier_outside_west,395,COVERED
battle_frontier_outside_west,396,COVERED
battle_frontier_outside_west,397,COVERED
battle_frontier_outside_west,398,COVERED
battle_frontier_outside_west,399,COVERED
battle_frontier_outside_west,400,COVERED
battle_frontier_outside_west,401,COVERED
battle_frontier_outside_west,402,COVERED
battle_frontier_outside_west,403,COVERED
battle_frontier_outside_west,404,COVERED
battle_frontier_outside_west,405,COVERED
battle_frontier_outside_west,406,COVERED
battle_frontier_outside_west,407,COVERED
battle_frontier_outside_west,408,COVERED
battle_frontier_outside_west,409,COVERED
battle_frontier_outside_west,410,COVERED
battle_frontier_outside_west,411,COVERED
battle_frontier_outside_west,412,COVERED
battle_frontier_outside_west,413,COVERED
battle_frontier_outside_west,414,TOP
battle_frontier_outside_west,415,TOP
battle_frontier_outside_west,416,COVERED
battle_frontier_outside_west,417,COVERED
battle_frontier_outside_west,418,COVERED
battle_frontier_outside_west,419,COVERED
battle_frontier_outside_west,420,COVERED
battle_frontier_outside_west,421,COVERED
battle_frontier_outside_west,422,TOP
battle_frontier_outside_west,423,COVERED
battle_frontier_outside_west,424,TOP
battle_frontier_outside_west,425,TOP
battle_frontier_outside_west,426,TOP
battle_frontier_outside_west,427,COVERED
battle_frontier_outside_west,428,COVERED
battle_frontier_outside_west,429,COVERED
battle_frontier_outside_west,430,COVERED
battle_frontier_outside_west,431,COVERED
battle_frontier_outside_west,432,TOP
battle_frontier_outside_west,433,TOP
battle_frontier_outside_west,434,TOP
battle_frontier_outside_west,435,TOP
battle_frontier_outside_west,436,COVERED
battle_frontier_outside_west,437,TOP
battle_frontier_outside_west,438,TOP
battle_frontier_outside_west,439,TOP
battle_frontier_outside_west,440,TOP
battle_frontier_outside_west,441,TOP
battle_frontier_outside_west,442,TOP
battle_frontier_outside_west,443,TOP
battle_frontier_outside_west,444,TOP
battle_frontier_outside_west,445,TOP
battle_frontier_outside_west,446,TOP
battle_frontier_outside_west,447,TOP
battle_frontier_outside_west,448,TOP
battle_frontier_outside_west,449,TOP
battle_frontier_outside_west,450,TOP
battle_frontier_outside_west,451,TOP
battle_frontier_outside_west,452,TOP
battle_frontier_outside_west,453,TOP
battle_frontier_outside_west,454,TOP
battle_frontier_outside_west,455,TOP
battle_frontier_outside_west,456,TOP
battle_frontier_outside_west,457,TOP
battle_frontier_outside_west,458,TOP
battle_frontier_outside_west,459,TOP
battle_frontier_outside_west,460,TOP
battle_frontier_outside_west,461,COVERED
battle_frontier_outside_west,462,TOP
battle_frontier_outside_west,463,TOP
battle_frontier_outside_west,464,TOP
battle_frontier_outside_west,465,TOP
battle_frontier_outside_west,466,TOP
battle_frontier_outside_west,467,TOP
battle_frontier_outside_west,468,TOP
battle_frontier_outside_west,469,TOP
battle_frontier_outside_west,470,COVERED
battle_frontier_outside_west,471,COVERED
battle_frontier_outside_west,472,TOP
battle_frontier_outside_west,473,TOP
battle_frontier_outside_west,474,TOP
battle_frontier_outside_west,475,TOP
battle_frontier_outside_west,476,TOP
battle_frontier_outside_west,477,TOP
battle_frontier_outside_west,478,TOP
battle_frontier_outside_west,479,TOP
battle_frontier_outside_west,480,TOP
battle_frontier_outside_west,481,TOP
battle_frontier_outside_west,482,COVERED
battle_frontier_outside_west,483,TOP
battle_frontier_outside_west,484,TOP
battle_frontier_outside_west,485,TOP
battle_frontier_outside_west,486,TOP
battle_frontier_outside_west,487,TOP
battle_frontier_outside_west,488,TOP
battle_frontier_outside_west,489,TOP
battle_frontier_outside_west,490,COVERED
battle_frontier_outside_west,491,TOP
battle_frontier_outside_west,492,TOP
battle_frontier_outside_west,493,TOP
battle_frontier_outside_west,494,TOP
battle_frontier_outside_west,495,TOP
battle_frontier_outside_west,496,COVERED
battle_frontier_outside_west,497,COVERED
battle_frontier_outside_west,498,COVERED
battle_frontier_outside_west,499,COVERED
battle_frontier_outside_west,500,COVERED
battle_frontier_outside_west,501,COVERED
battle_frontier_outside_west,502,TOP
battle_frontier_outside_west,503,TOP
battle_frontier_outside_west,504,TOP
battle_frontier_outside_west,505,COVERED
battle_frontier_outside_west,506,COVERED
battle_frontier_outside_west,507,COVERED
battle_frontier_outside_west,508,COVERED
battle_frontier_outside_west,509,COVERED
mossdeep,0,COVERED
mossdeep,1,COVERED
mossdeep,2,COVERED
mossdeep,3,COVERED
mossdeep,4,COVERED
mossdeep,5,COVERED
mossdeep,6,COVERED
mossdeep,7,COVERED
mossdeep,8,COVERED
mossdeep,9,COVERED
mossdeep,10,COVERED
mossdeep,11,COVERED
mossdeep,12,COVERED
mossdeep,13,COVERED
mossdeep,14,COVERED
mossdeep,15,COVERED
mossdeep,16,COVERED
mossdeep,17,COVERED
mossdeep,18,COVERED
mossdeep,19,COVERED
mossdeep,20,COVERED
mossdeep,21,COVERED
mossdeep,22,COVERED
mossdeep,23,COVERED
mossdeep,24,COVERED
mossdeep,25,COVERED
mossdeep,26,COVERED
mossdeep,27,COVERED
mossdeep,28,COVERED
mossdeep,29,COVERED
mossdeep,30,COVERED
mossdeep,31,COVERED
mossdeep,32,COVERED
mossdeep,33,COVERED
mossdeep,34,COVERED
mossdeep,35,COVERED
mossdeep,36,COVERED
mossdeep,37,COVERED
mossdeep,38,COVERED
mossdeep,39,COVERED
mossdeep,40,COVERED
mossdeep,41,COVERED
mossdeep,42,COVERED
mossdeep,43,COVERED
mossdeep,44,COVERED
mossdeep,45,COVERED
mossdeep,46,COVERED
mossdeep,47,COVERED
mossdeep,48,COVERED
mossdeep,49,COVERED
mossdeep,50,COVERED
mossdeep,51,COVERED
mossdeep,52,COVERED
mossdeep,53,COVERED
mossdeep,54,COVERED
mossdeep,55,COVERED
mossdeep,56,COVERED
mossdeep,57,COVERED
mossdeep,58,COVERED
mossdeep,59,COVERED
mossdeep,60,COVERED
mossdeep,61,COVERED
mossdeep,62,COVERED
mossdeep,63,COVERED
mossdeep,64,COVERED
mossdeep,65,COVERED
mossdeep,66,COVERED
mossdeep,67,COVERED
mossdeep,68,COVERED
mossdeep,69,COVERED
mossdeep,70,COVERED
mossdeep,71,COVERED
mossdeep,72,COVERED
mossdeep,73,COVERED
mossdeep,74,COVERED
mossdeep,75,COVERED
mossdeep,76,COVERED
mossdeep,77,COVERED
mossdeep,78,COVERED
mossdeep,79,COVERED
mossdeep,80,COVERED
mossdeep,81,COVERED
mossdeep,82,COVERED
mossdeep,83,COVERED
mossdeep,84,COVERED
mossdeep,85,COVERED
mossdeep,86,COVERED
mossdeep,87,COVERED
mossdeep,88,COVERED
mossdeep,89,COVERED
mossdeep,90,COVERED
mossdeep,91,COVERED
mossdeep,92,COVERED
mossdeep,93,COVERED
mossdeep,94,COVERED
mossdeep,95,COVERED
mossdeep,96,COVERED
mossdeep,97,COVERED
mossdeep,98,COVERED
mossdeep,99,COVERED
mossdeep,100,COVERED
mossdeep,101,COVERED
mossdeep,102,COVERED
mossdeep,103,COVERED
mossdeep,104,COVERED
mossdeep,105,COVERED
mossdeep,106,COVERED
mossdeep,107,COVERED
mossdeep,108,COVERED
mossdeep,109,COVERED
mossdeep,110,COVERED
mossdeep,111,COVERED
mossdeep,112,COVERED
mossdeep,113,COVERED
mossdeep,114,COVERED
mossdeep,115,COVERED
mossdeep,116,COVERED
mossdeep,117,COVERED
mossdeep,118,COVERED
mossdeep,119,COVERED
mossdeep,120,COVERED
mossdeep,121,COVERED
mossdeep,122,COVERED
mossdeep,123,COVERED
mossdeep,124,COVERED
mossdeep,125,COVERED
mossdeep,126,COVERED
mossdeep,127,COVERED
mossdeep,128,COVERED
mossdeep,129,COVERED
mossdeep,130,COVERED
mossdeep,131,COVERED
mossdeep,132,COVERED
mossdeep,133,COVERED
mossdeep,134,COVERED
mossdeep,135,COVERED
mossdeep,136,COVERED
mossdeep,137,COVERED
mossdeep,138,COVERED
mossdeep,139,COVERED
mossdeep,140,COVERED
mossdeep,141,COVERED
mossdeep,142,COVERED
mossdeep,143,COVERED
mossdeep,144,TOP
mossdeep,145,TOP
mossdeep,146,TOP
mossdeep,147,TOP
mossdeep,148,TOP
mossdeep,149,TOP
mossdeep,150,TOP
mossdeep,151,TOP
mossdeep,152,TOP
mossdeep,153,TOP
mossdeep,154,TOP
mossdeep,155,TOP
mossdeep,156,TOP
mossdeep,157,TOP
mossdeep,158,TOP
mossdeep,159,TOP
mossdeep,160,COVERED
mossdeep,161,COVERED
mossdeep,162,COVERED
mossdeep,163,COVERED
mossdeep,164,TOP
mossdeep,165,TOP
mossdeep,166,TOP
mossdeep,167,TOP
mossdeep,168,TOP
mossdeep,169,TOP
mossdeep,170,TOP
mossdeep,171,TOP
mossdeep,172,TOP
mossdeep,173,TOP
mossdeep,174,TOP
mossdeep,175,TOP
mossdeep,176,COVERED
mossdeep,177,TOP
mossdeep,178,COVERED
mossdeep,179,COVERED
mossdeep,180,TOP
mossdeep,181,TOP
mossdeep,182,TOP
mossdeep,183,COVERED
mossdeep,184,COVERED
mossdeep,185,COVERED
mossdeep,186,COVERED
mossdeep,187,COVERED
mossdeep,188,COVERED
mossdeep,189,COVERED
mossdeep,190,COVERED
mossdeep,191,COVERED
mossdeep,192,COVERED
mossdeep,193,COVERED
mossdeep,194,COVERED
mossdeep,195,TOP
mossdeep,196,TOP
mossdeep,197,TOP
mossdeep,198,TOP
mossdeep,199,TOP
mossdeep,200,COVERED
mossdeep,201,COVERED
mossdeep,202,COVERED
mossdeep,203,COVERED
mossdeep,204,COVERED
mossdeep,205,COVERED
mossdeep,206,COVERED
mossdeep,207,COVERED
mossdeep,208,COVERED
mossdeep,209,COVERED
mossdeep,210,COVERED
mossdeep,211,COVERED
mossdeep,212,COVERED
mossdeep,213,COVERED
mossdeep,214,TOP
mossdeep,215,COVERED
mossdeep,216,COVERED
mossdeep,217,COVERED
mossdeep,218,TOP
mossdeep,219,TOP
mossdeep,220,TOP
mossdeep,221,TOP
mossdeep,222,TOP
mossdeep,223,TOP
mossdeep,224,TOP
mossdeep,225,TOP
mossdeep,226,COVERED
mossdeep,227,COVERED
mossdeep,228,COVERED
mossdeep,229,COVERED
mossdeep,230,COVERED
mossdeep,231,COVERED
mossdeep,232,COVERED
mossdeep,233,COVERED
mossdeep,234,COVERED
mossdeep,235,COVERED
mossdeep,236,COVERED
mossdeep,237,COVERED
mossdeep,238,COVERED
mossdeep,239,COVERED
mossdeep,240,TOP
mossdeep,241,TOP
mossdeep,242,TOP
mossdeep,243,TOP
mossdeep,244,TOP
mossdeep,245,COVERED
mossdeep,246,COVERED
mossdeep,247,COVERED
mossdeep,248,COVERED
mossdeep,249,COVERED
mossdeep,250,TOP
mossdeep,251,TOP
mossdeep,252,TOP
mossdeep,253,COVERED
mossdeep,254,COVERED
mossdeep,255,COVERED
mossdeep,256,COVERED
mossdeep,257,TOP
mossdeep,258,TOP
mossdeep,259,TOP
mossdeep,260,TOP
mossdeep,261,TOP
mossdeep,262,COVERED
mossdeep,263,COVERED
mossdeep,264,TOP
mossdeep,265,TOP
mossdeep,266,TOP
mossdeep,267,TOP
mossdeep,268,TOP
mossdeep,269,TOP
mossdeep,270,TOP
mossdeep,271,TOP
mossdeep,272,COVERED
mossdeep,273,COVERED
mossdeep,274,COVERED
mossdeep,275,COVERED
mossdeep,276,COVERED
mossdeep,277,COVERED
mossdeep,278,COVERED
mossdeep,279,TOP
mossdeep,280,COVERED
mossdeep,281,COVERED
mossdeep,282,TOP
mossdeep,283,TOP
mossdeep,284,TOP
mossdeep,285,TOP
mossdeep,286,TOP
mossdeep,287,TOP
mossdeep,288,COVERED
mossdeep,289,COVERED
mossdeep,290,COVERED
mossdeep,291,COVERED
mossdeep,292,TOP
mossdeep,293,TOP
mossdeep,294,COVERED
mossdeep,295,COVERED
mossdeep,296,TOP
mossdeep,297,TOP
mossdeep,298,TOP
mossdeep,299,TOP
mossdeep,300,TOP
mossdeep,301,TOP
mossdeep,302,TOP
mossdeep,303,TOP
mossdeep,304,TOP
mossdeep,305,TOP
mossdeep,306,TOP
mossdeep,307,TOP
mossdeep,308,TOP
mossdeep,309,TOP
mossdeep,310,TOP
mossdeep,311,TOP
mossdeep,312,TOP
mossdeep,313,TOP
mossdeep,314,TOP
mossdeep,315,TOP
mossdeep,316,TOP
mossdeep,317,TOP
mossdeep,318,TOP
mossdeep,319,TOP
mossdeep,320,COVERED
mossdeep,321,COVERED
mossdeep,322,COVERED
mossdeep,323,TOP
mossdeep,324,COVERED
mossdeep,325,TOP
mossdeep,326,TOP
mossdeep,327,TOP
mossdeep,328,COVERED
mossdeep,329,COVERED
mossdeep,330,COVERED
mossdeep,331,COVERED
mossdeep,332,TOP
mossdeep,333,COVERED
mossdeep,334,TOP
mossdeep,335,TOP
mossdeep,336,COVERED
mossdeep,337,COVERED
mossdeep,338,TOP
mossdeep,339,TOP
mossdeep,340,TOP
mossdeep,341,TOP
mossdeep,342,TOP
mossdeep,343,COVERED
mossdeep,344,TOP
mossdeep,345,TOP
mossdeep,346,TOP
mossdeep,347,TOP
mossdeep,348,COVERED
mossdeep,349,TOP
mossdeep,350,TOP
mossdeep,351,TOP
mossdeep,352,TOP
mossdeep,353,TOP
mossdeep,354,TOP
mossdeep,355,COVERED
mossdeep,356,COVERED
mossdeep,357,COVERED
mossdeep,358,COVERED
mossdeep,359,TOP
mossdeep,360,TOP
mossdeep,361,TOP
mossdeep,362,TOP
mossdeep,363,COVERED
mossdeep,364,COVERED
mossdeep,365,COVERED
mossdeep,366,COVERED
mossdeep,367,TOP
mossdeep,368,COVERED
mossdeep,369,TOP
mossdeep,370,TOP
mossdeep,371,TOP
mossdeep,372,TOP
mossdeep,373,TOP
mossdeep,374,TOP
mossdeep,375,TOP
mossdeep,376,COVERED
mossdeep,377,TOP
mossdeep,378,TOP
mossdeep,379,TOP
mossdeep,380,TOP
mossdeep,381,TOP
mossdeep,382,TOP
mossdeep,383,TOP
mossdeep,384,COVERED
mossdeep,385,TOP
mossdeep,386,TOP
mossdeep,387,TOP
mossdeep,388,TOP
mossdeep,389,TOP
mossdeep,390,TOP
mossdeep,391,TOP
mossdeep,392,COVERED
mossdeep,393,TOP
mossdeep,394,TOP
mossdeep,395,TOP
mossdeep,396,TOP
mossdeep,397,TOP
mossdeep,398,TOP
mossdeep,399,COVERED
mossdeep,400,COVERED
mossdeep,401,TOP
mossdeep,402,TOP
mossdeep,403,TOP
mossdeep,404,TOP
mossdeep,405,TOP
mossdeep,406,TOP
mossdeep,407,COVERED
mossdeep,408,COVERED
mossdeep,409,TOP
mossdeep,410,TOP
mossdeep,411,TOP
mossdeep,412,TOP
mossdeep,413,TOP
mossdeep,414,TOP
mossdeep,415,COVERED
mossdeep,416,TOP
mossdeep,417,TOP
mossdeep,418,TOP
mossdeep,419,TOP
mossdeep,420,TOP
mossdeep,421,TOP
mossdeep,422,TOP
mossdeep,423,TOP
mossdeep,424,TOP
mossdeep,425,TOP
mossdeep,426,TOP
mossdeep,427,TOP
mossdeep,428,TOP
mossdeep,429,TOP
mossdeep,430,TOP
mossdeep,431,TOP
mossdeep,432,TOP
mossdeep,433,TOP
mossdeep,434,TOP
mossdeep,435,TOP
mossdeep,436,TOP
mossdeep,437,TOP
mossdeep,438,TOP
mossdeep,439,TOP
mossdeep,440,TOP
mossdeep,441,TOP
mossdeep,442,TOP
mossdeep,443,TOP
mossdeep,444,TOP
mossdeep,445,TOP
mossdeep,446,COVERED
mossdeep,447,COVERED
mossdeep,448,TOP
mossdeep,449,TOP
mossdeep,450,TOP
mossdeep,451,TOP
mossdeep,452,TOP
mossdeep,453,TOP
distortion_world,0,COVERED
distortion_world,1,COVERED
distortion_world,2,COVERED
distortion_world,3,COVERED
distortion_world,4,COVERED
distortion_world,5,COVERED
distortion_world,6,COVERED
distortion_world,7,COVERED
distortion_world,8,COVERED
distortion_world,9,COVERED
distortion_world,10,COVERED
distortion_world,11,COVERED
distortion_world,12,COVERED
distortion_world,13,COVERED
distortion_world,14,COVERED
distortion_world,15,COVERED
distortion_world,16,COVERED
distortion_world,17,COVERED
distortion_world,18,COVERED
distortion_world,19,COVERED
distortion_world,20,COVERED
distortion_world,21,COVERED
distortion_world,22,COVERED
distortion_world,23,COVERED
distortion_world,24,COVERED
distortion_world,25,COVERED
distortion_world,26,COVERED
distortion_world,27,COVERED
distortion_world,28,TOP
distortion_world,29,TOP
distortion_world,30,COVERED
distortion_world,31,COVERED
distortion_world,32,COVERED
distortion_world,33,COVERED
distortion_world,34,COVERED
distortion_world,35,COVERED
distortion_world,36,TOP
distortion_world,37,TOP
distortion_world,38,COVERED
distortion_world,39,COVERED
distortion_world,40,COVERED
distortion_world,41,COVERED
distortion_world,42,COVERED
distortion_world,43,COVERED
distortion_world,44,COVERED
distortion_world,45,COVERED
distortion_world,46,COVERED
distortion_world,47,COVERED
distortion_world,48,COVERED
distortion_world,49,COVERED
distortion_world,50,COVERED
distortion_world,51,COVERED
distortion_world,52,COVERED
distortion_world,53,COVERED
distortion_world,54,COVERED
distortion_world,55,COVERED
distortion_world,56,COVERED
distortion_world,57,COVERED
distortion_world,58,COVERED
distortion_world,59,COVERED
distortion_world,60,COVERED
distortion_world,61,COVERED
distortion_world,62,COVERED
distortion_world,63,COVERED
distortion_world,64,COVERED
distortion_world,65,COVERED
distortion_world,66,NORMAL
distortion_world,67,COVERED
distortion_world,68,COVERED
distortion_world,69,TOP
distortion_world,70,COVERED
distortion_world,71,COVERED
distortion_world,72,COVERED
distortion_world,73,COVERED
distortion_world,74,COVERED
distortion_world,75,COVERED
distortion_world,76,COVERED
distortion_world,77,COVERED
distortion_world,78,COVERED
distortion_world,79,COVERED
distortion_world,80,COVERED
distortion_world,81,COVERED
distortion_world,82,COVERED
distortion_world,83,COVERED
distortion_world,84,COVERED
distortion_world,85,COVERED
distortion_world,86,COVERED
distortion_world,87,COVERED
distortion_world,88,COVERED
distortion_world,89,COVERED
distortion_world,90,COVERED
distortion_world,91,COVERED
distortion_world,92,COVERED
distortion_world,93,NORMAL
distortion_world,94,COVERED
distortion_world,95,COVERED
distortion_world,96,COVERED
distortion_world,97,COVERED
distortion_world,98,COVERED
distortion_world,99,COVERED
distortion_world,100,COVERED
distortion_world,101,COVERED
distortion_world,102,COVERED
distortion_world,103,COVERED
distortion_world,104,NORMAL
distortion_world,105,SPLIT
distortion_world,106,SPLIT
distortion_world,107,SPLIT
distortion_world,108,SPLIT
distortion_world,109,SPLIT
distortion_world,110,SPLIT
distortion_world,111,COVERED
distortion_world,112,SPLIT
distortion_world,113,COVERED
distortion_world,114,SPLIT
distortion_world,115,SPLIT
distortion_world,116,SPLIT
distortion_world,117,SPLIT
distortion_world,118,SPLIT
distortion_world,119,COVERED
distortion_world,120,COVERED
distortion_world,121,COVERED
distortion_world,122,COVERED
distortion_world,123,SPLIT
distortion_world,124,SPLIT
distortion_world,125,COVERED
distortion_world,126,COVERED
distortion_world,127,COVERED
distortion_world,128,COVERED
distortion_world,129,COVERED
distortion_world,130,COVERED
distortion_world,131,COVERED
distortion_world,132,COVERED
distortion_world,133,COVERED
distortion_world,134,COVERED
distortion_world,135,COVERED
distortion_world,136,COVERED
distortion_world,137,COVERED
distortion_world,138,COVERED
distortion_world,139,SPLIT
distortion_world,140,COVERED
distortion_world,141,COVERED
distortion_world,142,COVERED
distortion_world,143,COVERED
distortion_world,144,COVERED
distortion_world,145,COVERED
distortion_world,146,COVERED
distortion_world,147,COVERED
distortion_world,148,COVERED
distortion_world,149,COVERED
distortion_world,150,COVERED
distortion_world,151,COVERED
distortion_world,152,COVERED
distortion_world,153,COVERED
distortion_world,154,COVERED
distortion_world,155,COVERED
distortion_world,156,COVERED
distortion_world,157,COVERED
distortion_world,158,COVERED
distortion_world,159,COVERED
distortion_world,160,COVERED
distortion_world,161,COVERED
distortion_world,162,COVERED
distortion_world,163,COVERED
distortion_world,164,COVERED
distortion_world,165,COVERED
distortion_world,166,COVERED
distortion_world,167,COVERED
distortion_world,168,COVERED
distortion_world,169,COVERED
distortion_world,170,COVERED
distortion_world,171,COVERED
distortion_world,172,COVERED
distortion_world,173,COVERED
distortion_world,174,COVERED
distortion_world,175,COVERED
distortion_world,176,COVERED
distortion_world,177,COVERED
distortion_world,178,COVERED
distortion_world,179,COVERED
distortion_world,180,COVERED
distortion_world,181,COVERED
distortion_world,182,COVERED
distortion_world,183,COVERED
distortion_world,184,COVERED
distortion_world,185,COVERED
distortion_world,186,COVERED
distortion_world,187,COVERED
distortion_world,188,COVERED
distortion_world,189,COVERED
distortion_world,190,COVERED
distortion_world,191,COVERED
distortion_world,192,COVERED
distortion_world,193,COVERED
distortion_world,194,COVERED
distortion_world,195,COVERED
distortion_world,196,COVERED
distortion_world,197,COVERED
distortion_world,198,COVERED
distortion_world,199,COVERED
distortion_world,200,COVERED
distortion_world,201,COVERED
distortion_world,202,COVERED
distortion_world,203,COVERED
distortion_world,204,COVERED
distortion_world,205,COVERED
distortion_world,206,COVERED
distortion_world,207,COVERED
distortion_world,208,COVERED
distortion_world,209,COVERED
distortion_world,210,COVERED
distortion_world,211,COVERED
distortion_world,212,COVERED
distortion_world,213,COVERED
distortion_world,214,COVERED
distortion_world,215,COVERED
distortion_world,216,COVERED
distortion_world,217,COVERED
distortion_world,218,COVERED
distortion_world,219,COVERED
distortion_world,220,COVERED
distortion_world,221,COVERED
distortion_world,222,COVERED
distortion_world,223,COVERED
distortion_world,224,COVERED
distortion_world,225,COVERED
distortion_world,226,COVERED
distortion_world,227,COVERED
distortion_world,228,COVERED
distortion_world,229,COVERED
distortion_world,230,COVERED
distortion_world,231,COVERED
distortion_world,232,COVERED
distortion_world,233,COVERED
distortion_world,234,COVERED
distortion_world,235,COVERED
distortion_world,236,COVERED
distortion_world,237,COVERED
distortion_world,238,COVERED
distortion_world,239,COVERED
distortion_world,240,COVERED
distortion_world,241,COVERED
distortion_world,242,COVERED
distortion_world,243,COVERED
distortion_world,244,COVERED
distortion_world,245,COVERED
distortion_world,246,COVERED
distortion_world,247,COVERED
distortion_world,248,COVERED
distortion_world,249,COVERED
distortion_world,250,COVERED
distortion_world,251,COVERED
distortion_world,252,COVERED
distortion_world,253,COVERED
distortion_world,254,COVERED
distortion_world,255,COVERED
distortion_world,256,COVERED
distortion_world,257,COVERED
distortion_world,258,COVERED
distortion_world,259,COVERED
distortion_world,260,COVERED
distortion_world,261,COVERED
distortion_world,262,COVERED
distortion_world,263,COVERED
distortion_world,264,COVERED
distortion_world,265,COVERED
distortion_world,266,COVERED
distortion_world,267,COVERED
distortion_world,268,COVERED
distortion_world,269,COVERED
distortion_world,270,COVERED
distortion_world,271,COVERED
distortion_world,272,COVERED
distortion_world,273,COVERED
distortion_world,274,COVERED
distortion_world,275,COVERED
distortion_world,276,COVERED
distortion_world,277,COVERED
distortion_world,278,COVERED
distortion_world,279,COVERED
distortion_world,280,COVERED
distortion_world,281,COVERED
distortion_world,282,COVERED
distortion_world,283,COVERED
distortion_world,284,COVERED
distortion_world,285,COVERED
distortion_world,286,COVERED
distortion_world,287,COVERED
distortion_world,288,COVERED
distortion_world,289,COVERED
distortion_world,290,COVERED
distortion_world,291,COVERED
distortion_world,292,COVERED
distortion_world,293,COVERED
distortion_world,294,COVERED
distortion_world,295,COVERED
distortion_world,296,COVERED
distortion_world,297,COVERED
distortion_world,298,COVERED
distortion_world,299,COVERED
distortion_world,300,COVERED
distortion_world,301,COVERED
distortion_world,302,COVERED
distortion_world,303,COVERED
distortion_world,304,COVERED
distortion_world,305,COVERED
distortion_world,306,COVERED
distortion_world,307,COVERED
distortion_world,308,COVERED
distortion_world,309,COVERED
distortion_world,310,COVERED
distortion_world,311,COVERED
distortion_world,312,COVERED
distortion_world,313,COVERED
distortion_world,314,COVERED
distortion_world,315,COVERED
distortion_world,316,COVERED
distortion_world,317,COVERED
distortion_world,318,COVERED
distortion_world,319,COVERED
distortion_world,320,COVERED
distortion_world,321,COVERED
distortion_world,322,COVERED
distortion_world,323,COVERED
distortion_world,324,COVERED
distortion_world,325,COVERED
distortion_world,326,COVERED
distortion_world,327,COVERED
distortion_world,328,COVERED
distortion_world,329,COVERED
distortion_world,330,COVERED
distortion_world,331,COVERED
distortion_world,332,COVERED
distortion_world,333,COVERED
distortion_world,334,COVERED
distortion_world,335,COVERED
distortion_world,336,COVERED
distortion_world,337,COVERED
distortion_world,338,COVERED
distortion_world,339,COVERED
distortion_world,340,COVERED
distortion_world,341,COVERED
distortion_world,342,COVERED
distortion_world,343,COVERED
distortion_world,344,COVERED
distortion_world,345,COVERED
distortion_world,346,COVERED
distortion_world,347,COVERED
distortion_world,348,COVERED
distortion_world,349,COVERED
distortion_world,350,COVERED
distortion_world,351,COVERED
distortion_world,352,COVERED
distortion_world,353,COVERED
distortion_world,354,COVERED
distortion_world,355,COVERED
distortion_world,356,COVERED
distortion_world,357,COVERED
distortion_world,358,COVERED
distortion_world,359,COVERED
distortion_world,360,COVERED
distortion_world,361,COVERED
distortion_world,362,COVERED
distortion_world,363,COVERED
distortion_world,364,COVERED
distortion_world,365,COVERED
distortion_world,366,COVERED
distortion_world,367,COVERED
distortion_world,368,COVERED
distortion_world,369,COVERED
distortion_world,370,COVERED
distortion_world,371,COVERED
distortion_world,372,COVERED
distortion_world,373,COVERED
distortion_world,374,COVERED
distortion_world,375,COVERED
distortion_world,376,COVERED
distortion_world,377,COVERED
distortion_world,378,COVERED
distortion_world,379,COVERED
distortion_world,380,COVERED
distortion_world,381,COVERED
distortion_world,382,COVERED
distortion_world,383,COVERED
distortion_world,384,COVERED
distortion_world,385,COVERED
distortion_world,386,COVERED
distortion_world,387,COVERED
distortion_world,388,COVERED
distortion_world,389,COVERED
distortion_world,390,COVERED
distortion_world,391,COVERED
distortion_world,392,COVERED
distortion_world,393,COVERED
distortion_world,394,COVERED
distortion_world,395,COVERED
distortion_world,396,COVERED
distortion_world,397,COVERED
distortion_world,398,COVERED
distortion_world,399,COVERED
distortion_world,400,COVERED
distortion_world,401,COVERED
distortion_world,402,COVERED
distortion_world,403,COVERED
distortion_world,404,COVERED
distortion_world,405,COVERED
distortion_world,406,COVERED
distortion_world,407,COVERED
distortion_world,408,COVERED
distortion_world,409,COVERED
distortion_world,410,COVERED
distortion_world,411,COVERED
distortion_world,412,COVERED
distortion_world,413,COVERED
distortion_world,414,COVERED
distortion_world,415,COVERED
distortion_world,416,COVERED
distortion_world,417,COVERED
distortion_world,418,COVERED
distortion_world,419,COVERED
distortion_world,420,COVERED
distortion_world,421,COVERED
distortion_world,422,COVERED
distortion_world,423,COVERED
distortion_world,424,COVERED
distortion_world,425,COVERED
distortion_world,426,COVERED
distortion_world,427,COVERED
distortion_world,428,COVERED
distortion_world,429,COVERED
distortion_world,430,COVERED
distortion_world,431,COVERED
distortion_world,432,COVERED
distortion_world,433,COVERED
distortion_world,434,COVERED
distortion_world,435,COVERED
distortion_world,436,COVERED
distortion_world,437,COVERED
distortion_world,438,COVERED
distortion_world,439,COVERED
distortion_world,440,COVERED
distortion_world,441,COVERED
distortion_world,442,COVERED
distortion_world,443,COVERED
distortion_world,444,COVERED
distortion_world,445,COVERED
distortion_world,446,COVERED
distortion_world,447,COVERED
distortion_world,448,COVERED
distortion_world,449,COVERED
distortion_world,450,COVERED
distortion_world,451,COVERED
distortion_world,452,COVERED
distortion_world,453,COVERED
distortion_world,454,COVERED
distortion_world,455,COVERED
distortion_world,456,COVERED
distortion_world,457,COVERED
distortion_world,458,COVERED
distortion_world,459,COVERED
distortion_world,460,COVERED
distortion_world,461,COVERED
distortion_world,462,COVERED
distortion_world,463,COVERED
distortion_world,464,COVERED
distortion_world,465,COVERED
distortion_world,466,COVERED
distortion_world,467,COVERED
distortion_world,468,COVERED
distortion_world,469,COVERED
distortion_world,470,COVERED
distortion_world,471,COVERED
distortion_world,472,COVERED
distortion_world,473,COVERED
distortion_world,474,COVERED
distortion_world,475,COVERED
distortion_world,476,COVERED
distortion_world,477,COVERED
distortion_world,478,COVERED
distortion_world,479,COVERED
distortion_world,480,COVERED
distortion_world,481,COVERED
distortion_world,482,COVERED
distortion_world,483,COVERED
distortion_world,484,COVERED
distortion_world,485,COVERED
distortion_world,486,COVERED
distortion_world,487,COVERED
distortion_world,488,COVERED
distortion_world,489,COVERED
distortion_world,490,COVERED
distortion_world,491,COVERED
distortion_world,492,COVERED
distortion_world,493,COVERED
distortion_world,494,COVERED
distortion_world,495,COVERED
distortion_world,496,COVERED
distortion_world,497,COVERED
distortion_world,498,COVERED
distortion_world,499,COVERED
distortion_world,500,COVERED
distortion_world,501,COVERED
distortion_world,502,COVERED
distortion_world,503,COVERED
distortion_world,504,COVERED
distortion_world,505,COVERED
distortion_world,506,COVERED
distortion_world,507,COVERED
distortion_world,508,COVERED
distortion_world,509,COVERED
distortion_world,510,COVERED
distortion_world,511,COVERED
valley_windworks_indoor,0,SPLIT
valley_windworks_indoor,1,SPLIT
valley_windworks_indoor,2,COVERED
valley_windworks_indoor,3,SPLIT
valley_windworks_indoor,4,NORMAL
valley_windworks_indoor,5,SPLIT
valley_windworks_indoor,6,SPLIT
valley_windworks_indoor,7,SPLIT
valley_windworks_indoor,8,NORMAL
valley_windworks_indoor,9,NORMAL
valley_windworks_indoor,10,COVERED
valley_windworks_indoor,11,COVERED
valley_windworks_indoor,12,COVERED
valley_windworks_indoor,13,COVERED
valley_windworks_indoor,14,COVERED
valley_windworks_indoor,15,COVERED
valley_windworks_indoor,16,NORMAL
valley_windworks_indoor,17,NORMAL
valley_windworks_indoor,18,COVERED
valley_windworks_indoor,19,COVERED
valley_windworks_indoor,20,COVERED
valley_windworks_indoor,21,COVERED
valley_windworks_indoor,22,COVERED
valley_windworks_indoor,23,COVERED
valley_windworks_indoor,24,COVERED
valley_windworks_indoor,25,COVERED
valley_windworks_indoor,26,COVERED
valley_windworks_indoor,27,COVERED
valley_windworks_indoor,28,COVERED
valley_windworks_indoor,29,COVERED
valley_windworks_indoor,30,COVERED
valley_windworks_indoor,31,COVERED
valley_windworks_indoor,32,COVERED
valley_windworks_indoor,33,COVERED
valley_windworks_indoor,34,COVERED
valley_windworks_indoor,35,COVERED
valley_windworks_indoor,36,COVERED
valley_windworks_indoor,37,COVERED
valley_windworks_indoor,38,COVERED
valley_windworks_indoor,39,COVERED
valley_windworks_indoor,40,COVERED
valley_windworks_indoor,41,COVERED
valley_windworks_indoor,42,COVERED
valley_windworks_indoor,43,COVERED
valley_windworks_indoor,44,COVERED
valley_windworks_indoor,45,COVERED
valley_windworks_indoor,46,COVERED
valley_windworks_indoor,47,COVERED
valley_windworks_indoor,48,COVERED
valley_windworks_indoor,49,COVERED
valley_windworks_indoor,50,COVERED
valley_windworks_indoor,51,COVERED
valley_windworks_indoor,52,COVERED
valley_windworks_indoor,53,COVERED
valley_windworks_indoor,54,COVERED
valley_windworks_indoor,55,COVERED
valley_windworks_indoor,56,COVERED
valley_windworks_indoor,57,COVERED
valley_windworks_indoor,58,COVERED
valley_windworks_indoor,59,COVERED
valley_windworks_indoor,60,COVERED
valley_windworks_indoor,61,COVERED
valley_windworks_indoor,62,COVERED
valley_windworks_indoor,63,COVERED
valley_windworks_indoor,64,COVERED
valley_windworks_indoor,65,COVERED
valley_windworks_indoor,66,COVERED
valley_windworks_indoor,67,COVERED
valley_windworks_indoor,68,COVERED
valley_windworks_indoor,69,COVERED
valley_windworks_indoor,70,COVERED
valley_windworks_indoor,71,COVERED
valley_windworks_indoor,72,COVERED
valley_windworks_indoor,73,COVERED
valley_windworks_indoor,74,COVERED
valley_windworks_indoor,75,COVERED
valley_windworks_indoor,76,COVERED
valley_windworks_indoor,77,COVERED
valley_windworks_indoor,78,COVERED
valley_windworks_indoor,79,COVERED
valley_windworks_indoor,80,COVERED
valley_windworks_indoor,81,COVERED
valley_windworks_indoor,82,COVERED
valley_windworks_indoor,83,COVERED
valley_windworks_indoor,84,COVERED
valley_windworks_indoor,85,COVERED
valley_windworks_indoor,86,COVERED
valley_windworks_indoor,87,COVERED
valley_windworks_indoor,88,COVERED
valley_windworks_indoor,89,COVERED
valley_windworks_indoor,90,COVERED
valley_windworks_indoor,91,COVERED
valley_windworks_indoor,92,COVERED
valley_windworks_indoor,93,COVERED
valley_windworks_indoor,94,COVERED
valley_windworks_indoor,95,COVERED
valley_windworks_indoor,96,COVERED
valley_windworks_indoor,97,COVERED
valley_windworks_indoor,98,COVERED
valley_windworks_indoor,99,COVERED
valley_windworks_indoor,100,COVERED
valley_windworks_indoor,101,COVERED
valley_windworks_indoor,102,COVERED
valley_windworks_indoor,103,COVERED
valley_windworks_indoor,104,COVERED
valley_windworks_indoor,105,COVERED
valley_windworks_indoor,106,COVERED
valley_windworks_indoor,107,COVERED
valley_windworks_indoor,108,COVERED
valley_windworks_indoor,109,COVERED
valley_windworks_indoor,110,COVERED
valley_windworks_indoor,111,COVERED
valley_windworks_indoor,112,COVERED
valley_windworks_indoor,113,COVERED
valley_windworks_indoor,114,COVERED
valley_windworks_indoor,115,COVERED
valley_windworks_indoor,116,COVERED
valley_windworks_indoor,117,COVERED
valley_windworks_indoor,118,COVERED
valley_windworks_indoor,119,COVERED
valley_windworks_indoor,120,COVERED
valley_windworks_indoor,121,COVERED
valley_windworks_indoor,122,COVERED
valley_windworks_indoor,123,COVERED
valley_windworks_indoor,124,COVERED
valley_windworks_indoor,125,COVERED
valley_windworks_indoor,126,COVERED
valley_windworks_indoor,127,COVERED
sandgem_helper,0,COVERED
sandgem_helper,1,COVERED
sandgem_helper,2,COVERED
sandgem_helper,3,COVERED
sandgem_helper,4,COVERED
sandgem_helper,5,COVERED
sandgem_helper,6,COVERED
sandgem_helper,7,COVERED
sandgem_helper,8,COVERED
sandgem_helper,9,COVERED
sandgem_helper,10,COVERED
sandgem_helper,11,COVERED
sandgem_helper,12,COVERED
sandgem_helper,13,COVERED
sandgem_helper,14,COVERED
sandgem_helper,15,COVERED
sandgem_helper,16,COVERED
sandgem_helper,17,COVERED
sandgem_helper,18,COVERED
sandgem_helper,19,COVERED
sandgem_helper,20,COVERED
sandgem_helper,21,COVERED
sandgem_helper,22,COVERED
sandgem_helper,23,COVERED
sandgem_helper,24,COVERED
sandgem_helper,25,COVERED
sandgem_helper,26,COVERED
sandgem_helper,27,COVERED
sandgem_helper,28,COVERED
sandgem_helper,29,COVERED
sandgem_helper,30,COVERED
sandgem_helper,31,COVERED
sandgem_helper,32,COVERED
sandgem_helper,33,COVERED
sandgem_helper,34,COVERED
sandgem_helper,35,COVERED
sandgem_helper,36,COVERED
sandgem_helper,37,COVERED
sandgem_helper,38,COVERED
sandgem_helper,39,COVERED
sandgem_helper,40,COVERED
sandgem_helper,41,COVERED
sandgem_helper,42,COVERED
sandgem_helper,43,COVERED
sandgem_helper,44,COVERED
sandgem_helper,45,COVERED
sandgem_helper,46,COVERED
sandgem_helper,47,COVERED
sandgem_helper,48,COVERED
sandgem_helper,49,COVERED
sandgem_helper,50,COVERED
sandgem_helper,51,COVERED
sandgem_helper,52,COVERED
sandgem_helper,53,COVERED
sandgem_helper,54,COVERED
sandgem_helper,55,COVERED
sandgem_helper,56,COVERED
sandgem_helper,57,COVERED
sandgem_helper,58,COVERED
sandgem_helper,59,COVERED
sandgem_helper,60,COVERED
sandgem_helper,61,COVERED
sandgem_helper,62,COVERED
sandgem_helper,63,COVERED
sandgem_helper,64,COVERED
sandgem_helper,65,COVERED
sandgem_helper,66,COVERED
sandgem_helper,67,COVERED
sandgem_helper,68,COVERED
sandgem_helper,69,COVERED
sandgem_helper,70,COVERED
sandgem_helper,71,COVERED
sandgem_helper,72,COVERED
sandgem_helper,73,COVERED
sandgem_helper,74,COVERED
sandgem_helper,75,COVERED
sandgem_helper,76,COVERED
sandgem_helper,77,COVERED
sandgem_helper,78,COVERED
sandgem_helper,79,COVERED
sandgem_helper,80,COVERED
sandgem_helper,81,COVERED
sandgem_helper,82,COVERED
sandgem_helper,83,COVERED
sandgem_helper,84,COVERED
sandgem_helper,85,COVERED
sandgem_helper,86,COVERED
sandgem_helper,87,COVERED
sandgem_helper,88,COVERED
sandgem_helper,89,COVERED
sandgem_helper,90,COVERED
sandgem_helper,91,COVERED
sandgem_helper,92,COVERED
sandgem_helper,93,COVERED
sandgem_helper,94,COVERED
sandgem_helper,95,COVERED
sandgem_helper,96,COVERED
sandgem_helper,97,COVERED
sandgem_helper,98,COVERED
sandgem_helper,99,COVERED
sandgem_helper,100,COVERED
sandgem_helper,101,COVERED
sandgem_helper,102,COVERED
sandgem_helper,103,COVERED
sandgem_helper,104,COVERED
sandgem_helper,105,COVERED
sandgem_helper,106,COVERED
sandgem_helper,107,COVERED
sandgem_helper,108,COVERED
sandgem_helper,109,COVERED
sandgem_helper,110,COVERED
sandgem_helper,111,COVERED
sandgem_helper,112,COVERED
sandgem_helper,113,COVERED
sandgem_helper,114,COVERED
sandgem_helper,115,COVERED
sandgem_helper,116,COVERED
sandgem_helper,117,COVERED
sandgem_helper,118,COVERED
sandgem_helper,119,COVERED
sandgem_helper,120,COVERED
sandgem_helper,121,COVERED
sandgem_helper,122,COVERED
sandgem_helper,123,COVERED
sandgem_helper,124,COVERED
sandgem_helper,125,COVERED
sandgem_helper,126,COVERED
sandgem_helper,127,COVERED
trainer_hill,0,COVERED
trainer_hill,1,TOP
trainer_hill,2,TOP
trainer_hill,3,TOP
trainer_hill,4,TOP
trainer_hill,5,TOP
trainer_hill,6,COVERED
trainer_hill,7,COVERED
trainer_hill,8,TOP
trainer_hill,9,TOP
trainer_hill,10,TOP
trainer_hill,11,TOP
trainer_hill,12,COVERED
trainer_hill,13,TOP
trainer_hill,14,COVERED
trainer_hill,15,COVERED
trainer_hill,16,COVERED
trainer_hill,17,TOP
trainer_hill,18,COVERED
trainer_hill,19,TOP
trainer_hill,20,TOP
trainer_hill,21,TOP
trainer_hill,22,TOP
trainer_hill,23,TOP
trainer_hill,24,COVERED
trainer_hill,25,TOP
trainer_hill,26,COVERED
trainer_hill,27,COVERED
trainer_hill,28,COVERED
trainer_hill,29,COVERED
trainer_hill,30,TOP
trainer_hill,31,TOP
trainer_hill,32,COVERED
trainer_hill,33,COVERED
trainer_hill,34,COVERED
trainer_hill,35,COVERED
trainer_hill,36,COVERED
trainer_hill,37,TOP
trainer_hill,38,TOP
trainer_hill,39,TOP
trainer_hill,40,COVERED
trainer_hill,41,COVERED
trainer_hill,42,COVERED
trainer_hill,43,COVERED
trainer_hill,44,COVERED
trainer_hill,45,TOP
trainer_hill,46,TOP
trainer_hill,47,TOP
trainer_hill,48,COVERED
trainer_hill,49,TOP
trainer_hill,50,COVERED
trainer_hill,51,COVERED
trainer_hill,52,COVERED
trainer_hill,53,TOP
trainer_hill,54,TOP
trainer_hill,55,COVERED
trainer_hill,56,TOP
trainer_hill,57,TOP
trainer_hill,58,TOP
trainer_hill,59,TOP
trainer_hill,60,COVERED
trainer_hill,61,COVERED
trainer_hill,62,COVERED
trainer_hill,63,COVERED
trainer_hill,64,TOP
trainer_hill,65,TOP
trainer_hill,66,TOP
trainer_hill,67,TOP
trainer_hill,68,TOP
trainer_hill,69,TOP
trainer_hill,70,TOP
trainer_hill,71,TOP
trainer_hill,72,TOP
trainer_hill,73,TOP
trainer_hill,74,TOP
trainer_hill,75,TOP
trainer_hill,76,COVERED
trainer_hill,77,COVERED
trainer_hill,78,COVERED
trainer_hill,79,TOP
trainer_hill,80,COVERED
trainer_hill,81,COVERED
trainer_hill,82,COVERED
trainer_hill,83,COVERED
trainer_hill,84,COVERED
trainer_hill,85,COVERED
trainer_hill,86,COVERED
trainer_hill,87,COVERED
trainer_hill,88,COVERED
trainer_hill,89,COVERED
trainer_hill,90,COVERED
trainer_hill,91,COVERED
trainer_hill,92,COVERED
trainer_hill,93,TOP
trainer_hill,94,TOP
trainer_hill,95,TOP
trainer_hill,96,COVERED
trainer_hill,97,COVERED
trainer_hill,98,COVERED
trainer_hill,99,COVERED
trainer_hill,100,COVERED
trainer_hill,101,TOP
trainer_hill,102,TOP
trainer_hill,103,TOP
trainer_hill,104,COVERED
trainer_hill,105,TOP
trainer_hill,106,COVERED
trainer_hill,107,COVERED
trainer_hill,108,COVERED
trainer_hill,109,TOP
trainer_hill,110,COVERED
trainer_hill,111,COVERED
trainer_hill,112,TOP
trainer_hill,113,TOP
trainer_hill,114,TOP
trainer_hill,115,TOP
trainer_hill,116,COVERED
trainer_hill,117,COVERED
trainer_hill,118,COVERED
trainer_hill,119,COVERED
trainer_hill,120,COVERED
trainer_hill,121,COVERED
trainer_hill,122,COVERED
trainer_hill,123,COVERED
trainer_hill,124,COVERED
trainer_hill,125,COVERED
trainer_hill,126,COVERED
trainer_hill,127,TOP
trainer_hill,128,COVERED
trainer_hill,129,COVERED
trainer_hill,130,COVERED
trainer_hill,131,COVERED
trainer_hill,132,COVERED
trainer_hill,133,TOP
trainer_hill,134,TOP
trainer_hill,135,TOP
trainer_hill,136,COVERED
trainer_hill,137,COVERED
trainer_hill,138,COVERED
trainer_hill,139,COVERED
trainer_hill,140,COVERED
trainer_hill,141,TOP
trainer_hill,142,TOP
trainer_hill,143,TOP
trainer_hill,144,COVERED
trainer_hill,145,TOP
trainer_hill,146,COVERED
trainer_hill,147,COVERED
trainer_hill,148,COVERED
trainer_hill,149,TOP
trainer_hill,150,TOP
trainer_hill,151,COVERED
trainer_hill,152,TOP
trainer_hill,153,TOP
trainer_hill,154,TOP
trainer_hill,155,TOP
trainer_hill,156,COVERED
trainer_hill,157,COVERED
trainer_hill,158,COVERED
trainer_hill,159,COVERED
trainer_hill,160,COVERED
trainer_hill,161,COVERED
trainer_hill,162,COVERED
trainer_hill,163,COVERED
trainer_hill,164,COVERED
trainer_hill,165,TOP
trainer_hill,166,TOP
trainer_hill,167,TOP
trainer_hill,168,COVERED
trainer_hill,169,COVERED
trainer_hill,170,COVERED
trainer_hill,171,COVERED
trainer_hill,172,COVERED
trainer_hill,173,TOP
trainer_hill,174,TOP
trainer_hill,175,TOP
trainer_hill,176,COVERED
trainer_hill,177,TOP
trainer_hill,178,COVERED
trainer_hill,179,COVERED
trainer_hill,180,COVERED
trainer_hill,181,TOP
trainer_hill,182,COVERED
trainer_hill,183,COVERED
trainer_hill,184,TOP
trainer_hill,185,TOP
trainer_hill,186,TOP
trainer_hill,187,TOP
trainer_hill,188,COVERED
trainer_hill,189,COVERED
trainer_hill,190,COVERED
trainer_hill,191,COVERED
trainer_hill,192,COVERED
trainer_hill,193,COVERED
trainer_hill,194,COVERED
trainer_hill,195,COVERED
trainer_hill,196,COVERED
trainer_hill,197,TOP
trainer_hill,198,TOP
trainer_hill,199,TOP
trainer_hill,200,COVERED
trainer_hill,201,COVERED
trainer_hill,202,COVERED
trainer_hill,203,COVERED
trainer_hill,204,COVERED
trainer_hill,205,TOP
trainer_hill,206,TOP
trainer_hill,207,TOP
trainer_hill,208,COVERED
trainer_hill,209,TOP
trainer_hill,210,COVERED
trainer_hill,211,COVERED
trainer_hill,212,COVERED
trainer_hill,213,TOP
trainer_hill,214,TOP
trainer_hill,215,COVERED
trainer_hill,216,TOP
trainer_hill,217,TOP
trainer_hill,218,TOP
trainer_hill,219,TOP
trainer_hill,220,COVERED
trainer_hill,221,COVERED
trainer_hill,222,COVERED
trainer_hill,223,COVERED
trainer_hill,224,COVERED
trainer_hill,225,COVERED
trainer_hill,226,COVERED
trainer_hill,227,COVERED
trainer_hill,228,COVERED
trainer_hill,229,TOP
trainer_hill,230,TOP
trainer_hill,231,TOP
trainer_hill,232,COVERED
trainer_hill,233,COVERED
trainer_hill,234,COVERED
trainer_hill,235,COVERED
trainer_hill,236,COVERED
trainer_hill,237,TOP
trainer_hill,238,TOP
trainer_hill,239,TOP
trainer_hill,240,COVERED
trainer_hill,241,TOP
trainer_hill,242,COVERED
trainer_hill,243,COVERED
trainer_hill,244,COVERED
trainer_hill,245,TOP
trainer_hill,246,TOP
trainer_hill,247,COVERED
trainer_hill,248,TOP
trainer_hill,249,TOP
trainer_hill,250,TOP
trainer_hill,251,TOP
trainer_hill,252,COVERED
trainer_hill,253,COVERED
trainer_hill,254,COVERED
trainer_hill,255,COVERED
trainer_hill,256,COVERED
trainer_hill,257,TOP
trainer_hill,258,TOP
trainer_hill,259,COVERED
trainer_hill,260,COVERED
trainer_hill,261,TOP
trainer_hill,262,TOP
trainer_hill,263,TOP
trainer_hill,264,COVERED
trainer_hill,265,COVERED
trainer_hill,266,COVERED
trainer_hill,267,TOP
trainer_hill,268,TOP
trainer_hill,269,TOP
trainer_hill,270,TOP
trainer_hill,271,COVERED
trainer_hill,272,TOP
trainer_hill,273,TOP
trainer_hill,274,TOP
trainer_hill,275,TOP
trainer_hill,276,COVERED
trainer_hill,277,TOP
trainer_hill,278,TOP
trainer_hill,279,TOP
trainer_hill,280,TOP
trainer_hill,281,TOP
trainer_hill,282,TOP
trainer_hill,283,TOP
trainer_hill,284,COVERED
trainer_hill,285,TOP
trainer_hill,286,COVERED
trainer_hill,287,COVERED
trainer_hill,288,TOP
trainer_hill,289,TOP
trainer_hill,290,TOP
trainer_hill,291,COVERED
trainer_hill,292,COVERED
trainer_hill,293,COVERED
trainer_hill,294,TOP
trainer_hill,295,TOP
trainer_hill,296,TOP
trainer_hill,297,TOP
trainer_hill,298,TOP
trainer_hill,299,COVERED
trainer_hill,300,COVERED
trainer_hill,301,COVERED
trainer_hill,302,COVERED
trainer_hill,303,TOP
trainer_hill,304,TOP
trainer_hill,305,TOP
trainer_hill,306,TOP
trainer_hill,307,TOP
trainer_hill,308,COVERED
trainer_hill,309,TOP
trainer_hill,310,TOP
trainer_hill,311,TOP
trainer_hill,312,TOP
trainer_hill,313,TOP
trainer_hill,314,COVERED
trainer_hill,315,TOP
trainer_hill,316,COVERED
trainer_hill,317,COVERED
trainer_hill,318,TOP
trainer_hill,319,COVERED
trainer_hill,320,TOP
trainer_hill,321,TOP
trainer_hill,322,COVERED
trainer_hill,323,TOP
trainer_hill,324,COVERED
trainer_hill,325,COVERED
trainer_hill,326,TOP
trainer_hill,327,COVERED
trainer_hill,328,TOP
trainer_hill,329,TOP
trainer_hill,330,TOP
trainer_hill,331,TOP
trainer_hill,332,TOP
trainer_hill,333,TOP
trainer_hill,334,TOP
trainer_hill,335,TOP
trainer_hill,336,TOP
trainer_hill,337,TOP
trainer_hill,338,TOP
trainer_hill,339,COVERED
trainer_hill,340,COVERED
trainer_hill,341,COVERED
trainer_hill,342,COVERED
trainer_hill,343,TOP
trainer_hill,344,TOP
trainer_hill,345,TOP
trainer_hill,346,TOP
trainer_hill,347,TOP
trainer_hill,348,TOP
trainer_hill,349,TOP
trainer_hill,350,TOP
trainer_hill,351,TOP
trainer_hill,352,TOP
trainer_hill,353,TOP
trainer_hill,354,TOP
trainer_hill,355,COVERED
trainer_hill,356,TOP
trainer_hill,357,TOP
trainer_hill,358,TOP
trainer_hill,359,TOP
trainer_hill,360,TOP
trainer_hill,361,TOP
trainer_hill,362,TOP
trainer_hill,363,COVERED
trainer_hill,364,TOP
trainer_hill,365,TOP
trainer_hill,366,COVERED
trainer_hill,367,COVERED
trainer_hill,368,TOP
trainer_hill,369,TOP
trainer_hill,370,TOP
trainer_hill,371,TOP
trainer_hill,372,TOP
trainer_hill,373,TOP
trainer_hill,374,TOP
trainer_hill,375,TOP
trainer_hill,376,COVERED
trainer_hill,377,COVERED
trainer_hill,378,TOP
trainer_hill,379,TOP
trainer_hill,380,COVERED
trainer_hill,381,COVERED
trainer_hill,382,TOP
trainer_hill,383,TOP
trainer_hill,384,TOP
trainer_hill,385,COVERED
trainer_hill,386,TOP
trainer_hill,387,TOP
trainer_hill,388,COVERED
trainer_hill,389,COVERED
trainer_hill,390,COVERED
trainer_hill,391,COVERED
trainer_hill,392,COVERED
trainer_hill,393,COVERED
trainer_hill,394,COVERED
trainer_hill,395,COVERED
trainer_hill,396,COVERED
trainer_hill,397,COVERED
trainer_hill,398,TOP
trainer_hill,399,TOP
trainer_hill,400,COVERED
trainer_hill,401,COVERED
trainer_hill,402,COVERED
trainer_hill,403,COVERED
trainer_hill,404,TOP
trainer_hill,405,TOP
trainer_hill,406,COVERED
trainer_hill,407,COVERED
trainer_hill,408,COVERED
trainer_hill,409,COVERED
trainer_hill,410,COVERED
trainer_hill,411,COVERED
trainer_hill,412,COVERED
trainer_hill,413,COVERED
trainer_hill,414,COVERED
trainer_hill,415,COVERED
trainer_hill,416,COVERED
trainer_hill,417,COVERED
trainer_hill,418,COVERED
trainer_hill,419,COVERED
trainer_hill,420,COVERED
trainer_hill,421,COVERED
trainer_hill,422,TOP
trainer_hill,423,COVERED
trainer_hill,424,TOP
trainer_hill,425,TOP
trainer_hill,426,TOP
trainer_hill,427,COVERED
trainer_hill,428,COVERED
trainer_hill,429,COVERED
trainer_hill,430,COVERED
trainer_hill,431,COVERED
trainer_hill,432,TOP
trainer_hill,433,COVERED
trainer_hill,434,COVERED
trainer_hill,435,COVERED
trainer_hill,436,COVERED
trainer_hill,437,COVERED
trainer_hill,438,COVERED
trainer_hill,439,COVERED
trainer_hill,440,COVERED
trainer_hill,441,COVERED
trainer_hill,442,COVERED
trainer_hill,443,COVERED
trainer_hill,444,COVERED
trainer_hill,445,COVERED
trainer_hill,446,TOP
trainer_hill,447,TOP
trainer_hill,448,COVERED
trainer_hill,449,COVERED
trainer_hill,450,COVERED
trainer_hill,451,COVERED
trainer_hill,452,COVERED
trainer_hill,453,COVERED
trainer_hill,454,COVERED
trainer_hill,455,COVERED
trainer_hill,456,TOP
trainer_hill,457,TOP
trainer_hill,458,TOP
trainer_hill,459,TOP
trainer_hill,460,TOP
trainer_hill,461,TOP
trainer_hill,462,TOP
trainer_hill,463,TOP
trainer_hill,464,COVERED
trainer_hill,465,COVERED
trainer_hill,466,COVERED
trainer_hill,467,COVERED
trainer_hill,468,COVERED
trainer_hill,469,COVERED
trainer_hill,470,COVERED
trainer_hill,471,COVERED
trainer_hill,472,COVERED
trainer_hill,473,COVERED
trainer_hill,474,COVERED
trainer_hill,475,COVERED
trainer_hill,476,COVERED
trainer_hill,477,COVERED
trainer_hill,478,COVERED
trainer_hill,479,COVERED
trainer_hill,480,TOP
trainer_hill,481,TOP
trainer_hill,482,TOP
trainer_hill,483,TOP
trainer_hill,484,TOP
trainer_hill,485,TOP
fortree,0,COVERED
fortree,1,COVERED
fortree,2,TOP
fortree,3,TOP
fortree,4,TOP
fortree,5,TOP
fortree,6,COVERED
fortree,7,SPLIT
fortree,8,TOP
fortree,9,TOP
fortree,10,TOP
fortree,11,TOP
fortree,12,TOP
fortree,13,TOP
fortree,14,TOP
fortree,15,COVERED
fortree,16,TOP
fortree,17,TOP
fortree,18,TOP
fortree,19,TOP
fortree,20,TOP
fortree,21,TOP
fortree,22,TOP
fortree,23,TOP
fortree,24,TOP
fortree,25,TOP
fortree,26,TOP
fortree,27,TOP
fortree,28,TOP
fortree,29,TOP
fortree,30,TOP
fortree,31,TOP
fortree,32,TOP
fortree,33,TOP
fortree,34,TOP
fortree,35,TOP
fortree,36,TOP
fortree,37,TOP
fortree,38,TOP
fortree,39,TOP
fortree,40,TOP
fortree,41,TOP
fortree,42,TOP
fortree,43,COVERED
fortree,44,TOP
fortree,45,TOP
fortree,46,TOP
fortree,47,COVERED
fortree,48,TOP
fortree,49,TOP
fortree,50,TOP
fortree,51,COVERED
fortree,52,TOP
fortree,53,TOP
fortree,54,TOP
fortree,55,COVERED
fortree,56,TOP
fortree,57,TOP
fortree,58,TOP
fortree,59,COVERED
fortree,60,TOP
fortree,61,TOP
fortree,62,TOP
fortree,63,COVERED
fortree,64,TOP
fortree,65,TOP
fortree,66,TOP
fortree,67,TOP
fortree,68,TOP
fortree,69,COVERED
fortree,70,TOP
fortree,71,TOP
fortree,72,TOP
fortree,73,TOP
fortree,74,TOP
fortree,75,TOP
fortree,76,TOP
fortree,77,COVERED
fortree,78,TOP
fortree,79,TOP
fortree,80,COVERED
fortree,81,COVERED
fortree,82,COVERED
fortree,83,COVERED
fortree,84,COVERED
fortree,85,TOP
fortree,86,TOP
fortree,87,TOP
fortree,88,TOP
fortree,89,TOP
fortree,90,TOP
fortree,91,TOP
fortree,92,TOP
fortree,93,COVERED
fortree,94,TOP
fortree,95,TOP
fortree,96,TOP
fortree,97,TOP
fortree,98,TOP
fortree,99,TOP
fortree,100,TOP
fortree,101,TOP
fortree,102,COVERED
fortree,103,COVERED
fortree,104,TOP
fortree,105,TOP
fortree,106,TOP
fortree,107,TOP
fortree,108,TOP
fortree,109,TOP
fortree,110,COVERED
fortree,111,COVERED
fortree,112,COVERED
fortree,113,COVERED
fortree,114,COVERED
fortree,115,COVERED
fortree,116,COVERED
fortree,117,COVERED
fortree,118,TOP
fortree,119,COVERED
fortree,120,COVERED
fortree,121,TOP
fortree,122,TOP
fortree,123,TOP
fortree,124,COVERED
fortree,125,COVERED
fortree,126,COVERED
fortree,127,TOP
fortree,128,TOP
fortree,129,TOP
fortree,130,TOP
fortree,131,TOP
fortree,132,TOP
fortree,133,TOP
fortree,134,TOP
fortree,135,TOP
fortree,136,TOP
fortree,137,TOP
fortree,138,TOP
fortree,139,COVERED
fortree,140,COVERED
fortree,141,TOP
fortree,142,TOP
fortree,143,TOP
fortree,144,TOP
fortree,145,TOP
fortree,146,TOP
fortree,147,TOP
fortree,148,TOP
fortree,149,TOP
fortree,150,TOP
fortree,151,TOP
fortree,152,TOP
fortree,153,TOP
fortree,154,TOP
fortree,155,TOP
fortree,156,TOP
fortree,157,TOP
fortree,158,TOP
fortree,159,TOP
fortree,160,TOP
fortree,161,TOP
fortree,162,TOP
fortree,163,TOP
fortree,164,TOP
fortree,165,TOP
fortree,166,TOP
fortree,167,TOP
fortree,168,TOP
fortree,169,COVERED
fortree,170,COVERED
fortree,171,TOP
fortree,172,TOP
fortree,173,TOP
fortree,174,TOP
fortree,175,TOP
fortree,176,TOP
fortree,177,TOP
fortree,178,TOP
fortree,179,TOP
fortree,180,TOP
fortree,181,TOP
fortree,182,TOP
fortree,183,TOP
fortree,184,TOP
fortree,185,TOP
fortree,186,TOP
fortree,187,COVERED
fortree,188,TOP
fortree,189,TOP
fortree,190,TOP
fortree,191,TOP
fortree,192,TOP
fortree,193,TOP
fortree,194,TOP
fortree,195,COVERED
fortree,196,TOP
fortree,197,TOP
fortree,198,TOP
fortree,199,TOP
fortree,200,COVERED
fortree,201,COVERED
fortree,202,COVERED
fortree,203,COVERED
fortree,204,COVERED
fortree,205,COVERED
fortree,206,COVERED
fortree,207,TOP
fortree,208,COVERED
fortree,209,COVERED
fortree,210,COVERED
fortree,211,COVERED
fortree,212,COVERED
fortree,213,COVERED
fortree,214,COVERED
fortree,215,TOP
fortree,216,TOP
fortree,217,TOP
fortree,218,TOP
fortree,219,TOP
fortree,220,TOP
fortree,221,TOP
fortree,222,TOP
fortree,223,TOP
fortree,224,TOP
fortree,225,TOP
fortree,226,TOP
fortree,227,TOP
fortree,228,COVERED
fortree,229,COVERED
fortree,230,TOP
fortree,231,TOP
fortree,232,TOP
fortree,233,TOP
fortree,234,TOP
fortree,235,TOP
fortree,236,COVERED
fortree,237,COVERED
fortree,238,TOP
fortree,239,COVERED
fortree,240,TOP
fortree,241,TOP
fortree,242,TOP
fortree,243,TOP
fortree,244,TOP
fortree,245,TOP
fortree,246,TOP
fortree,247,COVERED
fortree,248,TOP
fortree,249,TOP
fortree,250,TOP
fortree,251,TOP
fortree,252,TOP
fortree,253,COVERED
fortree,254,COVERED
fortree,255,COVERED
fortree,256,TOP
fortree,257,COVERED
fortree,258,COVERED
fortree,259,TOP
fortree,260,TOP
fortree,261,COVERED
fortree,262,COVERED
fortree,263,COVERED
fortree,264,TOP
fortree,265,TOP
fortree,266,COVERED
fortree,267,TOP
fortree,268,TOP
fortree,269,COVERED
fortree,270,TOP
fortree,271,TOP
fortree,272,COVERED
fortree,273,COVERED
fortree,274,COVERED
fortree,275,TOP
fortree,276,TOP
fortree,277,COVERED
fortree,278,TOP
fortree,279,TOP
battle_arena,0,COVERED
battle_arena,1,TOP
battle_arena,2,TOP
battle_arena,3,TOP
battle_arena,4,COVERED
battle_arena,5,COVERED
battle_arena,6,COVERED
battle_arena,7,TOP
battle_arena,8,TOP
battle_arena,9,TOP
battle_arena,10,TOP
battle_arena,11,TOP
battle_arena,12,COVERED
battle_arena,13,COVERED
battle_arena,14,COVERED
battle_arena,15,COVERED
battle_arena,16,COVERED
battle_arena,17,TOP
battle_arena,18,COVERED
battle_arena,19,TOP
battle_arena,20,TOP
battle_arena,21,TOP
battle_arena,22,TOP
battle_arena,23,TOP
battle_arena,24,COVERED
battle_arena,25,COVERED
battle_arena,26,COVERED
battle_arena,27,TOP
battle_arena,28,TOP
battle_arena,29,TOP
battle_arena,30,TOP
battle_arena,31,TOP
battle_arena,32,TOP
battle_arena,33,TOP
battle_arena,34,TOP
battle_arena,35,TOP
battle_arena,36,TOP
battle_arena,37,TOP
battle_arena,38,TOP
battle_arena,39,TOP
battle_arena,40,TOP
battle_arena,41,TOP
battle_arena,42,TOP
battle_arena,43,TOP
battle_arena,44,TOP
battle_arena,45,TOP
battle_arena,46,TOP
battle_arena,47,TOP
battle_arena,48,TOP
battle_arena,49,TOP
battle_arena,50,TOP
battle_arena,51,TOP
battle_arena,52,TOP
battle_arena,53,TOP
battle_arena,54,TOP
battle_arena,55,TOP
battle_arena,56,TOP
battle_arena,57,TOP
battle_arena,58,TOP
battle_arena,59,TOP
battle_arena,60,TOP
battle_arena,61,TOP
battle_arena,62,TOP
battle_arena,63,TOP
battle_arena,64,TOP
battle_arena,65,TOP
battle_arena,66,TOP
battle_arena,67,TOP
battle_arena,68,TOP
battle_arena,69,TOP
battle_arena,70,TOP
battle_arena,71,TOP
battle_arena,72,TOP
battle_arena,73,TOP
battle_arena,74,TOP
battle_arena,75,TOP
battle_arena,76,TOP
battle_arena,77,TOP
battle_arena,78,TOP
battle_arena,79,TOP
battle_arena,80,TOP
battle_arena,81,TOP
battle_arena,82,TOP
battle_arena,83,TOP
battle_arena,84,TOP
battle_arena,85,TOP
battle_arena,86,TOP
battle_arena,87,TOP
battle_arena,88,TOP
battle_arena,89,TOP
battle_arena,90,TOP
battle_arena,91,TOP
battle_arena,92,TOP
battle_arena,93,TOP
battle_arena,94,TOP
battle_arena,95,TOP
battle_arena,96,TOP
battle_arena,97,TOP
battle_arena,98,TOP
battle_arena,99,TOP
battle_arena,100,TOP
battle_arena,101,TOP
battle_arena,102,TOP
battle_arena,103,TOP
battle_arena,104,TOP
battle_arena,105,TOP
battle_arena,106,TOP
battle_arena,107,TOP
battle_arena,108,TOP
battle_arena,109,TOP
battle_arena,110,TOP
battle_arena,111,TOP
battle_arena,112,COVERED
battle_arena,113,COVERED
battle_arena,114,COVERED
battle_arena,115,TOP
battle_arena,116,TOP
battle_arena,117,TOP
battle_arena,118,TOP
battle_arena,119,TOP
battle_arena,120,TOP
battle_arena,121,TOP
battle_arena,122,TOP
battle_arena,123,TOP
battle_arena,124,TOP
battle_arena,125,TOP
battle_arena,126,TOP
battle_arena,127,TOP
battle_arena,128,TOP
battle_arena,129,TOP
battle_arena,130,COVERED
battle_arena,131,COVERED
battle_arena,132,COVERED
battle_arena,133,COVERED
battle_arena,134,COVERED
battle_arena,135,TOP
battle_arena,136,TOP
battle_arena,137,COVERED
battle_arena,138,COVERED
battle_arena,139,COVERED
battle_arena,140,COVERED
battle_arena,141,COVERED
battle_arena,142,COVERED
battle_arena,143,TOP
battle_arena,144,COVERED
battle_arena,145,COVERED
battle_arena,146,COVERED
battle_arena,147,COVERED
battle_arena,148,COVERED
battle_arena,149,COVERED
battle_arena,150,COVERED
battle_arena,151,TOP
battle_arena,152,TOP
battle_arena,153,COVERED
battle_arena,154,COVERED
battle_arena,155,COVERED
battle_arena,156,COVERED
battle_arena,157,COVERED
battle_arena,158,COVERED
battle_arena,159,COVERED
battle_arena,160,TOP
battle_arena,161,COVERED
battle_arena,162,TOP
battle_arena,163,TOP
battle_arena,164,TOP
battle_arena,165,TOP
battle_arena,166,TOP
battle_arena,167,COVERED
battle_arena,168,TOP
battle_arena,169,TOP
battle_arena,170,TOP
battle_arena,171,TOP
battle_arena,172,TOP
battle_arena,173,COVERED
battle_arena,174,COVERED
battle_arena,175,COVERED
battle_arena,176,TOP
lavaridge_gym,0,COVERED
lavaridge_gym,1,TOP
lavaridge_gym,2,TOP
lavaridge_gym,3,COVERED
lavaridge_gym,4,COVERED
lavaridge_gym,5,COVERED
lavaridge_gym,6,COVERED
lavaridge_gym,7,COVERED
lavaridge_gym,8,TOP
lavaridge_gym,9,TOP
lavaridge_gym,10,TOP
lavaridge_gym,11,COVERED
lavaridge_gym,12,TOP
lavaridge_gym,13,COVERED
lavaridge_gym,14,COVERED
lavaridge_gym,15,COVERED
lavaridge_gym,16,TOP
lavaridge_gym,17,TOP
lavaridge_gym,18,TOP
lavaridge_gym,19,TOP
lavaridge_gym,20,COVERED
lavaridge_gym,21,COVERED
lavaridge_gym,22,COVERED
lavaridge_gym,23,COVERED
lavaridge_gym,24,COVERED
lavaridge_gym,25,COVERED
lavaridge_gym,26,COVERED
lavaridge_gym,27,COVERED
lavaridge_gym,28,COVERED
lavaridge_gym,29,TOP
lavaridge_gym,30,COVERED
lavaridge_gym,31,COVERED
lavaridge_gym,32,COVERED
lavaridge_gym,33,COVERED
lavaridge_gym,34,COVERED
lavaridge_gym,35,COVERED
lavaridge_gym,36,COVERED
lavaridge_gym,37,TOP
lavaridge_gym,38,TOP
lavaridge_gym,39,TOP
lavaridge_gym,40,COVERED
lavaridge_gym,41,COVERED
lavaridge_gym,42,COVERED
lavaridge_gym,43,COVERED
lavaridge_gym,44,COVERED
lavaridge_gym,45,COVERED
lavaridge_gym,46,COVERED
lavaridge_gym,47,COVERED
lavaridge_gym,48,COVERED
lavaridge_gym,49,TOP
lavaridge_gym,50,COVERED
lavaridge_gym,51,COVERED
lavaridge_gym,52,COVERED
lavaridge_gym,53,TOP
lavaridge_gym,54,COVERED
lavaridge_gym,55,COVERED
lavaridge_gym,56,TOP
lavaridge_gym,57,TOP
lavaridge_gym,58,TOP
lavaridge_gym,59,TOP
lavaridge_gym,60,TOP
sootopolis,0,TOP
sootopolis,1,TOP
sootopolis,2,TOP
sootopolis,3,TOP
sootopolis,4,COVERED
sootopolis,5,TOP
sootopolis,6,TOP
sootopolis,7,TOP
sootopolis,8,COVERED
sootopolis,9,TOP
sootopolis,10,TOP
sootopolis,11,TOP
sootopolis,12,COVERED
sootopolis,13,TOP
sootopolis,14,TOP
sootopolis,15,TOP
sootopolis,16,COVERED
sootopolis,17,TOP
sootopolis,18,COVERED
sootopolis,19,TOP
sootopolis,20,COVERED
sootopolis,21,TOP
sootopolis,22,COVERED
sootopolis,23,TOP
sootopolis,24,COVERED
sootopolis,25,COVERED
sootopolis,26,COVERED
sootopolis,27,COVERED
sootopolis,28,COVERED
sootopolis,29,COVERED
sootopolis,30,COVERED
sootopolis,31,COVERED
sootopolis,32,TOP
sootopolis,33,TOP
sootopolis,34,TOP
sootopolis,35,TOP
sootopolis,36,TOP
sootopolis,37,TOP
sootopolis,38,COVERED
sootopolis,39,TOP
sootopolis,40,TOP
sootopolis,41,TOP
sootopolis,42,TOP
sootopolis,43,COVERED
sootopolis,44,COVERED
sootopolis,45,COVERED
sootopolis,46,COVERED
sootopolis,47,COVERED
sootopolis,48,COVERED
sootopolis,49,COVERED
sootopolis,50,COVERED
sootopolis,51,TOP
sootopolis,52,COVERED
sootopolis,53,COVERED
sootopolis,54,COVERED
sootopolis,55,COVERED
sootopolis,56,TOP
sootopolis,57,COVERED
sootopolis,58,COVERED
sootopolis,59,COVERED
sootopolis,60,COVERED
sootopolis,61,COVERED
sootopolis,62,COVERED
sootopolis,63,COVERED
sootopolis,64,COVERED
sootopolis,65,COVERED
sootopolis,66,COVERED
sootopolis,67,COVERED
sootopolis,68,TOP
sootopolis,69,TOP
sootopolis,70,COVERED
sootopolis,71,COVERED
sootopolis,72,TOP
sootopolis,73,COVERED
sootopolis,74,COVERED
sootopolis,75,COVERED
sootopolis,76,COVERED
sootopolis,77,COVERED
sootopolis,78,COVERED
sootopolis,79,COVERED
sootopolis,80,TOP
sootopolis,81,TOP
sootopolis,82,TOP
sootopolis,83,TOP
sootopolis,84,COVERED
sootopolis,85,COVERED
sootopolis,86,COVERED
sootopolis,87,COVERED
sootopolis,88,TOP
sootopolis,89,TOP
sootopolis,90,TOP
sootopolis,91,TOP
sootopolis,92,COVERED
sootopolis,93,COVERED
sootopolis,94,COVERED
sootopolis,95,COVERED
sootopolis,96,TOP
sootopolis,97,TOP
sootopolis,98,COVERED
sootopolis,99,COVERED
sootopolis,100,COVERED
sootopolis,101,COVERED
sootopolis,102,COVERED
sootopolis,103,COVERED
sootopolis,104,TOP
sootopolis,105,TOP
sootopolis,106,TOP
sootopolis,107,COVERED
sootopolis,108,COVERED
sootopolis,109,COVERED
sootopolis,110,COVERED
sootopolis,111,COVERED
sootopolis,112,COVERED
sootopolis,113,COVERED
sootopolis,114,COVERED
sootopolis,115,COVERED
sootopolis,116,COVERED
sootopolis,117,COVERED
sootopolis,118,COVERED
sootopolis,119,COVERED
sootopolis,120,COVERED
sootopolis,121,COVERED
sootopolis,122,TOP
sootopolis,123,COVERED
sootopolis,124,COVERED
sootopolis,125,COVERED
sootopolis,126,COVERED
sootopolis,127,COVERED
sootopolis,128,COVERED
sootopolis,129,COVERED
sootopolis,130,TOP
sootopolis,131,TOP
sootopolis,132,TOP
sootopolis,133,COVERED
sootopolis,134,COVERED
sootopolis,135,COVERED
sootopolis,136,TOP
sootopolis,137,TOP
sootopolis,138,TOP
sootopolis,139,TOP
sootopolis,140,TOP
sootopolis,141,COVERED
sootopolis,142,COVERED
sootopolis,143,COVERED
sootopolis,144,TOP
sootopolis,145,TOP
sootopolis,146,COVERED
sootopolis,147,COVERED
sootopolis,148,COVERED
sootopolis,149,COVERED
sootopolis,150,COVERED
sootopolis,151,COVERED
sootopolis,152,TOP
sootopolis,153,TOP
sootopolis,154,COVERED
sootopolis,155,COVERED
sootopolis,156,COVERED
sootopolis,157,COVERED
sootopolis,158,TOP
sootopolis,159,COVERED
sootopolis,160,TOP
sootopolis,161,COVERED
sootopolis,162,COVERED
sootopolis,163,COVERED
sootopolis,164,COVERED
sootopolis,165,TOP
sootopolis,166,TOP
sootopolis,167,TOP
sootopolis,168,TOP
sootopolis,169,TOP
sootopolis,170,TOP
sootopolis,171,COVERED
sootopolis,172,COVERED
sootopolis,173,TOP
sootopolis,174,TOP
sootopolis,175,TOP
sootopolis,176,COVERED
sootopolis,177,COVERED
sootopolis,178,COVERED
sootopolis,179,COVERED
sootopolis,180,COVERED
sootopolis,181,COVERED
sootopolis,182,COVERED
sootopolis,183,COVERED
sootopolis,184,COVERED
sootopolis,185,COVERED
sootopolis,186,COVERED
sootopolis,187,COVERED
sootopolis,188,COVERED
sootopolis,189,COVERED
sootopolis,190,COVERED
sootopolis,191,COVERED
sootopolis,192,COVERED
sootopolis,193,COVERED
sootopolis,194,COVERED
sootopolis,195,COVERED
sootopolis,196,COVERED
sootopolis,197,COVERED
sootopolis,198,COVERED
sootopolis,199,COVERED
sootopolis,200,TOP
sootopolis,201,TOP
sootopolis,202,TOP
sootopolis,203,TOP
sootopolis,204,TOP
sootopolis,205,TOP
sootopolis,206,TOP
sootopolis,207,TOP
sootopolis,208,COVERED
sootopolis,209,COVERED
sootopolis,210,COVERED
sootopolis,211,COVERED
sootopolis,212,COVERED
sootopolis,213,TOP
sootopolis,214,TOP
sootopolis,215,TOP
sootopolis,216,COVERED
sootopolis,217,COVERED
sootopolis,218,COVERED
sootopolis,219,COVERED
sootopolis,220,COVERED
sootopolis,221,COVERED
sootopolis,222,COVERED
sootopolis,223,COVERED
sootopolis,224,COVERED
sootopolis,225,COVERED
sootopolis,226,COVERED
sootopolis,227,COVERED
sootopolis,228,TOP
sootopolis,229,COVERED
sootopolis,230,TOP
sootopolis,231,TOP
sootopolis,232,COVERED
sootopolis,233,TOP
sootopolis,234,COVERED
sootopolis,235,COVERED
sootopolis,236,COVERED
sootopolis,237,COVERED
sootopolis,238,TOP
sootopolis,239,TOP
sootopolis,240,COVERED
sootopolis,241,COVERED
sootopolis,242,COVERED
sootopolis,243,COVERED
sootopolis,244,TOP
sootopolis,245,COVERED
sootopolis,246,TOP
sootopolis,247,TOP
sootopolis,248,COVERED
sootopolis,249,COVERED
sootopolis,250,COVERED
sootopolis,251,COVERED
sootopolis,252,TOP
sootopolis,253,COVERED
sandgem_lab,0,SPLIT
sandgem_lab,1,SPLIT
sandgem_lab,2,COVERED
sandgem_lab,3,COVERED
sandgem_lab,4,COVERED
sandgem_lab,5,COVERED
sandgem_lab,6,COVERED
sandgem_lab,7,COVERED
sandgem_lab,8,COVERED
sandgem_lab,9,COVERED
sandgem_lab,10,COVERED
sandgem_lab,11,COVERED
sandgem_lab,12,TOP
sandgem_lab,13,TOP
sandgem_lab,14,COVERED
sandgem_lab,15,COVERED
sandgem_lab,16,COVERED
sandgem_lab,17,COVERED
sandgem_lab,18,SPLIT
sandgem_lab,19,SPLIT
sandgem_lab,20,COVERED
sandgem_lab,21,COVERED
sandgem_lab,22,SPLIT
sandgem_lab,23,SPLIT
sandgem_lab,24,COVERED
sandgem_lab,25,COVERED
sandgem_lab,26,COVERED
sandgem_lab,27,COVERED
sandgem_lab,28,COVERED
sandgem_lab,29,COVERED
sandgem_lab,30,COVERED
sandgem_lab,31,COVERED
sandgem_lab,32,COVERED
sandgem_lab,33,COVERED
sandgem_lab,34,COVERED
sandgem_lab,35,COVERED
sandgem_lab,36,COVERED
sandgem_lab,37,COVERED
sandgem_lab,38,COVERED
sandgem_lab,39,COVERED
sandgem_lab,40,COVERED
sandgem_lab,41,COVERED
sandgem_lab,42,COVERED
sandgem_lab,43,COVERED
sandgem_lab,44,COVERED
sandgem_lab,45,COVERED
sandgem_lab,46,COVERED
sandgem_lab,47,COVERED
sandgem_lab,48,COVERED
sandgem_lab,49,COVERED
sandgem_lab,50,COVERED
sandgem_lab,51,COVERED
sandgem_lab,52,COVERED
sandgem_lab,53,COVERED
sandgem_lab,54,COVERED
sandgem_lab,55,COVERED
sandgem_lab,56,COVERED
sandgem_lab,57,COVERED
sandgem_lab,58,COVERED
sandgem_lab,59,COVERED
sandgem_lab,60,COVERED
sandgem_lab,61,COVERED
sandgem_lab,62,COVERED
sandgem_lab,63,COVERED
sandgem_lab,64,COVERED
sandgem_lab,65,COVERED
sandgem_lab,66,COVERED
sandgem_lab,67,COVERED
sandgem_lab,68,COVERED
sandgem_lab,69,COVERED
sandgem_lab,70,COVERED
sandgem_lab,71,COVERED
sandgem_lab,72,COVERED
sandgem_lab,73,COVERED
sandgem_lab,74,COVERED
sandgem_lab,75,COVERED
sandgem_lab,76,COVERED
sandgem_lab,77,COVERED
sandgem_lab,78,COVERED
sandgem_lab,79,COVERED
sandgem_lab,80,COVERED
sandgem_lab,81,COVERED
sandgem_lab,82,COVERED
sandgem_lab,83,COVERED
sandgem_lab,84,COVERED
sandgem_lab,85,COVERED
sandgem_lab,86,COVERED
sandgem_lab,87,COVERED
sandgem_lab,88,COVERED
sandgem_lab,89,COVERED
sandgem_lab,90,COVERED
sandgem_lab,91,COVERED
sandgem_lab,92,COVERED
sandgem_lab,93,COVERED
sandgem_lab,94,COVERED
sandgem_lab,95,COVERED
sandgem_lab,96,COVERED
sandgem_lab,97,COVERED
sandgem_lab,98,COVERED
sandgem_lab,99,COVERED
sandgem_lab,100,COVERED
sandgem_lab,101,COVERED
sandgem_lab,102,COVERED
sandgem_lab,103,COVERED
sandgem_lab,104,COVERED
sandgem_lab,105,COVERED
sandgem_lab,106,COVERED
sandgem_lab,107,COVERED
sandgem_lab,108,COVERED
sandgem_lab,109,COVERED
sandgem_lab,110,COVERED
sandgem_lab,111,COVERED
sandgem_lab,112,COVERED
sandgem_lab,113,COVERED
sandgem_lab,114,COVERED
sandgem_lab,115,COVERED
sandgem_lab,116,COVERED
sandgem_lab,117,COVERED
sandgem_lab,118,COVERED
sandgem_lab,119,COVERED
sandgem_lab,120,COVERED
sandgem_lab,121,COVERED
sandgem_lab,122,COVERED
sandgem_lab,123,COVERED
sandgem_lab,124,COVERED
sandgem_lab,125,COVERED
sandgem_lab,126,COVERED
sandgem_lab,127,COVERED
unused_1,0,COVERED
unused_1,1,TOP
route_205_south_1,0,COVERED
route_205_south_1,1,COVERED
route_205_south_1,2,COVERED
route_205_south_1,3,NORMAL
route_205_south_1,4,NORMAL
route_205_south_1,5,SPLIT
route_205_south_1,6,NORMAL
route_205_south_1,7,COVERED
route_205_south_1,8,COVERED
route_205_south_1,9,COVERED
route_205_south_1,10,SPLIT
route_205_south_1,11,SPLIT
route_205_south_1,12,TOP
route_205_south_1,13,TOP
route_205_south_1,14,NORMAL
route_205_south_1,15,NORMAL
route_205_south_1,16,TOP
route_205_south_1,17,NORMAL
route_205_south_1,18,SPLIT
route_205_south_1,19,TOP
route_205_south_1,20,NORMAL
route_205_south_1,21,NORMAL
route_205_south_1,22,TOP
route_205_south_1,23,NORMAL
route_205_south_1,24,NORMAL
route_205_south_1,25,TOP
route_205_south_1,26,SPLIT
route_205_south_1,27,NORMAL
route_205_south_1,28,NORMAL
route_205_south_1,29,NORMAL
route_205_south_1,30,NORMAL
route_205_south_1,31,NORMAL
route_205_south_1,32,SPLIT
route_205_south_1,33,SPLIT
route_205_south_1,34,COVERED
route_205_south_1,35,COVERED
route_205_south_1,36,COVERED
route_205_south_1,37,COVERED
route_205_south_1,38,COVERED
route_205_south_1,39,COVERED
route_205_south_1,40,SPLIT
route_205_south_1,41,SPLIT
route_205_south_1,42,COVERED
route_205_south_1,43,COVERED
route_205_south_1,44,COVERED
route_205_south_1,45,COVERED
route_205_south_1,46,COVERED
route_205_south_1,47,COVERED
route_205_south_1,48,NORMAL
route_205_south_1,49,NORMAL
route_205_south_1,50,COVERED
route_205_south_1,51,COVERED
route_205_south_1,52,COVERED
route_205_south_1,53,COVERED
route_205_south_1,54,COVERED
route_205_south_1,55,COVERED
route_205_south_1,56,NORMAL
route_205_south_1,57,NORMAL
route_205_south_1,58,TOP
route_205_south_1,59,TOP
route_205_south_1,60,TOP
route_205_south_1,61,COVERED
route_205_south_1,62,COVERED
route_205_south_1,63,COVERED
route_205_south_1,64,COVERED
route_205_south_1,65,COVERED
route_205_south_1,66,SPLIT
route_205_south_1,67,SPLIT
route_205_south_1,68,SPLIT
route_205_south_1,69,SPLIT
route_205_south_1,70,SPLIT
route_205_south_1,71,NORMAL
route_205_south_1,72,NORMAL
route_205_south_1,73,NORMAL
route_205_south_1,74,COVERED
route_205_south_1,75,COVERED
route_205_south_1,76,COVERED
route_205_south_1,77,NORMAL
route_205_south_1,78,NORMAL
route_205_south_1,79,COVERED
route_205_south_1,80,SPLIT
route_205_south_1,81,SPLIT
route_205_south_1,82,COVERED
route_205_south_1,83,COVERED
route_205_south_1,84,COVERED
route_205_south_1,85,COVERED
route_205_south_1,86,COVERED
route_205_south_1,87,COVERED
route_205_south_1,88,COVERED
route_205_south_1,89,COVERED
route_205_south_1,90,SPLIT
route_205_south_1,91,SPLIT
route_205_south_1,92,COVERED
route_205_south_1,93,COVERED
route_205_south_1,94,COVERED
route_205_south_1,95,COVERED
route_205_south_1,96,COVERED
route_205_south_1,97,COVERED
route_205_south_1,98,COVERED
route_205_south_1,99,COVERED
route_205_south_1,100,SPLIT
route_205_south_1,101,COVERED
route_205_south_1,102,COVERED
route_205_south_1,103,COVERED
route_205_south_1,104,COVERED
route_205_south_1,105,COVERED
route_205_south_1,106,COVERED
route_205_south_1,107,COVERED
route_205_south_1,108,COVERED
route_205_south_1,109,COVERED
route_205_south_1,110,COVERED
route_205_south_1,111,COVERED
route_205_south_1,112,COVERED
route_205_south_1,113,COVERED
route_205_south_1,114,COVERED
route_205_south_1,115,COVERED
route_205_south_1,116,COVERED
route_205_south_1,117,COVERED
route_205_south_1,118,COVERED
route_205_south_1,119,COVERED
route_205_south_1,120,COVERED
route_205_south_1,121,COVERED
route_205_south_1,122,COVERED
route_205_south_1,123,COVERED
route_205_south_1,124,COVERED
route_205_south_1,125,COVERED
route_205_south_1,126,COVERED
route_205_south_1,127,COVERED
island_harbor,0,TOP
island_harbor,1,TOP
island_harbor,2,TOP
island_harbor,3,TOP
island_harbor,4,COVERED
island_harbor,5,TOP
island_harbor,6,TOP
island_harbor,7,TOP
island_harbor,8,COVERED
island_harbor,9,COVERED
island_harbor,10,COVERED
island_harbor,11,COVERED
island_harbor,12,COVERED
island_harbor,13,TOP
island_harbor,14,TOP
island_harbor,15,TOP
island_harbor,16,COVERED
island_harbor,17,COVERED
island_harbor,18,COVERED
island_harbor,19,COVERED
island_harbor,20,COVERED
island_harbor,21,COVERED
island_harbor,22,COVERED
island_harbor,23,COVERED
island_harbor,24,COVERED
island_harbor,25,TOP
island_harbor,26,TOP
island_harbor,27,TOP
island_harbor,28,TOP
island_harbor,29,COVERED
island_harbor,30,COVERED
island_harbor,31,TOP
island_harbor,32,TOP
island_harbor,33,TOP
island_harbor,34,COVERED
island_harbor,35,COVERED
island_harbor,36,COVERED
island_harbor,37,COVERED
island_harbor,38,COVERED
island_harbor,39,COVERED
island_harbor,40,COVERED
island_harbor,41,COVERED
island_harbor,42,COVERED
island_harbor,43,COVERED
island_harbor,44,COVERED
island_harbor,45,COVERED
island_harbor,46,COVERED
island_harbor,47,COVERED
island_harbor,48,COVERED
island_harbor,49,COVERED
island_harbor,50,COVERED
island_harbor,51,COVERED
island_harbor,52,COVERED
island_harbor,53,COVERED
island_harbor,54,COVERED
island_harbor,55,COVERED
island_harbor,56,COVERED
island_harbor,57,COVERED
island_harbor,58,COVERED
island_harbor,59,COVERED
island_harbor,60,COVERED
island_harbor,61,COVERED
island_harbor,62,COVERED
island_harbor,63,COVERED
island_harbor,64,COVERED
island_harbor,65,COVERED
island_harbor,66,COVERED
island_harbor,67,COVERED
island_harbor,68,COVERED
island_harbor,69,COVERED
island_harbor,70,COVERED
island_harbor,71,COVERED
island_harbor,72,COVERED
island_harbor,73,COVERED
island_harbor,74,COVERED
island_harbor,75,COVERED
island_harbor,76,COVERED
island_harbor,77,COVERED
island_harbor,78,COVERED
island_harbor,79,COVERED
island_harbor,80,COVERED
island_harbor,81,COVERED
island_harbor,82,COVERED
island_harbor,83,COVERED
island_harbor,84,COVERED
island_harbor,85,COVERED
island_harbor,86,COVERED
island_harbor,87,COVERED
island_harbor,88,COVERED
island_harbor,89,COVERED
island_harbor,90,COVERED
island_harbor,91,COVERED
island_harbor,92,COVERED
island_harbor,93,COVERED
island_harbor,94,COVERED
island_harbor,95,COVERED
island_harbor,96,COVERED
island_harbor,97,COVERED
island_harbor,98,COVERED
island_harbor,99,COVERED
island_harbor,100,COVERED
island_harbor,101,COVERED
island_harbor,102,COVERED
island_harbor,103,COVERED
island_harbor,104,COVERED
island_harbor,105,COVERED
island_harbor,106,COVERED
island_harbor,107,COVERED
island_harbor,108,COVERED
island_harbor,109,COVERED
island_harbor,110,COVERED
island_harbor,111,COVERED
island_harbor,112,COVERED
island_harbor,113,COVERED
island_harbor,114,COVERED
island_harbor,115,COVERED
island_harbor,116,COVERED
island_harbor,117,COVERED
island_harbor,118,COVERED
island_harbor,119,COVERED
island_harbor,120,COVERED
island_harbor,121,COVERED
island_harbor,122,COVERED
island_harbor,123,COVERED
island_harbor,124,COVERED
island_harbor,125,COVERED
island_harbor,126,COVERED
island_harbor,127,COVERED
island_harbor,128,COVERED
island_harbor,129,COVERED
island_harbor,130,COVERED
island_harbor,131,COVERED
island_harbor,132,COVERED
island_harbor,133,COVERED
island_harbor,134,COVERED
island_harbor,135,COVERED
island_harbor,136,COVERED
island_harbor,137,COVERED
island_harbor,138,COVERED
island_harbor,139,COVERED
island_harbor,140,COVERED
island_harbor,141,COVERED
island_harbor,142,COVERED
island_harbor,143,COVERED
island_harbor,144,COVERED
island_harbor,145,COVERED
island_harbor,146,COVERED
island_harbor,147,COVERED
island_harbor,148,COVERED
island_harbor,149,COVERED
island_harbor,150,COVERED
island_harbor,151,COVERED
island_harbor,152,COVERED
island_harbor,153,COVERED
island_harbor,154,COVERED
island_harbor,155,COVERED
island_harbor,156,COVERED
island_harbor,157,COVERED
island_harbor,158,COVERED
island_harbor,159,COVERED
island_harbor,160,COVERED
island_harbor,161,COVERED
island_harbor,162,COVERED
island_harbor,163,COVERED
island_harbor,164,COVERED
island_harbor,165,COVERED
island_harbor,166,COVERED
island_harbor,167,COVERED
island_harbor,168,COVERED
island_harbor,169,COVERED
island_harbor,170,COVERED
island_harbor,171,COVERED
island_harbor,172,COVERED
island_harbor,173,COVERED
island_harbor,174,COVERED
island_harbor,175,COVERED
island_harbor,176,COVERED
island_harbor,177,COVERED
island_harbor,178,COVERED
island_harbor,179,COVERED
island_harbor,180,COVERED
island_harbor,181,COVERED
island_harbor,182,COVERED
island_harbor,183,COVERED
island_harbor,184,COVERED
island_harbor,185,COVERED
island_harbor,186,COVERED
island_harbor,187,COVERED
island_harbor,188,COVERED
island_harbor,189,COVERED
island_harbor,190,COVERED
island_harbor,191,COVERED
island_harbor,192,COVERED
island_harbor,193,COVERED
island_harbor,194,COVERED
island_harbor,195,COVERED
island_harbor,196,COVERED
island_harbor,197,COVERED
island_harbor,198,COVERED
island_harbor,199,COVERED
island_harbor,200,COVERED
island_harbor,201,COVERED
island_harbor,202,COVERED
island_harbor,203,COVERED
island_harbor,204,COVERED
island_harbor,205,COVERED
island_harbor,206,COVERED
island_harbor,207,COVERED
island_harbor,208,COVERED
island_harbor,209,COVERED
island_harbor,210,COVERED
island_harbor,211,COVERED
island_harbor,212,COVERED
island_harbor,213,COVERED
island_harbor,214,COVERED
island_harbor,215,COVERED
island_harbor,216,COVERED
island_harbor,217,COVERED
island_harbor,218,COVERED
island_harbor,219,COVERED
island_harbor,220,COVERED
island_harbor,221,COVERED
island_harbor,222,COVERED
island_harbor,223,COVERED
island_harbor,224,COVERED
island_harbor,225,COVERED
island_harbor,226,COVERED
island_harbor,227,COVERED
island_harbor,228,COVERED
island_harbor,229,COVERED
island_harbor,230,COVERED
island_harbor,231,COVERED
island_harbor,232,COVERED
island_harbor,233,COVERED
island_harbor,234,COVERED
island_harbor,235,COVERED
island_harbor,236,COVERED
island_harbor,237,COVERED
island_harbor,238,COVERED
island_harbor,239,COVERED
island_harbor,240,COVERED
island_harbor,241,COVERED
island_harbor,242,COVERED
island_harbor,243,COVERED
island_harbor,244,COVERED
island_harbor,245,COVERED
island_harbor,246,COVERED
island_harbor,247,COVERED
island_harbor,248,COVERED
island_harbor,249,COVERED
island_harbor,250,COVERED
island_harbor,251,COVERED
island_harbor,252,COVERED
island_harbor,253,COVERED
island_harbor,254,COVERED
island_harbor,255,COVERED
island_harbor,256,COVERED
island_harbor,257,COVERED
island_harbor,258,COVERED
island_harbor,259,COVERED
island_harbor,260,COVERED
island_harbor,261,COVERED
island_harbor,262,COVERED
island_harbor,263,COVERED
island_harbor,264,COVERED
island_harbor,265,COVERED
island_harbor,266,COVERED
island_harbor,267,COVERED
island_harbor,268,COVERED
island_harbor,269,COVERED
island_harbor,270,COVERED
island_harbor,271,COVERED
island_harbor,272,COVERED
island_harbor,273,COVERED
island_harbor,274,COVERED
island_harbor,275,COVERED
island_harbor,276,COVERED
island_harbor,277,COVERED
island_harbor,278,COVERED
island_harbor,279,COVERED
island_harbor,280,COVERED
island_harbor,281,COVERED
island_harbor,282,COVERED
island_harbor,283,COVERED
island_harbor,284,COVERED
island_harbor,285,COVERED
island_harbor,286,COVERED
island_harbor,287,COVERED
island_harbor,288,COVERED
island_harbor,289,COVERED
island_harbor,290,COVERED
island_harbor,291,COVERED
island_harbor,292,COVERED
island_harbor,293,COVERED
island_harbor,294,COVERED
island_harbor,295,COVERED
island_harbor,296,COVERED
island_harbor,297,COVERED
island_harbor,298,COVERED
island_harbor,299,COVERED
island_harbor,300,COVERED
island_harbor,301,COVERED
island_harbor,302,COVERED
island_harbor,303,COVERED
island_harbor,304,COVERED
island_harbor,305,COVERED
island_harbor,306,COVERED
island_harbor,307,COVERED
island_harbor,308,COVERED
island_harbor,309,COVERED
island_harbor,310,COVERED
island_harbor,311,COVERED
island_harbor,312,COVERED
island_harbor,313,COVERED
island_harbor,314,COVERED
island_harbor,315,COVERED
island_harbor,316,COVERED
island_harbor,317,COVERED
island_harbor,318,COVERED
island_harbor,319,COVERED
island_harbor,320,COVERED
island_harbor,321,COVERED
island_harbor,322,COVERED
island_harbor,323,COVERED
island_harbor,324,COVERED
island_harbor,325,COVERED
island_harbor,326,COVERED
island_harbor,327,COVERED
island_harbor,328,COVERED
island_harbor,329,COVERED
island_harbor,330,COVERED
island_harbor,331,COVERED
island_harbor,332,COVERED
island_harbor,333,COVERED
island_harbor,334,COVERED
island_harbor,335,COVERED
island_harbor,336,COVERED
island_harbor,337,COVERED
island_harbor,338,COVERED
island_harbor,339,COVERED
island_harbor,340,COVERED
island_harbor,341,COVERED
island_harbor,342,COVERED
island_harbor,343,COVERED
island_harbor,344,COVERED
island_harbor,345,COVERED
island_harbor,346,COVERED
island_harbor,347,COVERED
island_harbor,348,COVERED
island_harbor,349,COVERED
island_harbor,350,COVERED
island_harbor,351,COVERED
island_harbor,352,COVERED
island_harbor,353,COVERED
island_harbor,354,COVERED
island_harbor,355,COVERED
island_harbor,356,COVERED
island_harbor,357,COVERED
island_harbor,358,COVERED
island_harbor,359,COVERED
island_harbor,360,COVERED
island_harbor,361,COVERED
island_harbor,362,COVERED
island_harbor,363,COVERED
island_harbor,364,COVERED
island_harbor,365,COVERED
island_harbor,366,COVERED
island_harbor,367,COVERED
island_harbor,368,COVERED
island_harbor,369,COVERED
island_harbor,370,COVERED
island_harbor,371,COVERED
island_harbor,372,COVERED
island_harbor,373,COVERED
island_harbor,374,COVERED
island_harbor,375,COVERED
island_harbor,376,COVERED
island_harbor,377,COVERED
island_harbor,378,COVERED
island_harbor,379,COVERED
island_harbor,380,COVERED
island_harbor,381,COVERED
island_harbor,382,COVERED
island_harbor,383,COVERED
island_harbor,384,COVERED
island_harbor,385,COVERED
island_harbor,386,COVERED
island_harbor,387,COVERED
island_harbor,388,COVERED
island_harbor,389,COVERED
island_harbor,390,COVERED
island_harbor,391,COVERED
island_harbor,392,COVERED
island_harbor,393,COVERED
island_harbor,394,COVERED
island_harbor,395,COVERED
island_harbor,396,COVERED
island_harbor,397,COVERED
island_harbor,398,COVERED
island_harbor,399,COVERED
island_harbor,400,COVERED
island_harbor,401,COVERED
island_harbor,402,COVERED
island_harbor,403,COVERED
island_harbor,404,COVERED
island_harbor,405,COVERED
island_harbor,406,COVERED
island_harbor,407,COVERED
island_harbor,408,COVERED
island_harbor,409,COVERED
island_harbor,410,COVERED
island_harbor,411,COVERED
island_harbor,412,COVERED
island_harbor,413,COVERED
island_harbor,414,COVERED
island_harbor,415,COVERED
island_harbor,416,TOP
island_harbor,417,TOP
island_harbor,418,TOP
island_harbor,419,TOP
island_harbor,420,TOP
island_harbor,421,COVERED
island_harbor,422,COVERED
island_harbor,423,COVERED
island_harbor,424,COVERED
island_harbor,425,COVERED
island_harbor,426,TOP
island_harbor,427,TOP
island_harbor,428,TOP
island_harbor,429,COVERED
island_harbor,430,COVERED
island_harbor,431,COVERED
island_harbor,432,COVERED
island_harbor,433,COVERED
island_harbor,434,COVERED
island_harbor,435,COVERED
island_harbor,436,COVERED
island_harbor,437,TOP
island_harbor,438,COVERED
island_harbor,439,COVERED
island_harbor,440,COVERED
island_harbor,441,COVERED
island_harbor,442,COVERED
island_harbor,443,COVERED
island_harbor,444,COVERED
island_harbor,445,COVERED
island_harbor,446,COVERED
island_harbor,447,COVERED
island_harbor,448,TOP
island_harbor,449,TOP
island_harbor,450,TOP
island_harbor,451,TOP
island_harbor,452,COVERED
island_harbor,453,COVERED
island_harbor,454,TOP
island_harbor,455,COVERED
island_harbor,456,COVERED
island_harbor,457,TOP
island_harbor,458,TOP
island_harbor,459,TOP
island_harbor,460,COVERED
island_harbor,461,COVERED
island_harbor,462,COVERED
island_harbor,463,COVERED
island_harbor,464,COVERED
island_harbor,465,TOP
island_harbor,466,TOP
island_harbor,467,TOP
island_harbor,468,TOP
island_harbor,469,TOP
jubilife,0,COVERED
jubilife,1,COVERED
jubilife,2,COVERED
jubilife,3,COVERED
jubilife,4,COVERED
jubilife,5,COVERED
jubilife,6,COVERED
jubilife,7,COVERED
jubilife,8,COVERED
jubilife,9,COVERED
jubilife,10,COVERED
jubilife,11,COVERED
jubilife,12,COVERED
jubilife,13,COVERED
jubilife,14,COVERED
jubilife,15,COVERED
jubilife,16,COVERED
jubilife,17,COVERED
jubilife,18,COVERED
jubilife,19,COVERED
jubilife,20,COVERED
jubilife,21,COVERED
jubilife,22,COVERED
jubilife,23,COVERED
jubilife,24,COVERED
jubilife,25,TOP
jubilife,26,COVERED
jubilife,27,TOP
jubilife,28,COVERED
jubilife,29,COVERED
jubilife,30,COVERED
jubilife,31,COVERED
jubilife,32,TOP
jubilife,33,TOP
jubilife,34,COVERED
jubilife,35,COVERED
jubilife,36,COVERED
jubilife,37,COVERED
jubilife,38,COVERED
jubilife,39,COVERED
jubilife,40,COVERED
jubilife,41,COVERED
jubilife,42,COVERED
jubilife,43,COVERED
jubilife,44,SPLIT
jubilife,45,SPLIT
jubilife,46,SPLIT
jubilife,47,SPLIT
jubilife,48,COVERED
jubilife,49,TOP
jubilife,50,COVERED
jubilife,51,TOP
jubilife,52,SPLIT
jubilife,53,NORMAL
jubilife,54,SPLIT
jubilife,55,SPLIT
jubilife,56,TOP
jubilife,57,TOP
jubilife,58,COVERED
jubilife,59,COVERED
jubilife,60,COVERED
jubilife,61,SPLIT
jubilife,62,COVERED
jubilife,63,COVERED
jubilife,64,SPLIT
jubilife,65,SPLIT
jubilife,66,SPLIT
jubilife,67,SPLIT
jubilife,68,SPLIT
jubilife,69,SPLIT
jubilife,70,SPLIT
jubilife,71,SPLIT
jubilife,72,SPLIT
jubilife,73,TOP
jubilife,74,TOP
jubilife,75,SPLIT
jubilife,76,SPLIT
jubilife,77,TOP
jubilife,78,TOP
jubilife,79,SPLIT
jubilife,80,SPLIT
jubilife,81,TOP
jubilife,82,TOP
jubilife,83,SPLIT
jubilife,84,NORMAL
jubilife,85,TOP
jubilife,86,TOP
jubilife,87,NORMAL
jubilife,88,NORMAL
jubilife,89,TOP
jubilife,90,TOP
jubilife,91,NORMAL
jubilife,92,COVERED
jubilife,93,COVERED
jubilife,94,TOP
jubilife,95,COVERED
jubilife,96,COVERED
jubilife,97,SPLIT
jubilife,98,SPLIT
jubilife,99,SPLIT
jubilife,100,COVERED
jubilife,101,COVERED
jubilife,102,COVERED
jubilife,103,COVERED
jubilife,104,SPLIT
jubilife,105,TOP
jubilife,106,TOP
jubilife,107,TOP
jubilife,108,SPLIT
jubilife,109,COVERED
jubilife,110,TOP
jubilife,111,TOP
jubilife,112,TOP
jubilife,113,TOP
jubilife,114,TOP
jubilife,115,TOP
jubilife,116,TOP
jubilife,117,TOP
jubilife,118,TOP
jubilife,119,TOP
jubilife,120,NORMAL
jubilife,121,TOP
jubilife,122,TOP
jubilife,123,TOP
jubilife,124,NORMAL
jubilife,125,COVERED
jubilife,126,COVERED
jubilife,127,COVERED
jubilife,128,COVERED
jubilife,129,COVERED
jubilife,130,TOP
jubilife,131,COVERED
jubilife,132,COVERED
jubilife,133,COVERED
jubilife,134,SPLIT
jubilife,135,COVERED
jubilife,136,COVERED
jubilife,137,COVERED
jubilife,138,COVERED
jubilife,139,COVERED
jubilife,140,COVERED
jubilife,141,COVERED
jubilife,142,COVERED
jubilife,143,COVERED
jubilife,144,SPLIT
jubilife,145,SPLIT
jubilife,146,SPLIT
jubilife,147,SPLIT
jubilife,148,SPLIT
jubilife,149,NORMAL
jubilife,150,SPLIT
jubilife,151,SPLIT
jubilife,152,SPLIT
jubilife,153,TOP
jubilife,154,TOP
jubilife,155,TOP
jubilife,156,SPLIT
jubilife,157,COVERED
jubilife,158,COVERED
jubilife,159,COVERED
jubilife,160,SPLIT
jubilife,161,TOP
jubilife,162,TOP
jubilife,163,TOP
jubilife,164,SPLIT
jubilife,165,COVERED
jubilife,166,NORMAL
jubilife,167,NORMAL
jubilife,168,NORMAL
jubilife,169,TOP
jubilife,170,TOP
jubilife,171,TOP
jubilife,172,NORMAL
jubilife,173,TOP
jubilife,174,NORMAL
jubilife,175,NORMAL
jubilife,176,NORMAL
jubilife,177,COVERED
jubilife,178,NORMAL
jubilife,179,COVERED
jubilife,180,NORMAL
jubilife,181,COVERED
jubilife,182,NORMAL
jubilife,183,NORMAL
jubilife,184,COVERED
jubilife,185,COVERED
jubilife,186,COVERED
jubilife,187,COVERED
jubilife,188,COVERED
jubilife,189,COVERED
jubilife,190,NORMAL
jubilife,191,NORMAL
jubilife,192,COVERED
jubilife,193,COVERED
jubilife,194,TOP
jubilife,195,COVERED
jubilife,196,COVERED
jubilife,197,COVERED
jubilife,198,NORMAL
jubilife,199,NORMAL
jubilife,200,COVERED
jubilife,201,COVERED
jubilife,202,COVERED
jubilife,203,COVERED
jubilife,204,COVERED
jubilife,205,COVERED
jubilife,206,NORMAL
jubilife,207,NORMAL
jubilife,208,COVERED
jubilife,209,COVERED
jubilife,210,COVERED
jubilife,211,COVERED
jubilife,212,COVERED
jubilife,213,COVERED
jubilife,214,NORMAL
jubilife,215,NORMAL
jubilife,216,COVERED
jubilife,217,COVERED
jubilife,218,COVERED
jubilife,219,COVERED
jubilife,220,COVERED
jubilife,221,COVERED
jubilife,222,NORMAL
jubilife,223,NORMAL
jubilife,224,COVERED
jubilife,225,COVERED
jubilife,226,COVERED
jubilife,227,COVERED
jubilife,228,COVERED
jubilife,229,COVERED
jubilife,230,SPLIT
jubilife,231,SPLIT
jubilife,232,NORMAL
jubilife,233,NORMAL
jubilife,234,NORMAL
jubilife,235,NORMAL
jubilife,236,NORMAL
jubilife,237,COVERED
jubilife,238,COVERED
jubilife,239,COVERED
jubilife,240,NORMAL
jubilife,241,NORMAL
jubilife,242,NORMAL
jubilife,243,NORMAL
jubilife,244,SPLIT
jubilife,245,COVERED
jubilife,246,COVERED
jubilife,247,COVERED
jubilife,248,TOP
jubilife,249,NORMAL
jubilife,250,NORMAL
jubilife,251,NORMAL
jubilife,252,COVERED
jubilife,253,COVERED
jubilife,254,COVERED
jubilife,255,COVERED
oreburgh_gym,0,NORMAL
oreburgh_gym,1,NORMAL
oreburgh_gym,2,COVERED
oreburgh_gym,3,COVERED
oreburgh_gym,4,NORMAL
oreburgh_gym,5,NORMAL
oreburgh_gym,6,COVERED
oreburgh_gym,7,COVERED
oreburgh_gym,8,NORMAL
oreburgh_gym,9,NORMAL
oreburgh_gym,10,COVERED
oreburgh_gym,11,COVERED
oreburgh_gym,12,NORMAL
oreburgh_gym,13,NORMAL
oreburgh_gym,14,COVERED
oreburgh_gym,15,COVERED
oreburgh_gym,16,NORMAL
oreburgh_gym,17,COVERED
oreburgh_gym,18,COVERED
oreburgh_gym,19,COVERED
oreburgh_gym,20,COVERED
oreburgh_gym,21,NORMAL
oreburgh_gym,22,COVERED
oreburgh_gym,23,COVERED
oreburgh_gym,24,NORMAL
oreburgh_gym,25,NORMAL
oreburgh_gym,26,COVERED
oreburgh_gym,27,COVERED
oreburgh_gym,28,NORMAL
oreburgh_gym,29,NORMAL
oreburgh_gym,30,COVERED
oreburgh_gym,31,COVERED
oreburgh_gym,32,NORMAL
oreburgh_gym,33,NORMAL
oreburgh_gym,34,NORMAL
oreburgh_gym,35,NORMAL
oreburgh_gym,36,NORMAL
oreburgh_gym,37,NORMAL
oreburgh_gym,38,NORMAL
oreburgh_gym,39,COVERED
oreburgh_gym,40,COVERED
oreburgh_gym,41,NORMAL
oreburgh_gym,42,COVERED
oreburgh_gym,43,COVERED
oreburgh_gym,44,NORMAL
oreburgh_gym,45,COVERED
oreburgh_gym,46,COVERED
oreburgh_gym,47,COVERED
oreburgh_gym,48,NORMAL
oreburgh_gym,49,NORMAL
oreburgh_gym,50,COVERED
oreburgh_gym,51,COVERED
oreburgh_gym,52,NORMAL
oreburgh_gym,53,NORMAL
oreburgh_gym,54,COVERED
oreburgh_gym,55,COVERED
oreburgh_gym,56,COVERED
oreburgh_gym,57,NORMAL
oreburgh_gym,58,COVERED
oreburgh_gym,59,COVERED
oreburgh_gym,60,NORMAL
oreburgh_gym,61,COVERED
oreburgh_gym,62,COVERED
oreburgh_gym,63,COVERED
oreburgh_gym,64,TOP
oreburgh_gym,65,TOP
oreburgh_gym,66,TOP
oreburgh_gym,67,TOP
oreburgh_gym,68,TOP
oreburgh_gym,69,TOP
oreburgh_gym,70,TOP
oreburgh_gym,71,TOP
oreburgh_gym,72,SPLIT
oreburgh_gym,73,SPLIT
oreburgh_gym,74,SPLIT
oreburgh_gym,75,SPLIT
oreburgh_gym,76,SPLIT
oreburgh_gym,77,SPLIT
oreburgh_gym,78,SPLIT
oreburgh_gym,79,SPLIT
oreburgh_gym,80,SPLIT
oreburgh_gym,81,COVERED
oreburgh_gym,82,COVERED
oreburgh_gym,83,COVERED
oreburgh_gym,84,COVERED
oreburgh_gym,85,COVERED
oreburgh_gym,86,COVERED
oreburgh_gym,87,SPLIT
oreburgh_gym,88,NORMAL
oreburgh_gym,89,COVERED
oreburgh_gym,90,TOP
oreburgh_gym,91,TOP
oreburgh_gym,92,TOP
oreburgh_gym,93,TOP
oreburgh_gym,94,COVERED
oreburgh_gym,95,NORMAL
oreburgh_gym,96,NORMAL
oreburgh_gym,97,COVERED
oreburgh_gym,98,COVERED
oreburgh_gym,99,COVERED
oreburgh_gym,100,COVERED
oreburgh_gym,101,COVERED
oreburgh_gym,102,COVERED
oreburgh_gym,103,NORMAL
oreburgh_gym,104,SPLIT
oreburgh_gym,105,COVERED
oreburgh_gym,106,COVERED
oreburgh_gym,107,COVERED
oreburgh_gym,108,TOP
oreburgh_gym,109,COVERED
oreburgh_gym,110,COVERED
oreburgh_gym,111,SPLIT
oreburgh_gym,112,COVERED
oreburgh_gym,113,COVERED
oreburgh_gym,114,COVERED
oreburgh_gym,115,COVERED
oreburgh_gym,116,COVERED
oreburgh_gym,117,COVERED
oreburgh_gym,118,COVERED
oreburgh_gym,119,COVERED
oreburgh_gym,120,COVERED
oreburgh_gym,121,COVERED
oreburgh_gym,122,COVERED
oreburgh_gym,123,TOP
oreburgh_gym,124,TOP
oreburgh_gym,125,TOP
oreburgh_gym,126,COVERED
oreburgh_gym,127,COVERED
unused_2,0,TOP
unused_2,1,TOP
unused_2,2,TOP
unused_2,3,TOP
unused_2,4,TOP
unused_2,5,TOP
unused_2,6,TOP
unused_2,7,TOP
unused_2,8,TOP
unused_2,9,TOP
unused_2,10,TOP
unused_2,11,TOP
unused_2,12,TOP
unused_2,13,TOP
unused_2,14,TOP
unused_2,15,TOP
unused_2,16,TOP
unused_2,17,TOP
unused_2,18,TOP
unused_2,19,TOP
unused_2,20,TOP
unused_2,21,TOP
unused_2,22,TOP
unused_2,23,TOP
unused_2,24,TOP
unused_2,25,TOP
unused_2,26,TOP
unused_2,27,TOP
unused_2,28,TOP
unused_2,29,TOP
unused_2,30,TOP
unused_2,31,TOP
unused_2,32,TOP
unused_2,33,TOP
unused_2,34,TOP
unused_2,35,TOP
unused_2,36,TOP
unused_2,37,TOP
unused_2,38,TOP
unused_2,39,TOP
unused_2,40,TOP
unused_2,41,TOP
unused_2,42,TOP
unused_2,43,TOP
unused_2,44,TOP
unused_2,45,TOP
unused_2,46,TOP
unused_2,47,TOP
unused_2,48,TOP
unused_2,49,TOP
unused_2,50,TOP
unused_2,51,TOP
unused_2,52,TOP
unused_2,53,TOP
unused_2,54,TOP
unused_2,55,TOP
unused_2,56,TOP
unused_2,57,TOP
mauville_game_corner,0,COVERED
mauville_game_corner,1,TOP
mauville_game_corner,2,TOP
mauville_game_corner,3,TOP
mauville_game_corner,4,TOP
mauville_game_corner,5,TOP
mauville_game_corner,6,TOP
mauville_game_corner,7,TOP
mauville_game_corner,8,COVERED
mauville_game_corner,9,TOP
mauville_game_corner,10,TOP
mauville_game_corner,11,TOP
mauville_game_corner,12,TOP
mauville_game_corner,13,TOP
mauville_game_corner,14,TOP
mauville_game_corner,15,TOP
mauville_game_corner,16,COVERED
mauville_game_corner,17,TOP
mauville_game_corner,18,TOP
mauville_game_corner,19,TOP
mauville_game_corner,20,TOP
mauville_game_corner,21,TOP
mauville_game_corner,22,COVERED
mauville_game_corner,23,COVERED
mauville_game_corner,24,COVERED
mauville_game_corner,25,TOP
mauville_game_corner,26,TOP
mauville_game_corner,27,TOP
mauville_game_corner,28,TOP
mauville_game_corner,29,TOP
mauville_game_corner,30,COVERED
mauville_game_corner,31,COVERED
mauville_game_corner,32,COVERED
mauville_game_corner,33,COVERED
mauville_game_corner,34,COVERED
mauville_game_corner,35,COVERED
mauville_game_corner,36,TOP
mauville_game_corner,37,TOP
mauville_game_corner,38,COVERED
mauville_game_corner,39,COVERED
mauville_game_corner,40,COVERED
mauville_game_corner,41,COVERED
mauville_game_corner,42,COVERED
mauville_game_corner,43,COVERED
mauville_game_corner,44,COVERED
mauville_game_corner,45,COVERED
mauville_game_corner,46,COVERED
mauville_game_corner,47,TOP
mauville_game_corner,48,COVERED
mauville_game_corner,49,COVERED
mauville_game_corner,50,COVERED
mauville_game_corner,51,COVERED
mauville_game_corner,52,COVERED
mauville_game_corner,53,COVERED
mauville_game_corner,54,COVERED
mauville_game_corner,55,COVERED
mauville_game_corner,56,COVERED
mauville_game_corner,57,COVERED
mauville_game_corner,58,COVERED
mauville_game_corner,59,COVERED
mauville_game_corner,60,COVERED
mauville_game_corner,61,COVERED
mauville_game_corner,62,COVERED
mauville_game_corner,63,COVERED
mauville_game_corner,64,COVERED
mauville_game_corner,65,COVERED
mauville_game_corner,66,COVERED
mauville_game_corner,67,TOP
mauville_game_corner,68,COVERED
mauville_game_corner,69,TOP
mauville_game_corner,70,TOP
mauville_game_corner,71,COVERED
mauville_game_corner,72,COVERED
mauville_game_corner,73,COVERED
mauville_game_corner,74,COVERED
mauville_game_corner,75,COVERED
mauville_game_corner,76,COVERED
mauville_game_corner,77,TOP
mauville_game_corner,78,TOP
mauville_game_corner,79,COVERED
mauville_game_corner,80,COVERED
mauville_game_corner,81,COVERED
mauville_game_corner,82,COVERED
mauville_game_corner,83,COVERED
mauville_game_corner,84,COVERED
mauville_game_corner,85,COVERED
mauville_game_corner,86,COVERED
mauville_game_corner,87,COVERED
mauville_game_corner,88,COVERED
mauville_game_corner,89,COVERED
mauville_game_corner,90,COVERED
mauville_game_corner,91,COVERED
mauville_game_corner,92,COVERED
mauville_game_corner,93,COVERED
mauville_game_corner,94,COVERED
mauville_game_corner,95,COVERED
twinleaf_house,0,COVERED
twinleaf_house,1,COVERED
twinleaf_house,2,COVERED
twinleaf_house,3,COVERED
twinleaf_house,4,COVERED
twinleaf_house,5,COVERED
twinleaf_house,6,COVERED
twinleaf_house,7,COVERED
twinleaf_house,8,TOP
twinleaf_house,9,TOP
twinleaf_house,10,TOP
twinleaf_house,11,TOP
twinleaf_house,12,TOP
twinleaf_house,13,COVERED
twinleaf_house,14,COVERED
twinleaf_house,15,COVERED
twinleaf_house,16,COVERED
twinleaf_house,17,COVERED
twinleaf_house,18,COVERED
twinleaf_house,19,COVERED
twinleaf_house,20,COVERED
twinleaf_house,21,COVERED
twinleaf_house,22,COVERED
twinleaf_house,23,COVERED
twinleaf_house,24,COVERED
twinleaf_house,25,COVERED
twinleaf_house,26,COVERED
twinleaf_house,27,COVERED
twinleaf_house,28,COVERED
twinleaf_house,29,COVERED
twinleaf_house,30,COVERED
twinleaf_house,31,COVERED
twinleaf_house,32,COVERED
twinleaf_house,33,COVERED
twinleaf_house,34,COVERED
twinleaf_house,35,COVERED
twinleaf_house,36,COVERED
twinleaf_house,37,COVERED
twinleaf_house,38,COVERED
twinleaf_house,39,COVERED
twinleaf_house,40,COVERED
twinleaf_house,41,COVERED
twinleaf_house,42,COVERED
twinleaf_house,43,COVERED
twinleaf_house,44,COVERED
twinleaf_house,45,COVERED
twinleaf_house,46,COVERED
twinleaf_house,47,COVERED
twinleaf_house,48,COVERED
twinleaf_house,49,COVERED
twinleaf_house,50,COVERED
twinleaf_house,51,COVERED
twinleaf_house,52,COVERED
twinleaf_house,53,COVERED
twinleaf_house,54,COVERED
twinleaf_house,55,COVERED
twinleaf_house,56,COVERED
twinleaf_house,57,COVERED
twinleaf_house,58,COVERED
twinleaf_house,59,COVERED
twinleaf_house,60,COVERED
twinleaf_house,61,COVERED
twinleaf_house,62,COVERED
twinleaf_house,63,COVERED
twinleaf_house,64,COVERED
twinleaf_house,65,COVERED
twinleaf_house,66,COVERED
twinleaf_house,67,COVERED
twinleaf_house,68,COVERED
twinleaf_house,69,COVERED
twinleaf_house,70,COVERED
twinleaf_house,71,COVERED
twinleaf_house,72,COVERED
twinleaf_house,73,COVERED
twinleaf_house,74,COVERED
twinleaf_house,75,COVERED
twinleaf_house,76,COVERED
twinleaf_house,77,COVERED
twinleaf_house,78,COVERED
twinleaf_house,79,COVERED
twinleaf_house,80,COVERED
twinleaf_house,81,COVERED
twinleaf_house,82,COVERED
twinleaf_house,83,COVERED
twinleaf_house,84,COVERED
twinleaf_house,85,COVERED
twinleaf_house,86,COVERED
twinleaf_house,87,COVERED
twinleaf_house,88,COVERED
twinleaf_house,89,COVERED
twinleaf_house,90,COVERED
twinleaf_house,91,COVERED
twinleaf_house,92,COVERED
twinleaf_house,93,COVERED
twinleaf_house,94,COVERED
twinleaf_house,95,COVERED
twinleaf_house,96,COVERED
twinleaf_house,97,COVERED
twinleaf_house,98,COVERED
twinleaf_house,99,COVERED
twinleaf_house,100,COVERED
twinleaf_house,101,COVERED
twinleaf_house,102,COVERED
twinleaf_house,103,COVERED
twinleaf_house,104,COVERED
twinleaf_house,105,COVERED
twinleaf_house,106,COVERED
twinleaf_house,107,COVERED
twinleaf_house,108,COVERED
twinleaf_house,109,COVERED
twinleaf_house,110,COVERED
twinleaf_house,111,COVERED
twinleaf_house,112,COVERED
twinleaf_house,113,COVERED
twinleaf_house,114,COVERED
twinleaf_house,115,COVERED
twinleaf_house,116,COVERED
twinleaf_house,117,COVERED
twinleaf_house,118,COVERED
twinleaf_house,119,COVERED
twinleaf_house,120,COVERED
twinleaf_house,121,COVERED
twinleaf_house,122,COVERED
twinleaf_house,123,COVERED
twinleaf_house,124,COVERED
twinleaf_house,125,COVERED
twinleaf_house,126,COVERED
twinleaf_house,127,COVERED
common_center_2f,0,COVERED
common_center_2f,1,COVERED
common_center_2f,2,COVERED
common_center_2f,3,COVERED
common_center_2f,4,COVERED
common_center_2f,5,SPLIT
common_center_2f,6,SPLIT
common_center_2f,7,SPLIT
common_center_2f,8,NORMAL
common_center_2f,9,COVERED
common_center_2f,10,COVERED
common_center_2f,11,COVERED
common_center_2f,12,COVERED
common_center_2f,13,SPLIT
common_center_2f,14,SPLIT
common_center_2f,15,SPLIT
common_center_2f,16,COVERED
common_center_2f,17,COVERED
common_center_2f,18,SPLIT
common_center_2f,19,SPLIT
common_center_2f,20,SPLIT
common_center_2f,21,SPLIT
common_center_2f,22,COVERED
common_center_2f,23,SPLIT
common_center_2f,24,COVERED
common_center_2f,25,COVERED
common_center_2f,26,SPLIT
common_center_2f,27,SPLIT
common_center_2f,28,SPLIT
common_center_2f,29,NORMAL
common_center_2f,30,NORMAL
common_center_2f,31,NORMAL
common_center_2f,32,NORMAL
common_center_2f,33,NORMAL
common_center_2f,34,COVERED
common_center_2f,35,SPLIT
common_center_2f,36,SPLIT
common_center_2f,37,SPLIT
common_center_2f,38,COVERED
common_center_2f,39,COVERED
common_center_2f,40,TOP
common_center_2f,41,COVERED
common_center_2f,42,COVERED
common_center_2f,43,SPLIT
common_center_2f,44,SPLIT
common_center_2f,45,SPLIT
common_center_2f,46,COVERED
common_center_2f,47,SPLIT
common_center_2f,48,COVERED
common_center_2f,49,COVERED
common_center_2f,50,COVERED
common_center_2f,51,COVERED
common_center_2f,52,COVERED
common_center_2f,53,COVERED
common_center_2f,54,COVERED
common_center_2f,55,COVERED
common_center_2f,56,COVERED
common_center_2f,57,COVERED
common_center_2f,58,COVERED
common_center_2f,59,COVERED
common_center_2f,60,COVERED
common_center_2f,61,COVERED
common_center_2f,62,COVERED
common_center_2f,63,COVERED
common_center_2f,64,COVERED
common_center_2f,65,COVERED
common_center_2f,66,COVERED
common_center_2f,67,COVERED
common_center_2f,68,COVERED
common_center_2f,69,COVERED
common_center_2f,70,COVERED
common_center_2f,71,COVERED
common_center_2f,72,COVERED
common_center_2f,73,COVERED
common_center_2f,74,COVERED
common_center_2f,75,COVERED
common_center_2f,76,COVERED
common_center_2f,77,COVERED
common_center_2f,78,COVERED
common_center_2f,79,COVERED
common_center_2f,80,COVERED
common_center_2f,81,COVERED
common_center_2f,82,COVERED
common_center_2f,83,COVERED
common_center_2f,84,COVERED
common_center_2f,85,COVERED
common_center_2f,86,COVERED
common_center_2f,87,COVERED
common_center_2f,88,COVERED
common_center_2f,89,COVERED
common_center_2f,90,COVERED
common_center_2f,91,COVERED
common_center_2f,92,COVERED
common_center_2f,93,COVERED
common_center_2f,94,COVERED
common_center_2f,95,COVERED
common_center_2f,96,COVERED
common_center_2f,97,COVERED
common_center_2f,98,COVERED
common_center_2f,99,COVERED
common_center_2f,100,COVERED
common_center_2f,101,COVERED
common_center_2f,102,COVERED
common_center_2f,103,COVERED
common_center_2f,104,COVERED
common_center_2f,105,COVERED
common_center_2f,106,COVERED
common_center_2f,107,COVERED
common_center_2f,108,COVERED
common_center_2f,109,COVERED
common_center_2f,110,COVERED
common_center_2f,111,COVERED
common_center_2f,112,COVERED
common_center_2f,113,COVERED
common_center_2f,114,COVERED
common_center_2f,115,COVERED
common_center_2f,116,COVERED
common_center_2f,117,COVERED
common_center_2f,118,COVERED
common_center_2f,119,COVERED
common_center_2f,120,COVERED
common_center_2f,121,COVERED
common_center_2f,122,COVERED
common_center_2f,123,COVERED
common_center_2f,124,COVERED
common_center_2f,125,COVERED
common_center_2f,126,COVERED
common_center_2f,127,COVERED
slateport,0,COVERED
slateport,1,TOP
slateport,2,TOP
slateport,3,TOP
slateport,4,TOP
slateport,5,TOP
slateport,6,TOP
slateport,7,TOP
slateport,8,TOP
slateport,9,TOP
slateport,10,TOP
slateport,11,COVERED
slateport,12,COVERED
slateport,13,TOP
slateport,14,TOP
slateport,15,TOP
slateport,16,TOP
slateport,17,TOP
slateport,18,TOP
slateport,19,COVERED
slateport,20,COVERED
slateport,21,TOP
slateport,22,TOP
slateport,23,TOP
slateport,24,TOP
slateport,25,TOP
slateport,26,TOP
slateport,27,COVERED
slateport,28,COVERED
slateport,29,TOP
slateport,30,TOP
slateport,31,TOP
slateport,32,TOP
slateport,33,TOP
slateport,34,TOP
slateport,35,COVERED
slateport,36,COVERED
slateport,37,TOP
slateport,38,TOP
slateport,39,TOP
slateport,40,COVERED
slateport,41,COVERED
slateport,42,COVERED
slateport,43,COVERED
slateport,44,COVERED
slateport,45,TOP
slateport,46,TOP
slateport,47,TOP
slateport,48,TOP
slateport,49,TOP
slateport,50,TOP
slateport,51,TOP
slateport,52,TOP
slateport,53,TOP
slateport,54,TOP
slateport,55,TOP
slateport,56,TOP
slateport,57,TOP
slateport,58,TOP
slateport,59,TOP
slateport,60,TOP
slateport,61,COVERED
slateport,62,TOP
slateport,63,COVERED
slateport,64,TOP
slateport,65,TOP
slateport,66,TOP
slateport,67,COVERED
slateport,68,COVERED
slateport,69,TOP
slateport,70,TOP
slateport,71,TOP
slateport,72,TOP
slateport,73,TOP
slateport,74,TOP
slateport,75,COVERED
slateport,76,COVERED
slateport,77,TOP
slateport,78,TOP
slateport,79,TOP
slateport,80,TOP
slateport,81,TOP
slateport,82,TOP
slateport,83,TOP
slateport,84,TOP
slateport,85,TOP
slateport,86,COVERED
slateport,87,COVERED
slateport,88,COVERED
slateport,89,TOP
slateport,90,TOP
slateport,91,TOP
slateport,92,COVERED
slateport,93,TOP
slateport,94,COVERED
slateport,95,COVERED
slateport,96,TOP
slateport,97,TOP
slateport,98,TOP
slateport,99,COVERED
slateport,100,COVERED
slateport,101,TOP
slateport,102,TOP
slateport,103,TOP
slateport,104,TOP
slateport,105,TOP
slateport,106,COVERED
slateport,107,COVERED
slateport,108,COVERED
slateport,109,COVERED
slateport,110,COVERED
slateport,111,COVERED
slateport,112,TOP
slateport,113,TOP
slateport,114,TOP
slateport,115,TOP
slateport,116,TOP
slateport,117,COVERED
slateport,118,COVERED
slateport,119,TOP
slateport,120,TOP
slateport,121,TOP
slateport,122,TOP
slateport,123,COVERED
slateport,124,COVERED
slateport,125,COVERED
slateport,126,COVERED
slateport,127,COVERED
slateport,128,TOP
slateport,129,TOP
slateport,130,TOP
slateport,131,TOP
slateport,132,TOP
slateport,133,TOP
slateport,134,COVERED
slateport,135,COVERED
slateport,136,TOP
slateport,137,TOP
slateport,138,TOP
slateport,139,TOP
slateport,140,TOP
slateport,141,COVERED
slateport,142,COVERED
slateport,143,COVERED
slateport,144,TOP
slateport,145,TOP
slateport,146,TOP
slateport,147,TOP
slateport,148,COVERED
slateport,149,TOP
slateport,150,TOP
slateport,151,TOP
slateport,152,TOP
slateport,153,TOP
slateport,154,TOP
slateport,155,TOP
slateport,156,TOP
slateport,157,TOP
slateport,158,TOP
slateport,159,TOP
slateport,160,TOP
slateport,161,TOP
slateport,162,TOP
slateport,163,TOP
slateport,164,COVERED
slateport,165,TOP
slateport,166,TOP
slateport,167,TOP
slateport,168,TOP
slateport,169,TOP
slateport,170,TOP
slateport,171,TOP
slateport,172,COVERED
slateport,173,TOP
slateport,174,TOP
slateport,175,TOP
slateport,176,COVERED
slateport,177,COVERED
slateport,178,COVERED
slateport,179,TOP
slateport,180,COVERED
slateport,181,COVERED
slateport,182,COVERED
slateport,183,COVERED
slateport,184,COVERED
slateport,185,COVERED
slateport,186,COVERED
slateport,187,COVERED
slateport,188,COVERED
slateport,189,COVERED
slateport,190,TOP
slateport,191,COVERED
slateport,192,TOP
slateport,193,TOP
slateport,194,TOP
slateport,195,TOP
slateport,196,COVERED
slateport,197,TOP
slateport,198,TOP
slateport,199,TOP
slateport,200,TOP
slateport,201,TOP
slateport,202,TOP
slateport,203,TOP
slateport,204,COVERED
slateport,205,COVERED
slateport,206,COVERED
slateport,207,TOP
slateport,208,TOP
slateport,209,TOP
slateport,210,TOP
slateport,211,COVERED
slateport,212,COVERED
slateport,213,TOP
slateport,214,TOP
slateport,215,COVERED
slateport,216,TOP
slateport,217,TOP
slateport,218,TOP
slateport,219,COVERED
slateport,220,COVERED
slateport,221,TOP
slateport,222,TOP
slateport,223,COVERED
slateport,224,COVERED
slateport,225,TOP
slateport,226,SPLIT
slateport,227,SPLIT
slateport,228,SPLIT
slateport,229,SPLIT
slateport,230,SPLIT
slateport,231,SPLIT
slateport,232,COVERED
slateport,233,COVERED
slateport,234,SPLIT
slateport,235,SPLIT
slateport,236,SPLIT
slateport,237,SPLIT
slateport,238,SPLIT
slateport,239,SPLIT
slateport,240,COVERED
slateport,241,COVERED
slateport,242,COVERED
slateport,243,COVERED
slateport,244,COVERED
slateport,245,COVERED
slateport,246,COVERED
slateport,247,COVERED
slateport,248,TOP
slateport,249,TOP
slateport,250,TOP
slateport,251,TOP
slateport,252,TOP
slateport,253,COVERED
slateport,254,TOP
slateport,255,TOP
slateport,256,TOP
slateport,257,TOP
slateport,258,TOP
slateport,259,TOP
slateport,260,COVERED
slateport,261,TOP
slateport,262,TOP
slateport,263,TOP
slateport,264,TOP
slateport,265,TOP
slateport,266,TOP
slateport,267,TOP
slateport,268,TOP
slateport,269,TOP
slateport,270,TOP
slateport,271,TOP
slateport,272,TOP
slateport,273,COVERED
slateport,274,COVERED
slateport,275,COVERED
slateport,276,TOP
slateport,277,TOP
slateport,278,TOP
slateport,279,TOP
slateport,280,TOP
slateport,281,COVERED
slateport,282,COVERED
slateport,283,COVERED
slateport,284,TOP
slateport,285,TOP
slateport,286,TOP
slateport,287,TOP
slateport,288,TOP
slateport,289,COVERED
slateport,290,TOP
slateport,291,COVERED
slateport,292,TOP
slateport,293,COVERED
slateport,294,COVERED
slateport,295,COVERED
slateport,296,COVERED
slateport,297,COVERED
slateport,298,COVERED
slateport,299,COVERED
slateport,300,COVERED
slateport,301,COVERED
slateport,302,TOP
slateport,303,TOP
slateport,304,COVERED
slateport,305,COVERED
slateport,306,COVERED
slateport,307,COVERED
slateport,308,COVERED
slateport,309,COVERED
slateport,310,COVERED
slateport,311,COVERED
slateport,312,COVERED
slateport,313,COVERED
slateport,314,COVERED
slateport,315,TOP
slateport,316,TOP
slateport,317,TOP
slateport,318,COVERED
slateport,319,COVERED
slateport,320,COVERED
slateport,321,COVERED
slateport,322,COVERED
slateport,323,TOP
slateport,324,COVERED
slateport,325,TOP
slateport,326,COVERED
slateport,327,COVERED
slateport,328,COVERED
slateport,329,COVERED
slateport,330,COVERED
slateport,331,TOP
slateport,332,TOP
slateport,333,TOP
slateport,334,COVERED
slateport,335,COVERED
slateport,336,COVERED
slateport,337,COVERED
slateport,338,COVERED
slateport,339,COVERED
slateport,340,COVERED
slateport,341,COVERED
slateport,342,COVERED
slateport,343,COVERED
slateport,344,COVERED
slateport,345,COVERED
slateport,346,COVERED
slateport,347,COVERED
slateport,348,COVERED
slateport,349,COVERED
slateport,350,COVERED
slateport,351,COVERED
slateport,352,COVERED
slateport,353,COVERED
slateport,354,COVERED
slateport,355,COVERED
slateport,356,COVERED
slateport,357,COVERED
slateport,358,COVERED
slateport,359,COVERED
slateport,360,COVERED
slateport,361,COVERED
slateport,362,COVERED
slateport,363,COVERED
slateport,364,COVERED
slateport,365,COVERED
slateport,366,COVERED
slateport,367,COVERED
slateport,368,COVERED
slateport,369,TOP
slateport,370,TOP
slateport,371,TOP
slateport,372,TOP
slateport,373,TOP
slateport,374,COVERED
slateport,375,COVERED
slateport,376,COVERED
slateport,377,TOP
slateport,378,TOP
slateport,379,TOP
slateport,380,TOP
slateport,381,TOP
slateport,382,COVERED
slateport,383,COVERED
slateport,384,COVERED
slateport,385,TOP
slateport,386,TOP
slateport,387,TOP
slateport,388,TOP
slateport,389,TOP
slateport,390,COVERED
slateport,391,COVERED
slateport,392,COVERED
slateport,393,COVERED
slateport,394,COVERED
slateport,395,COVERED
slateport,396,COVERED
slateport,397,COVERED
slateport,398,COVERED
slateport,399,COVERED
slateport,400,COVERED
slateport,401,COVERED
slateport,402,COVERED
slateport,403,COVERED
slateport,404,COVERED
slateport,405,COVERED
pacifidlog,0,COVERED
pacifidlog,1,TOP
pacifidlog,2,TOP
pacifidlog,3,COVERED
pacifidlog,4,COVERED
pacifidlog,5,COVERED
pacifidlog,6,COVERED
pacifidlog,7,COVERED
pacifidlog,8,COVERED
pacifidlog,9,TOP
pacifidlog,10,TOP
pacifidlog,11,TOP
pacifidlog,12,COVERED
pacifidlog,13,COVERED
pacifidlog,14,COVERED
pacifidlog,15,COVERED
pacifidlog,16,COVERED
pacifidlog,17,TOP
pacifidlog,18,TOP
pacifidlog,19,TOP
pacifidlog,20,COVERED
pacifidlog,21,COVERED
pacifidlog,22,COVERED
pacifidlog,23,COVERED
pacifidlog,24,COVERED
pacifidlog,25,COVERED
pacifidlog,26,COVERED
pacifidlog,27,COVERED
pacifidlog,28,COVERED
pacifidlog,29,COVERED
pacifidlog,30,COVERED
pacifidlog,31,COVERED
pacifidlog,32,COVERED
pacifidlog,33,COVERED
pacifidlog,34,TOP
pacifidlog,35,TOP
pacifidlog,36,COVERED
pacifidlog,37,COVERED
pacifidlog,38,COVERED
pacifidlog,39,TOP
pacifidlog,40,COVERED
pacifidlog,41,COVERED
pacifidlog,42,COVERED
pacifidlog,43,TOP
pacifidlog,44,COVERED
pacifidlog,45,COVERED
pacifidlog,46,COVERED
pacifidlog,47,TOP
pacifidlog,48,TOP
pacifidlog,49,TOP
pacifidlog,50,TOP
pacifidlog,51,TOP
pacifidlog,52,TOP
pacifidlog,53,TOP
pacifidlog,54,TOP
pacifidlog,55,TOP
pacifidlog,56,TOP
pacifidlog,57,TOP
pacifidlog,58,TOP
pacifidlog,59,TOP
pacifidlog,60,TOP
pacifidlog,61,TOP
pacifidlog,62,COVERED
pacifidlog,63,COVERED
pacifidlog,64,TOP
pacifidlog,65,TOP
pacifidlog,66,TOP
pacifidlog,67,TOP
pacifidlog,68,TOP
pacifidlog,69,TOP
pacifidlog,70,COVERED
pacifidlog,71,COVERED
pacifidlog,72,COVERED
pacifidlog,73,TOP
pacifidlog,74,TOP
pacifidlog,75,COVERED
pacifidlog,76,TOP
pacifidlog,77,TOP
pacifidlog,78,COVERED
pacifidlog,79,COVERED
pacifidlog,80,COVERED
pacifidlog,81,COVERED
pacifidlog,82,COVERED
pacifidlog,83,COVERED
pacifidlog,84,COVERED
pacifidlog,85,COVERED
pacifidlog,86,COVERED
pacifidlog,87,COVERED
pacifidlog,88,COVERED
pacifidlog,89,COVERED
pacifidlog,90,COVERED
pacifidlog,91,TOP
pacifidlog,92,COVERED
pacifidlog,93,TOP
pacifidlog,94,COVERED
pacifidlog,95,COVERED
pacifidlog,96,COVERED
pacifidlog,97,COVERED
pacifidlog,98,COVERED
pacifidlog,99,COVERED
pacifidlog,100,TOP
pacifidlog,101,COVERED
pacifidlog,102,COVERED
pacifidlog,103,COVERED
pacifidlog,104,TOP
pacifidlog,105,TOP
pacifidlog,106,COVERED
pacifidlog,107,COVERED
pacifidlog,108,COVERED
pacifidlog,109,COVERED
pacifidlog,110,COVERED
pacifidlog,111,COVERED
pacifidlog,112,TOP
pacifidlog,113,TOP
pacifidlog,114,TOP
pacifidlog,115,COVERED
pacifidlog,116,COVERED
pacifidlog,117,COVERED
pacifidlog,118,TOP
pacifidlog,119,COVERED
pacifidlog,120,TOP
pacifidlog,121,TOP
pacifidlog,122,TOP
pacifidlog,123,COVERED
pacifidlog,124,COVERED
pacifidlog,125,COVERED
pacifidlog,126,COVERED
pacifidlog,127,COVERED
pacifidlog,128,TOP
pacifidlog,129,TOP
pacifidlog,130,TOP
pacifidlog,131,COVERED
pacifidlog,132,COVERED
pacifidlog,133,COVERED
pacifidlog,134,COVERED
pacifidlog,135,COVERED
pacifidlog,136,COVERED
pacifidlog,137,TOP
pacifidlog,138,COVERED
pacifidlog,139,COVERED
pacifidlog,140,COVERED
pacifidlog,141,TOP
pacifidlog,142,TOP
pacifidlog,143,TOP
pacifidlog,144,COVERED
pacifidlog,145,COVERED
pacifidlog,146,COVERED
pacifidlog,147,TOP
pacifidlog,148,TOP
pacifidlog,149,TOP
pacifidlog,150,TOP
pacifidlog,151,TOP
pacifidlog,152,COVERED
pacifidlog,153,TOP
pacifidlog,154,TOP
pacifidlog,155,COVERED
pacifidlog,156,COVERED
pacifidlog,157,TOP
pacifidlog,158,TOP
pacifidlog,159,COVERED
pacifidlog,160,COVERED
pacifidlog,161,COVERED
pacifidlog,162,COVERED
pacifidlog,163,COVERED
pacifidlog,164,COVERED
pacifidlog,165,COVERED
pacifidlog,166,TOP
pacifidlog,167,COVERED
pacifidlog,168,COVERED
pacifidlog,169,COVERED
pacifidlog,170,COVERED
pacifidlog,171,COVERED
pacifidlog,172,COVERED
pacifidlog,173,COVERED
pacifidlog,174,COVERED
pacifidlog,175,COVERED
pacifidlog,176,COVERED
pacifidlog,177,COVERED
pacifidlog,178,COVERED
pacifidlog,179,COVERED
pacifidlog,180,COVERED
pacifidlog,181,COVERED
pacifidlog,182,COVERED
pacifidlog,183,COVERED
pacifidlog,184,COVERED
pacifidlog,185,TOP
pacifidlog,186,TOP
pacifidlog,187,TOP
pacifidlog,188,COVERED
pacifidlog,189,TOP
pacifidlog,190,TOP
pacifidlog,191,COVERED
pacifidlog,192,COVERED
pacifidlog,193,COVERED
pacifidlog,194,COVERED
pacifidlog,195,TOP
pacifidlog,196,COVERED
pacifidlog,197,TOP
pacifidlog,198,COVERED
pacifidlog,199,COVERED
pacifidlog,200,COVERED
pacifidlog,201,COVERED
pacifidlog,202,COVERED
trick_house_puzzle,0,COVERED
trick_house_puzzle,1,TOP
trick_house_puzzle,2,TOP
trick_house_puzzle,3,TOP
trick_house_puzzle,4,TOP
trick_house_puzzle,5,COVERED
trick_house_puzzle,6,COVERED
trick_house_puzzle,7,COVERED
trick_house_puzzle,8,TOP
trick_house_puzzle,9,TOP
trick_house_puzzle,10,TOP
trick_house_puzzle,11,TOP
trick_house_puzzle,12,TOP
trick_house_puzzle,13,COVERED
trick_house_puzzle,14,COVERED
trick_house_puzzle,15,COVERED
trick_house_puzzle,16,TOP
trick_house_puzzle,17,TOP
trick_house_puzzle,18,TOP
trick_house_puzzle,19,COVERED
trick_house_puzzle,20,COVERED
trick_house_puzzle,21,COVERED
trick_house_puzzle,22,COVERED
trick_house_puzzle,23,COVERED
trick_house_puzzle,24,TOP
trick_house_puzzle,25,TOP
trick_house_puzzle,26,TOP
trick_house_puzzle,27,TOP
trick_house_puzzle,28,TOP
trick_house_puzzle,29,TOP
trick_house_puzzle,30,COVERED
trick_house_puzzle,31,TOP
trick_house_puzzle,32,COVERED
trick_house_puzzle,33,COVERED
trick_house_puzzle,34,COVERED
trick_house_puzzle,35,COVERED
trick_house_puzzle,36,COVERED
trick_house_puzzle,37,COVERED
trick_house_puzzle,38,TOP
trick_house_puzzle,39,TOP
trick_house_puzzle,40,COVERED
trick_house_puzzle,41,COVERED
trick_house_puzzle,42,COVERED
trick_house_puzzle,43,COVERED
trick_house_puzzle,44,COVERED
trick_house_puzzle,45,TOP
trick_house_puzzle,46,TOP
trick_house_puzzle,47,TOP
trick_house_puzzle,48,COVERED
trick_house_puzzle,49,COVERED
trick_house_puzzle,50,COVERED
trick_house_puzzle,51,COVERED
trick_house_puzzle,52,COVERED
trick_house_puzzle,53,COVERED
trick_house_puzzle,54,TOP
trick_house_puzzle,55,TOP
trick_house_puzzle,56,TOP
trick_house_puzzle,57,TOP
trick_house_puzzle,58,COVERED
trick_house_puzzle,59,TOP
trick_house_puzzle,60,TOP
trick_house_puzzle,61,COVERED
trick_house_puzzle,62,COVERED
trick_house_puzzle,63,COVERED
trick_house_puzzle,64,COVERED
trick_house_puzzle,65,COVERED
trick_house_puzzle,66,COVERED
trick_house_puzzle,67,COVERED
trick_house_puzzle,68,COVERED
trick_house_puzzle,69,COVERED
trick_house_puzzle,70,COVERED
trick_house_puzzle,71,COVERED
trick_house_puzzle,72,COVERED
trick_house_puzzle,73,COVERED
trick_house_puzzle,74,COVERED
trick_house_puzzle,75,COVERED
trick_house_puzzle,76,COVERED
trick_house_puzzle,77,COVERED
trick_house_puzzle,78,TOP
trick_house_puzzle,79,TOP
trick_house_puzzle,80,COVERED
trick_house_puzzle,81,COVERED
trick_house_puzzle,82,TOP
trick_house_puzzle,83,COVERED
trick_house_puzzle,84,COVERED
trick_house_puzzle,85,TOP
trick_house_puzzle,86,TOP
trick_house_puzzle,87,TOP
trick_house_puzzle,88,COVERED
trick_house_puzzle,89,COVERED
trick_house_puzzle,90,TOP
trick_house_puzzle,91,TOP
trick_house_puzzle,92,TOP
trick_house_puzzle,93,TOP
trick_house_puzzle,94,TOP
trick_house_puzzle,95,TOP
trick_house_puzzle,96,TOP
trick_house_puzzle,97,TOP
trick_house_puzzle,98,TOP
trick_house_puzzle,99,TOP
trick_house_puzzle,100,TOP
trick_house_puzzle,101,TOP
trick_house_puzzle,102,TOP
trick_house_puzzle,103,TOP
trick_house_puzzle,104,TOP
trick_house_puzzle,105,TOP
trick_house_puzzle,106,TOP
trick_house_puzzle,107,TOP
trick_house_puzzle,108,COVERED
trick_house_puzzle,109,TOP
trick_house_puzzle,110,TOP
trick_house_puzzle,111,TOP
trick_house_puzzle,112,COVERED
trick_house_puzzle,113,TOP
trick_house_puzzle,114,TOP
trick_house_puzzle,115,TOP
trick_house_puzzle,116,TOP
trick_house_puzzle,117,TOP
trick_house_puzzle,118,TOP
trick_house_puzzle,119,TOP
trick_house_puzzle,120,COVERED
trick_house_puzzle,121,TOP
trick_house_puzzle,122,COVERED
trick_house_puzzle,123,TOP
trick_house_puzzle,124,TOP
trick_house_puzzle,125,COVERED
trick_house_puzzle,126,COVERED
trick_house_puzzle,127,COVERED
trick_house_puzzle,128,TOP
trick_house_puzzle,129,TOP
trick_house_puzzle,130,TOP
trick_house_puzzle,131,TOP
trick_house_puzzle,132,TOP
trick_house_puzzle,133,TOP
trick_house_puzzle,134,COVERED
trick_house_puzzle,135,COVERED
trick_house_puzzle,136,TOP
trick_house_puzzle,137,TOP
trick_house_puzzle,138,TOP
trick_house_puzzle,139,TOP
trick_house_puzzle,140,TOP
trick_house_puzzle,141,TOP
trick_house_puzzle,142,COVERED
trick_house_puzzle,143,COVERED
trick_house_puzzle,144,TOP
trick_house_puzzle,145,TOP
trick_house_puzzle,146,TOP
trick_house_puzzle,147,TOP
trick_house_puzzle,148,TOP
trick_house_puzzle,149,COVERED
trick_house_puzzle,150,COVERED
trick_house_puzzle,151,COVERED
trick_house_puzzle,152,TOP
trick_house_puzzle,153,TOP
trick_house_puzzle,154,TOP
trick_house_puzzle,155,TOP
trick_house_puzzle,156,COVERED
trick_house_puzzle,157,COVERED
trick_house_puzzle,158,COVERED
trick_house_puzzle,159,COVERED
trick_house_puzzle,160,TOP
trick_house_puzzle,161,TOP
trick_house_puzzle,162,TOP
trick_house_puzzle,163,TOP
trick_house_puzzle,164,COVERED
trick_house_puzzle,165,COVERED
trick_house_puzzle,166,COVERED
trick_house_puzzle,167,COVERED
trick_house_puzzle,168,TOP
trick_house_puzzle,169,TOP
trick_house_puzzle,170,TOP
trick_house_puzzle,171,TOP
trick_house_puzzle,172,COVERED
trick_house_puzzle,173,COVERED
trick_house_puzzle,174,COVERED
trick_house_puzzle,175,COVERED
trick_house_puzzle,176,TOP
trick_house_puzzle,177,TOP
trick_house_puzzle,178,TOP
trick_house_puzzle,179,TOP
trick_house_puzzle,180,COVERED
trick_house_puzzle,181,COVERED
trick_house_puzzle,182,COVERED
trick_house_puzzle,183,COVERED
trick_house_puzzle,184,TOP
trick_house_puzzle,185,TOP
trick_house_puzzle,186,TOP
trick_house_puzzle,187,TOP
trick_house_puzzle,188,COVERED
underwater,0,COVERED
underwater,1,COVERED
underwater,2,COVERED
underwater,3,COVERED
underwater,4,COVERED
underwater,5,COVERED
underwater,6,COVERED
underwater,7,COVERED
underwater,8,COVERED
underwater,9,COVERED
underwater,10,COVERED
underwater,11,COVERED
underwater,12,COVERED
underwater,13,COVERED
underwater,14,COVERED
underwater,15,COVERED
underwater,16,COVERED
underwater,17,COVERED
underwater,18,COVERED
underwater,19,COVERED
underwater,20,COVERED
underwater,21,COVERED
underwater,22,COVERED
underwater,23,COVERED
underwater,24,COVERED
underwater,25,COVERED
underwater,26,COVERED
underwater,27,COVERED
underwater,28,COVERED
underwater,29,COVERED
underwater,30,COVERED
underwater,31,COVERED
underwater,32,COVERED
underwater,33,COVERED
underwater,34,COVERED
underwater,35,COVERED
underwater,36,COVERED
underwater,37,COVERED
underwater,38,COVERED
underwater,39,COVERED
underwater,40,COVERED
underwater,41,COVERED
underwater,42,COVERED
underwater,43,COVERED
underwater,44,COVERED
underwater,45,COVERED
underwater,46,COVERED
underwater,47,COVERED
underwater,48,COVERED
underwater,49,COVERED
underwater,50,COVERED
underwater,51,COVERED
underwater,52,COVERED
underwater,53,COVERED
underwater,54,COVERED
underwater,55,COVERED
underwater,56,COVERED
underwater,57,COVERED
underwater,58,COVERED
underwater,59,COVERED
underwater,60,COVERED
underwater,61,COVERED
underwater,62,COVERED
underwater,63,COVERED
underwater,64,COVERED
underwater,65,COVERED
underwater,66,COVERED
underwater,67,COVERED
underwater,68,COVERED
underwater,69,COVERED
underwater,70,COVERED
underwater,71,COVERED
underwater,72,COVERED
underwater,73,COVERED
underwater,74,COVERED
underwater,75,COVERED
underwater,76,COVERED
underwater,77,COVERED
underwater,78,COVERED
underwater,79,COVERED
underwater,80,COVERED
underwater,81,COVERED
underwater,82,COVERED
underwater,83,COVERED
underwater,84,COVERED
underwater,85,COVERED
underwater,86,COVERED
underwater,87,COVERED
underwater,88,COVERED
underwater,89,COVERED
underwater,90,COVERED
underwater,91,COVERED
underwater,92,COVERED
underwater,93,COVERED
underwater,94,COVERED
underwater,95,COVERED
underwater,96,COVERED
underwater,97,COVERED
underwater,98,COVERED
underwater,99,COVERED
underwater,100,COVERED
underwater,101,COVERED
underwater,102,COVERED
underwater,103,COVERED
underwater,104,COVERED
underwater,105,COVERED
underwater,106,COVERED
underwater,107,COVERED
underwater,108,COVERED
underwater,109,COVERED
underwater,110,COVERED
underwater,111,COVERED
underwater,112,COVERED
underwater,113,COVERED
underwater,114,COVERED
underwater,115,COVERED
underwater,116,COVERED
underwater,117,COVERED
underwater,118,COVERED
underwater,119,COVERED
underwater,120,TOP
underwater,121,TOP
underwater,122,TOP
underwater,123,COVERED
underwater,124,COVERED
underwater,125,COVERED
underwater,126,COVERED
underwater,127,COVERED
underwater,128,TOP
underwater,129,TOP
underwater,130,TOP
underwater,131,COVERED
underwater,132,COVERED
underwater,133,COVERED
underwater,134,COVERED
underwater,135,COVERED
underwater,136,TOP
underwater,137,TOP
underwater,138,TOP
underwater,139,TOP
underwater,140,COVERED
underwater,141,TOP
underwater,142,TOP
underwater,143,TOP
underwater,144,TOP
underwater,145,TOP
underwater,146,TOP
underwater,147,TOP
underwater,148,TOP
underwater,149,TOP
underwater,150,TOP
underwater,151,TOP
underwater,152,TOP
underwater,153,TOP
underwater,154,TOP
underwater,155,TOP
underwater,156,TOP
underwater,157,TOP
underwater,158,TOP
underwater,159,TOP
underwater,160,TOP
underwater,161,TOP
underwater,162,TOP
underwater,163,TOP
underwater,164,TOP
underwater,165,TOP
underwater,166,TOP
underwater,167,TOP
underwater,168,TOP
underwater,169,TOP
underwater,170,TOP
underwater,171,TOP
underwater,172,TOP
underwater,173,TOP
underwater,174,TOP
underwater,175,TOP
underwater,176,TOP
underwater,177,TOP
underwater,178,COVERED
underwater,179,COVERED
underwater,180,COVERED
underwater,181,COVERED
underwater,182,COVERED
underwater,183,COVERED
underwater,184,COVERED
underwater,185,TOP
underwater,186,COVERED
underwater,187,COVERED
underwater,188,COVERED
underwater,189,COVERED
underwater,190,COVERED
underwater,191,COVERED
underwater,192,COVERED
underwater,193,COVERED
underwater,194,COVERED
underwater,195,COVERED
underwater,196,COVERED
underwater,197,COVERED
underwater,198,COVERED
underwater,199,COVERED
underwater,200,COVERED
underwater,201,COVERED
underwater,202,COVERED
underwater,203,COVERED
underwater,204,COVERED
underwater,205,COVERED
underwater,206,COVERED
underwater,207,COVERED
underwater,208,COVERED
underwater,209,COVERED
underwater,210,COVERED
underwater,211,COVERED
underwater,212,COVERED
underwater,213,COVERED
underwater,214,COVERED
underwater,215,COVERED
underwater,216,COVERED
underwater,217,COVERED
underwater,218,COVERED
underwater,219,COVERED
underwater,220,COVERED
underwater,221,COVERED
underwater,222,COVERED
underwater,223,COVERED
underwater,224,COVERED
underwater,225,COVERED
underwater,226,COVERED
underwater,227,COVERED
underwater,228,COVERED
underwater,229,COVERED
underwater,230,COVERED
underwater,231,COVERED
underwater,232,TOP
underwater,233,TOP
underwater,234,TOP
underwater,235,TOP
facility,0,TOP
facility,1,TOP
facility,2,TOP
facility,3,TOP
facility,4,TOP
facility,5,COVERED
facility,6,TOP
facility,7,TOP
facility,8,TOP
facility,9,TOP
facility,10,TOP
facility,11,TOP
facility,12,COVERED
facility,13,COVERED
facility,14,COVERED
facility,15,COVERED
facility,16,TOP
facility,17,TOP
facility,18,COVERED
facility,19,COVERED
facility,20,COVERED
facility,21,COVERED
facility,22,COVERED
facility,23,COVERED
facility,24,TOP
facility,25,COVERED
facility,26,COVERED
facility,27,COVERED
facility,28,COVERED
facility,29,COVERED
facility,30,TOP
facility,31,TOP
facility,32,TOP
facility,33,COVERED
facility,34,COVERED
facility,35,COVERED
facility,36,COVERED
facility,37,COVERED
facility,38,TOP
facility,39,COVERED
facility,40,TOP
facility,41,TOP
facility,42,TOP
facility,43,COVERED
facility,44,COVERED
facility,45,COVERED
facility,46,COVERED
facility,47,COVERED
facility,48,COVERED
facility,49,COVERED
facility,50,COVERED
facility,51,COVERED
facility,52,COVERED
facility,53,COVERED
facility,54,COVERED
facility,55,COVERED
facility,56,COVERED
facility,57,COVERED
facility,58,COVERED
facility,59,COVERED
facility,60,COVERED
facility,61,COVERED
facility,62,COVERED
facility,63,TOP
facility,64,TOP
facility,65,TOP
facility,66,TOP
facility,67,COVERED
facility,68,COVERED
facility,69,COVERED
facility,70,COVERED
facility,71,COVERED
facility,72,COVERED
facility,73,COVERED
facility,74,COVERED
facility,75,COVERED
facility,76,COVERED
facility,77,COVERED
facility,78,COVERED
facility,79,COVERED
facility,80,COVERED
facility,81,COVERED
facility,82,COVERED
facility,83,COVERED
facility,84,COVERED
facility,85,COVERED
facility,86,COVERED
facility,87,COVERED
facility,88,COVERED
facility,89,TOP
facility,90,COVERED
facility,91,COVERED
facility,92,COVERED
facility,93,COVERED
facility,94,COVERED
facility,95,TOP
facility,96,COVERED
facility,97,COVERED
facility,98,COVERED
facility,99,COVERED
facility,100,COVERED
facility,101,COVERED
facility,102,COVERED
facility,103,COVERED
facility,104,COVERED
facility,105,COVERED
facility,106,COVERED
facility,107,COVERED
facility,108,COVERED
facility,109,COVERED
facility,110,COVERED
facility,111,COVERED
facility,112,COVERED
facility,113,COVERED
facility,114,COVERED
facility,115,COVERED
facility,116,COVERED
facility,117,COVERED
facility,118,COVERED
facility,119,COVERED
facility,120,COVERED
facility,121,COVERED
facility,122,COVERED
facility,123,COVERED
facility,124,COVERED
facility,125,COVERED
facility,126,COVERED
facility,127,COVERED
facility,128,COVERED
facility,129,COVERED
facility,130,TOP
facility,131,TOP
facility,132,COVERED
facility,133,COVERED
facility,134,COVERED
facility,135,COVERED
facility,136,COVERED
facility,137,COVERED
facility,138,TOP
facility,139,TOP
facility,140,TOP
facility,141,COVERED
facility,142,COVERED
facility,143,COVERED
facility,144,COVERED
facility,145,COVERED
facility,146,COVERED
facility,147,COVERED
facility,148,COVERED
facility,149,COVERED
facility,150,COVERED
facility,151,COVERED
facility,152,TOP
facility,153,TOP
facility,154,TOP
facility,155,TOP
facility,156,TOP
facility,157,TOP
facility,158,COVERED
facility,159,COVERED
facility,160,TOP
facility,161,TOP
facility,162,COVERED
facility,163,COVERED
facility,164,COVERED
facility,165,TOP
facility,166,COVERED
facility,167,COVERED
facility,168,TOP
facility,169,TOP
facility,170,COVERED
facility,171,COVERED
facility,172,COVERED
facility,173,TOP
facility,174,COVERED
facility,175,COVERED
facility,176,TOP
facility,177,TOP
facility,178,TOP
facility,179,TOP
facility,180,TOP
facility,181,TOP
facility,182,COVERED
facility,183,COVERED
facility,184,COVERED
facility,185,COVERED
facility,186,COVERED
facility,187,TOP
facility,188,TOP
facility,189,TOP
facility,190,COVERED
facility,191,COVERED
facility,192,COVERED
facility,193,COVERED
facility,194,COVERED
facility,195,TOP
facility,196,TOP
facility,197,TOP
facility,198,COVERED
facility,199,COVERED
facility,200,COVERED
facility,201,COVERED
facility,202,COVERED
facility,203,TOP
facility,204,TOP
facility,205,TOP
facility,206,TOP
facility,207,TOP
facility,208,COVERED
facility,209,COVERED
facility,210,COVERED
facility,211,COVERED
facility,212,COVERED
facility,213,COVERED
facility,214,COVERED
facility,215,COVERED
facility,216,COVERED
facility,217,COVERED
facility,218,TOP
facility,219,TOP
facility,220,TOP
facility,221,TOP
facility,222,TOP
facility,223,COVERED
facility,224,COVERED
facility,225,COVERED
facility,226,TOP
facility,227,TOP
facility,228,COVERED
facility,229,COVERED
facility,230,TOP
facility,231,TOP
facility,232,COVERED
facility,233,COVERED
facility,234,COVERED
facility,235,COVERED
facility,236,COVERED
facility,237,COVERED
facility,238,COVERED
facility,239,COVERED
facility,240,TOP
facility,241,TOP
facility,242,COVERED
facility,243,TOP
facility,244,COVERED
facility,245,COVERED
facility,246,TOP
facility,247,COVERED
facility,248,COVERED
facility,249,TOP
facility,250,COVERED
facility,251,COVERED
facility,252,TOP
facility,253,TOP
facility,254,TOP
facility,255,TOP
facility,256,COVERED
facility,257,TOP
facility,258,COVERED
facility,259,COVERED
facility,260,COVERED
facility,261,COVERED
facility,262,COVERED
facility,263,COVERED
facility,264,TOP
facility,265,TOP
facility,266,TOP
facility,267,COVERED
facility,268,COVERED
facility,269,COVERED
facility,270,COVERED
facility,271,COVERED
facility,272,COVERED
facility,273,COVERED
facility,274,COVERED
facility,275,COVERED
facility,276,COVERED
facility,277,COVERED
facility,278,COVERED
facility,279,COVERED
facility,280,COVERED
facility,281,COVERED
facility,282,COVERED
facility,283,COVERED
facility,284,COVERED
facility,285,COVERED
facility,286,COVERED
facility,287,COVERED
facility,288,COVERED
facility,289,COVERED
facility,290,COVERED
facility,291,COVERED
facility,292,COVERED
facility,293,COVERED
facility,294,COVERED
facility,295,COVERED
facility,296,TOP
facility,297,TOP
facility,298,COVERED
facility,299,COVERED
facility,300,COVERED
facility,301,COVERED
facility,302,COVERED
facility,303,TOP
facility,304,TOP
facility,305,TOP
facility,306,TOP
facility,307,COVERED
facility,308,TOP
facility,309,TOP
facility,310,COVERED
facility,311,TOP
facility,312,TOP
facility,313,TOP
facility,314,COVERED
facility,315,COVERED
facility,316,COVERED
facility,317,COVERED
facility,318,TOP
facility,319,TOP
facility,320,TOP
facility,321,COVERED
facility,322,COVERED
facility,323,COVERED
facility,324,COVERED
facility,325,TOP
facility,326,COVERED
facility,327,COVERED
facility,328,TOP
facility,329,COVERED
facility,330,COVERED
facility,331,COVERED
facility,332,TOP
facility,333,COVERED
facility,334,COVERED
facility,335,COVERED
facility,336,COVERED
facility,337,COVERED
facility,338,COVERED
facility,339,COVERED
facility,340,COVERED
facility,341,COVERED
facility,342,COVERED
facility,343,COVERED
facility,344,COVERED
facility,345,COVERED
facility,346,COVERED
facility,347,TOP
facility,348,COVERED
facility,349,COVERED
facility,350,COVERED
facility,351,COVERED
facility,352,COVERED
facility,353,COVERED
facility,354,TOP
facility,355,TOP
facility,356,TOP
facility,357,TOP
facility,358,TOP
facility,359,TOP
facility,360,COVERED
facility,361,COVERED
facility,362,COVERED
facility,363,COVERED
facility,364,COVERED
facility,365,TOP
facility,366,COVERED
facility,367,COVERED
facility,368,COVERED
facility,369,COVERED
facility,370,COVERED
facility,371,COVERED
facility,372,COVERED
facility,373,COVERED
facility,374,COVERED
facility,375,COVERED
facility,376,TOP
facility,377,TOP
facility,378,TOP
facility,379,TOP
facility,380,COVERED
facility,381,COVERED
facility,382,COVERED
facility,383,COVERED
facility,384,TOP
facility,385,TOP
facility,386,TOP
facility,387,TOP
facility,388,TOP
facility,389,TOP
facility,390,TOP
facility,391,TOP
facility,392,TOP
facility,393,TOP
facility,394,TOP
facility,395,TOP
facility,396,TOP
facility,397,TOP
facility,398,COVERED
facility,399,COVERED
facility,400,TOP
facility,401,TOP
facility,402,TOP
facility,403,TOP
facility,404,TOP
facility,405,TOP
facility,406,TOP
facility,407,TOP
facility,408,COVERED
facility,409,COVERED
facility,410,COVERED
facility,411,COVERED
facility,412,COVERED
facility,413,COVERED
facility,414,COVERED
facility,415,COVERED
facility,416,COVERED
facility,417,COVERED
facility,418,TOP
facility,419,TOP
facility,420,TOP
facility,421,COVERED
facility,422,COVERED
facility,423,COVERED
facility,424,COVERED
facility,425,COVERED
facility,426,COVERED
facility,427,COVERED
facility,428,COVERED
facility,429,COVERED
facility,430,COVERED
facility,431,COVERED
facility,432,COVERED
facility,433,COVERED
facility,434,TOP
facility,435,TOP
facility,436,COVERED
facility,437,COVERED
facility,438,TOP
facility,439,TOP
facility,440,TOP
facility,441,TOP
facility,442,TOP
facility,443,COVERED
facility,444,COVERED
facility,445,COVERED
facility,446,COVERED
facility,447,COVERED
facility,448,COVERED
facility,449,COVERED
facility,450,COVERED
facility,451,COVERED
facility,452,COVERED
facility,453,COVERED
facility,454,COVERED
facility,455,TOP
facility,456,TOP
facility,457,COVERED
facility,458,COVERED
facility,459,TOP
facility,460,TOP
facility,461,TOP
facility,462,COVERED
facility,463,COVERED
facility,464,TOP
facility,465,COVERED
facility,466,COVERED
facility,467,COVERED
facility,468,COVERED
facility,469,COVERED
facility,470,COVERED
facility,471,COVERED
facility,472,TOP
facility,473,TOP
facility,474,COVERED
facility,475,COVERED
facility,476,COVERED
facility,477,COVERED
facility,478,COVERED
facility,479,COVERED
facility,480,TOP
facility,481,COVERED
facility,482,COVERED
facility,483,COVERED
facility,484,TOP
facility,485,TOP
facility,486,TOP
facility,487,COVERED
facility,488,COVERED
facility,489,TOP
facility,490,COVERED
facility,491,COVERED
facility,492,COVERED
facility,493,TOP
facility,494,TOP
facility,495,COVERED
facility,496,COVERED
facility,497,COVERED
facility,498,TOP
facility,499,COVERED
facility,500,COVERED
facility,501,COVERED
facility,502,COVERED
facility,503,COVERED
facility,504,COVERED
facility,505,COVERED
facility,506,COVERED
facility,507,COVERED
facility,508,COVERED
facility,509,COVERED
facility,510,COVERED
common_center_1f,0,TOP
common_center_1f,1,TOP
common_center_1f,2,TOP
common_center_1f,3,COVERED
common_center_1f,4,TOP
common_center_1f,5,COVERED
common_center_1f,6,COVERED
common_center_1f,7,COVERED
common_center_1f,8,TOP
common_center_1f,9,TOP
common_center_1f,10,NORMAL
common_center_1f,11,NORMAL
common_center_1f,12,NORMAL
common_center_1f,13,TOP
common_center_1f,14,TOP
common_center_1f,15,COVERED
common_center_1f,16,COVERED
common_center_1f,17,COVERED
common_center_1f,18,COVERED
common_center_1f,19,COVERED
common_center_1f,20,COVERED
common_center_1f,21,COVERED
common_center_1f,22,COVERED
common_center_1f,23,COVERED
common_center_1f,24,SPLIT
common_center_1f,25,NORMAL
common_center_1f,26,NORMAL
common_center_1f,27,SPLIT
common_center_1f,28,NORMAL
common_center_1f,29,NORMAL
common_center_1f,30,NORMAL
common_center_1f,31,COVERED
common_center_1f,32,COVERED
common_center_1f,33,COVERED
common_center_1f,34,COVERED
common_center_1f,35,SPLIT
common_center_1f,36,NORMAL
common_center_1f,37,NORMAL
common_center_1f,38,NORMAL
common_center_1f,39,COVERED
common_center_1f,40,COVERED
common_center_1f,41,COVERED
common_center_1f,42,COVERED
common_center_1f,43,COVERED
common_center_1f,44,COVERED
common_center_1f,45,NORMAL
common_center_1f,46,NORMAL
common_center_1f,47,COVERED
common_center_1f,48,COVERED
common_center_1f,49,COVERED
common_center_1f,50,COVERED
common_center_1f,51,COVERED
common_center_1f,52,COVERED
common_center_1f,53,COVERED
common_center_1f,54,COVERED
common_center_1f,55,COVERED
common_center_1f,56,COVERED
common_center_1f,57,COVERED
common_center_1f,58,COVERED
common_center_1f,59,COVERED
common_center_1f,60,COVERED
common_center_1f,61,COVERED
common_center_1f,62,COVERED
common_center_1f,63,COVERED
common_center_1f,64,COVERED
common_center_1f,65,COVERED
common_center_1f,66,COVERED
common_center_1f,67,COVERED
common_center_1f,68,COVERED
common_center_1f,69,COVERED
common_center_1f,70,COVERED
common_center_1f,71,COVERED
common_center_1f,72,COVERED
common_center_1f,73,COVERED
common_center_1f,74,COVERED
common_center_1f,75,COVERED
common_center_1f,76,COVERED
common_center_1f,77,COVERED
common_center_1f,78,COVERED
common_center_1f,79,COVERED
common_center_1f,80,COVERED
common_center_1f,81,COVERED
common_center_1f,82,COVERED
common_center_1f,83,COVERED
common_center_1f,84,COVERED
common_center_1f,85,COVERED
common_center_1f,86,COVERED
common_center_1f,87,COVERED
common_center_1f,88,COVERED
common_center_1f,89,COVERED
common_center_1f,90,COVERED
common_center_1f,91,COVERED
common_center_1f,92,COVERED
common_center_1f,93,COVERED
common_center_1f,94,COVERED
common_center_1f,95,COVERED
common_center_1f,96,COVERED
common_center_1f,97,COVERED
common_center_1f,98,COVERED
common_center_1f,99,COVERED
common_center_1f,100,COVERED
common_center_1f,101,COVERED
common_center_1f,102,COVERED
common_center_1f,103,COVERED
common_center_1f,104,COVERED
common_center_1f,105,COVERED
common_center_1f,106,COVERED
common_center_1f,107,COVERED
common_center_1f,108,COVERED
common_center_1f,109,COVERED
common_center_1f,110,COVERED
common_center_1f,111,COVERED
common_center_1f,112,COVERED
common_center_1f,113,COVERED
common_center_1f,114,COVERED
common_center_1f,115,COVERED
common_center_1f,116,COVERED
common_center_1f,117,COVERED
common_center_1f,118,COVERED
common_center_1f,119,COVERED
common_center_1f,120,COVERED
common_center_1f,121,COVERED
common_center_1f,122,COVERED
common_center_1f,123,COVERED
common_center_1f,124,COVERED
common_center_1f,125,COVERED
common_center_1f,126,COVERED
common_center_1f,127,COVERED
cave,0,COVERED
cave,1,TOP
cave,2,COVERED
cave,3,COVERED
cave,4,TOP
cave,5,TOP
cave,6,TOP
cave,7,TOP
cave,8,TOP
cave,9,TOP
cave,10,TOP
cave,11,TOP
cave,12,TOP
cave,13,TOP
cave,14,COVERED
cave,15,COVERED
cave,16,TOP
cave,17,TOP
cave,18,TOP
cave,19,TOP
cave,20,TOP
cave,21,TOP
cave,22,COVERED
cave,23,COVERED
cave,24,TOP
cave,25,TOP
cave,26,TOP
cave,27,TOP
cave,28,TOP
cave,29,COVERED
cave,30,COVERED
cave,31,COVERED
cave,32,COVERED
cave,33,COVERED
cave,34,COVERED
cave,35,COVERED
cave,36,COVERED
cave,37,COVERED
cave,38,COVERED
cave,39,COVERED
cave,40,TOP
cave,41,TOP
cave,42,TOP
cave,43,TOP
cave,44,TOP
cave,45,TOP
cave,46,TOP
cave,47,COVERED
cave,48,COVERED
cave,49,COVERED
cave,50,TOP
cave,51,TOP
cave,52,TOP
cave,53,TOP
cave,54,TOP
cave,55,TOP
cave,56,TOP
cave,57,TOP
cave,58,TOP
cave,59,TOP
cave,60,TOP
cave,61,COVERED
cave,62,COVERED
cave,63,TOP
cave,64,TOP
cave,65,TOP
cave,66,TOP
cave,67,TOP
cave,68,COVERED
cave,69,TOP
cave,70,COVERED
cave,71,TOP
cave,72,TOP
cave,73,TOP
cave,74,TOP
cave,75,TOP
cave,76,TOP
cave,77,TOP
cave,78,TOP
cave,79,TOP
cave,80,COVERED
cave,81,TOP
cave,82,TOP
cave,83,COVERED
cave,84,COVERED
cave,85,COVERED
cave,86,COVERED
cave,87,COVERED
cave,88,COVERED
cave,89,COVERED
cave,90,COVERED
cave,91,COVERED
cave,92,COVERED
cave,93,COVERED
cave,94,TOP
cave,95,TOP
cave,96,TOP
cave,97,TOP
cave,98,COVERED
cave,99,COVERED
cave,100,COVERED
cave,101,COVERED
cave,102,COVERED
cave,103,TOP
cave,104,COVERED
cave,105,COVERED
cave,106,COVERED
cave,107,COVERED
cave,108,COVERED
cave,109,COVERED
cave,110,COVERED
cave,111,COVERED
cave,112,COVERED
cave,113,COVERED
cave,114,COVERED
cave,115,COVERED
cave,116,COVERED
cave,117,TOP
cave,118,TOP
cave,119,TOP
cave,120,COVERED
cave,121,COVERED
cave,122,COVERED
cave,123,COVERED
cave,124,COVERED
cave,125,COVERED
cave,126,COVERED
cave,127,TOP
cave,128,COVERED
cave,129,COVERED
cave,130,COVERED
cave,131,COVERED
cave,132,TOP
cave,133,COVERED
cave,134,COVERED
cave,135,TOP
cave,136,COVERED
cave,137,COVERED
cave,138,COVERED
cave,139,TOP
cave,140,COVERED
cave,141,COVERED
cave,142,COVERED
cave,143,TOP
cave,144,COVERED
cave,145,COVERED
cave,146,COVERED
cave,147,COVERED
cave,148,COVERED
cave,149,COVERED
cave,150,COVERED
cave,151,COVERED
cave,152,COVERED
cave,153,COVERED
cave,154,COVERED
cave,155,COVERED
cave,156,COVERED
cave,157,COVERED
cave,158,COVERED
cave,159,COVERED
cave,160,COVERED
cave,161,COVERED
cave,162,COVERED
cave,163,COVERED
cave,164,TOP
cave,165,COVERED
cave,166,COVERED
cave,167,COVERED
cave,168,COVERED
cave,169,COVERED
cave,170,COVERED
cave,171,COVERED
cave,172,COVERED
cave,173,COVERED
cave,174,COVERED
cave,175,COVERED
cave,176,COVERED
cave,177,COVERED
cave,178,COVERED
cave,179,COVERED
cave,180,COVERED
cave,181,COVERED
cave,182,COVERED
cave,183,COVERED
cave,184,COVERED
cave,185,COVERED
cave,186,COVERED
cave,187,TOP
cave,188,TOP
cave,189,TOP
cave,190,TOP
cave,191,TOP
cave,192,COVERED
cave,193,COVERED
cave,194,COVERED
cave,195,TOP
cave,196,TOP
cave,197,TOP
cave,198,TOP
cave,199,TOP
cave,200,TOP
cave,201,TOP
cave,202,TOP
cave,203,TOP
cave,204,TOP
cave,205,TOP
cave,206,TOP
cave,207,TOP
cave,208,COVERED
cave,209,COVERED
cave,210,COVERED
cave,211,TOP
cave,212,TOP
cave,213,COVERED
cave,214,COVERED
cave,215,COVERED
cave,216,COVERED
cave,217,COVERED
cave,218,COVERED
cave,219,COVERED
cave,220,COVERED
cave,221,TOP
cave,222,TOP
cave,223,COVERED
cave,224,COVERED
cave,225,COVERED
cave,226,COVERED
cave,227,TOP
cave,228,TOP
cave,229,COVERED
cave,230,COVERED
cave,231,COVERED
cave,232,COVERED
cave,233,COVERED
cave,234,COVERED
cave,235,TOP
cave,236,TOP
cave,237,COVERED
cave,238,COVERED
cave,239,COVERED
cave,240,COVERED
cave,241,COVERED
cave,242,COVERED
cave,243,COVERED
cave,244,COVERED
cave,245,TOP
cave,246,TOP
cave,247,COVERED
cave,248,COVERED
cave,249,COVERED
cave,250,COVERED
cave,251,COVERED
cave,252,COVERED
cave,253,COVERED
cave,254,TOP
cave,255,TOP
cave,256,COVERED
cave,257,COVERED
cave,258,COVERED
cave,259,COVERED
cave,260,COVERED
cave,261,COVERED
cave,262,TOP
cave,263,TOP
cave,264,COVERED
cave,265,COVERED
cave,266,COVERED
cave,267,COVERED
cave,268,COVERED
cave,269,COVERED
cave,270,TOP
cave,271,COVERED
cave,272,COVERED
cave,273,COVERED
cave,274,COVERED
cave,275,COVERED
cave,276,COVERED
cave,277,COVERED
cave,278,TOP
cave,279,COVERED
cave,280,COVERED
cave,281,COVERED
cave,282,COVERED
cave,283,TOP
cave,284,TOP
cave,285,TOP
cave,286,TOP
cave,287,TOP
cave,288,COVERED
cave,289,COVERED
cave,290,COVERED
cave,291,TOP
cave,292,COVERED
cave,293,COVERED
cave,294,TOP
cave,295,TOP
cave,296,COVERED
cave,297,COVERED
cave,298,COVERED
cave,299,COVERED
cave,300,COVERED
cave,301,TOP
cave,302,TOP
cave,303,TOP
cave,304,COVERED
cave,305,COVERED
cave,306,COVERED
cave,307,TOP
cave,308,COVERED
cave,309,TOP
cave,310,TOP
cave,311,TOP
cave,312,COVERED
cave,313,COVERED
cave,314,COVERED
cave,315,TOP
cave,316,COVERED
cave,317,TOP
cave,318,COVERED
cave,319,COVERED
cave,320,COVERED
cave,321,COVERED
cave,322,COVERED
cave,323,COVERED
cave,324,COVERED
cave,325,COVERED
cave,326,COVERED
cave,327,COVERED
cave,328,TOP
cave,329,TOP
cave,330,TOP
cave,331,TOP
cave,332,TOP
cave,333,TOP
cave,334,TOP
cave,335,TOP
cave,336,COVERED
cave,337,COVERED
cave,338,TOP
cave,339,TOP
cave,340,TOP
cave,341,TOP
cave,342,TOP
cave,343,COVERED
cave,344,COVERED
cave,345,COVERED
cave,346,COVERED
cave,347,COVERED
cave,348,TOP
cave,349,TOP
cave,350,TOP
cave,351,COVERED
cave,352,COVERED
cave,353,COVERED
cave,354,COVERED
cave,355,TOP
cave,356,COVERED
cave,357,COVERED
cave,358,COVERED
cave,359,COVERED
cave,360,COVERED
cave,361,COVERED
cave,362,COVERED
cave,363,COVERED
cave,364,COVERED
cave,365,COVERED
cave,366,COVERED
cave,367,COVERED
cave,368,COVERED
cave,369,COVERED
cave,370,COVERED
cave,371,COVERED
cave,372,COVERED
cave,373,COVERED
cave,374,COVERED
cave,375,COVERED
cave,376,TOP
cave,377,TOP
cave,378,TOP
cave,379,TOP
cave,380,TOP
cave,381,TOP
cave,382,TOP
cave,383,COVERED
cave,384,TOP
cave,385,TOP
cave,386,TOP
cave,387,TOP
cave,388,TOP
cave,389,TOP
cave,390,TOP
cave,391,TOP
cave,392,TOP
cave,393,TOP
cave,394,TOP
cave,395,COVERED
cave,396,TOP
cave,397,COVERED
cave,398,TOP
cave,399,TOP
cave,400,TOP
cave,401,TOP
cave,402,COVERED
cave,403,TOP
cave,404,TOP
cave,405,TOP
cave,406,TOP
cave,407,COVERED
cave,408,TOP
cave,409,TOP
cave,410,COVERED
cave,411,TOP
cave,412,TOP
cave,413,TOP
dewford,0,COVERED
dewford,1,TOP
dewford,2,COVERED
dewford,3,TOP
dewford,4,TOP
dewford,5,TOP
dewford,6,TOP
dewford,7,COVERED
dewford,8,TOP
dewford,9,COVERED
dewford,10,COVERED
dewford,11,TOP
dewford,12,TOP
dewford,13,TOP
dewford,14,TOP
dewford,15,TOP
dewford,16,COVERED
dewford,17,TOP
dewford,18,TOP
dewford,19,TOP
dewford,20,TOP
dewford,21,TOP
dewford,22,COVERED
dewford,23,COVERED
dewford,24,TOP
dewford,25,TOP
dewford,26,TOP
dewford,27,TOP
dewford,28,TOP
dewford,29,TOP
dewford,30,TOP
dewford,31,TOP
dewford,32,COVERED
dewford,33,COVERED
dewford,34,TOP
dewford,35,TOP
dewford,36,TOP
dewford,37,TOP
dewford,38,TOP
dewford,39,TOP
dewford,40,COVERED
dewford,41,COVERED
dewford,42,COVERED
dewford,43,TOP
dewford,44,TOP
dewford,45,TOP
dewford,46,TOP
dewford,47,TOP
dewford,48,COVERED
dewford,49,COVERED
dewford,50,COVERED
dewford,51,COVERED
dewford,52,COVERED
dewford,53,COVERED
dewford,54,COVERED
dewford,55,COVERED
dewford,56,TOP
dewford,57,TOP
dewford,58,COVERED
dewford,59,COVERED
dewford,60,COVERED
dewford,61,COVERED
dewford,62,COVERED
dewford,63,COVERED
dewford,64,TOP
dewford,65,TOP
dewford,66,TOP
dewford,67,TOP
dewford,68,SPLIT
dewford,69,COVERED
dewford,70,TOP
dewford,71,TOP
dewford,72,COVERED
dewford,73,COVERED
dewford,74,COVERED
dewford,75,COVERED
dewford,76,COVERED
dewford,77,COVERED
dewford,78,COVERED
dewford,79,COVERED
dewford,80,COVERED
dewford,81,COVERED
dewford,82,COVERED
dewford,83,COVERED
dewford,84,TOP
dewford,85,TOP
dewford,86,TOP
dewford,87,COVERED
dewford,88,COVERED
dewford,89,COVERED
dewford,90,COVERED
dewford,91,COVERED
dewford,92,COVERED
dewford,93,COVERED
dewford,94,COVERED
dewford,95,COVERED
dewford,96,COVERED
dewford,97,COVERED
dewford,98,COVERED
dewford,99,COVERED
dewford,100,COVERED
dewford,101,COVERED
dewford,102,COVERED
dewford,103,COVERED
dewford,104,COVERED
dewford,105,COVERED
dewford,106,COVERED
dewford,107,COVERED
dewford,108,COVERED
dewford,109,COVERED
dewford,110,COVERED
dewford,111,TOP
dewford,112,COVERED
dewford,113,COVERED
dewford,114,TOP
dewford,115,TOP
dewford,116,COVERED
dewford,117,COVERED
dewford,118,COVERED
dewford,119,TOP
dewford,120,COVERED
dewford,121,COVERED
dewford,122,COVERED
dewford,123,COVERED
dewford,124,COVERED
dewford,125,COVERED
dewford,126,COVERED
dewford,127,COVERED
dewford,128,COVERED
dewford,129,COVERED
dewford,130,COVERED
dewford,131,COVERED
dewford,132,COVERED
dewford,133,COVERED
dewford,134,COVERED
dewford,135,TOP
dewford,136,COVERED
dewford,137,COVERED
dewford,138,TOP
dewford,139,TOP
dewford,140,TOP
dewford,141,TOP
dewford,142,TOP
dewford,143,TOP
dewford,144,TOP
dewford,145,TOP
dewford,146,TOP
dewford,147,TOP
dewford,148,TOP
dewford,149,TOP
dewford,150,TOP
dewford,151,TOP
dewford,152,COVERED
dewford,153,COVERED
dewford,154,COVERED
dewford,155,TOP
dewford,156,TOP
dewford,157,TOP
dewford,158,TOP
dewford,159,TOP
dewford,160,TOP
dewford,161,TOP
dewford,162,TOP
dewford,163,TOP
dewford,164,TOP
dewford,165,TOP
dewford,166,TOP
dewford,167,TOP
dewford,168,TOP
dewford,169,TOP
dewford,170,TOP
dewford,171,TOP
dewford,172,TOP
dewford,173,TOP
dewford,174,TOP
dewford,175,TOP
dewford,176,TOP
dewford,177,TOP
dewford,178,COVERED
dewford,179,TOP
dewford,180,TOP
dewford,181,TOP
dewford,182,TOP
dewford,183,TOP
dewford,184,TOP
dewford,185,TOP
dewford,186,TOP
dewford,187,TOP
dewford,188,TOP
dewford,189,TOP
dewford,190,TOP
dewford,191,TOP
dewford,192,TOP
dewford,193,COVERED
dewford,194,COVERED
dewford,195,TOP
dewford,196,TOP
dewford,197,TOP
dewford,198,TOP
dewford,199,TOP
dewford,200,TOP
dewford,201,COVERED
dewford,202,COVERED
dewford,203,TOP
dewford,204,TOP
dewford,205,TOP
dewford,206,TOP
dewford,207,TOP
dewford,208,COVERED
dewford,209,COVERED
dewford,210,TOP
dewford,211,TOP
dewford,212,TOP
dewford,213,TOP
dewford,214,TOP
dewford,215,TOP
dewford,216,TOP
dewford,217,TOP
dewford,218,TOP
dewford,219,TOP
dewford,220,TOP
dewford,221,TOP
dewford,222,TOP
dewford,223,TOP
dewford,224,TOP
dewford,225,TOP
dewford,226,TOP
dewford,227,TOP
dewford,228,TOP
dewford,229,TOP
dewford,230,TOP
dewford,231,TOP
dewford,232,TOP
dewford,233,TOP
dewford,234,TOP
dewford,235,TOP
dewford,236,TOP
dewford,237,TOP
dewford,238,TOP
dewford,239,TOP
dewford,240,TOP
dewford,241,TOP
dewford,242,TOP
dewford,243,TOP
dewford,244,TOP
dewford,245,TOP
dewford,246,TOP
dewford,247,TOP
dewford,248,COVERED
dewford,249,TOP
dewford,250,COVERED
dewford,251,COVERED
dewford,252,COVERED
dewford,253,COVERED
dewford,254,COVERED
dewford,255,TOP
dewford,256,TOP
dewford,257,COVERED
dewford,258,COVERED
dewford,259,COVERED
dewford,260,COVERED
dewford,261,COVERED
dewford,262,TOP
dewford,263,COVERED
dewford,264,TOP
dewford,265,COVERED
dewford,266,COVERED
dewford,267,COVERED
dewford,268,COVERED
dewford,269,COVERED
dewford,270,COVERED
dewford,271,COVERED
dewford,272,COVERED
dewford,273,COVERED
dewford,274,COVERED
dewford,275,COVERED
dewford,276,COVERED
dewford,277,COVERED
dewford,278,COVERED
dewford,279,COVERED
dewford,280,COVERED
dewford,281,COVERED
dewford,282,COVERED
dewford,283,COVERED
dewford,284,COVERED
dewford,285,COVERED
dewford,286,COVERED
dewford,287,COVERED
dewford,288,COVERED
dewford,289,COVERED
dewford,290,COVERED
dewford,291,COVERED
dewford,292,COVERED
dewford,293,COVERED
dewford,294,COVERED
dewford,295,COVERED
dewford,296,TOP
dewford,297,TOP
dewford,298,TOP
dewford,299,TOP
dewford,300,TOP
dewford,301,TOP
dewford,302,TOP
dewford,303,TOP
dewford,304,TOP
dewford,305,TOP
dewford,306,TOP
dewford,307,TOP
dewford,308,COVERED
dewford,309,COVERED
dewford,310,TOP
dewford,311,TOP
dewford,312,COVERED
dewford,313,COVERED
dewford,314,COVERED
dewford,315,TOP
dewford,316,COVERED
dewford,317,COVERED
dewford,318,TOP
dewford,319,TOP
dewford,320,TOP
dewford,321,TOP
dewford,322,TOP
dewford,323,COVERED
dewford,324,COVERED
dewford,325,COVERED
dewford,326,COVERED
dewford,327,COVERED
dewford,328,TOP
dewford,329,COVERED
dewford,330,COVERED
dewford,331,COVERED
dewford,332,COVERED
dewford,333,COVERED
dewford,334,COVERED
dewford,335,COVERED
dewford,336,TOP
dewford,337,COVERED
dewford,338,TOP
dewford,339,TOP
dewford,340,TOP
dewford,341,TOP
dewford,342,TOP
dewford,343,COVERED
dewford,344,COVERED
dewford,345,TOP
dewford,346,TOP
dewford,347,TOP
dewford,348,TOP
dewford,349,TOP
dewford,350,TOP
dewford,351,TOP
dewford,352,COVERED
dewford,353,TOP
dewford,354,TOP
dewford,355,TOP
dewford,356,TOP
dewford,357,TOP
dewford,358,TOP
dewford,359,TOP
dewford,360,COVERED
dewford,361,TOP
dewford,362,TOP
dewford,363,TOP
dewford,364,TOP
dewford,365,TOP
dewford,366,TOP
dewford,367,TOP
dewford,368,COVERED
dewford,369,TOP
dewford,370,TOP
dewford,371,TOP
dewford,372,TOP
dewford,373,TOP
dewford,374,TOP
dewford,375,TOP
dewford,376,COVERED
dewford,377,COVERED
dewford,378,COVERED
twinleaf_player,0,COVERED
twinleaf_player,1,COVERED
twinleaf_player,2,COVERED
twinleaf_player,3,COVERED
twinleaf_player,4,COVERED
twinleaf_player,5,COVERED
twinleaf_player,6,COVERED
twinleaf_player,7,COVERED
twinleaf_player,8,COVERED
twinleaf_player,9,COVERED
twinleaf_player,10,COVERED
twinleaf_player,11,COVERED
twinleaf_player,12,COVERED
twinleaf_player,13,COVERED
twinleaf_player,14,COVERED
twinleaf_player,15,COVERED
twinleaf_player,16,COVERED
twinleaf_player,17,COVERED
twinleaf_player,18,COVERED
twinleaf_player,19,COVERED
twinleaf_player,20,COVERED
twinleaf_player,21,COVERED
twinleaf_player,22,COVERED
twinleaf_player,23,COVERED
twinleaf_player,24,COVERED
twinleaf_player,25,COVERED
twinleaf_player,26,COVERED
twinleaf_player,27,COVERED
twinleaf_player,28,COVERED
twinleaf_player,29,COVERED
twinleaf_player,30,COVERED
twinleaf_player,31,COVERED
twinleaf_player,32,COVERED
twinleaf_player,33,COVERED
twinleaf_player,34,COVERED
twinleaf_player,35,COVERED
twinleaf_player,36,COVERED
twinleaf_player,37,COVERED
twinleaf_player,38,COVERED
twinleaf_player,39,COVERED
twinleaf_player,40,COVERED
twinleaf_player,41,COVERED
twinleaf_player,42,COVERED
twinleaf_player,43,COVERED
twinleaf_player,44,COVERED
twinleaf_player,45,COVERED
twinleaf_player,46,COVERED
twinleaf_player,47,COVERED
twinleaf_player,48,COVERED
twinleaf_player,49,COVERED
twinleaf_player,50,COVERED
twinleaf_player,51,COVERED
twinleaf_player,52,COVERED
twinleaf_player,53,COVERED
twinleaf_player,54,COVERED
twinleaf_player,55,COVERED
twinleaf_player,56,COVERED
twinleaf_player,57,COVERED
twinleaf_player,58,COVERED
twinleaf_player,59,COVERED
twinleaf_player,60,COVERED
twinleaf_player,61,COVERED
twinleaf_player,62,COVERED
twinleaf_player,63,COVERED
twinleaf_player,64,COVERED
twinleaf_player,65,COVERED
twinleaf_player,66,COVERED
twinleaf_player,67,COVERED
twinleaf_player,68,COVERED
twinleaf_player,69,COVERED
twinleaf_player,70,COVERED
twinleaf_player,71,COVERED
twinleaf_player,72,COVERED
twinleaf_player,73,COVERED
twinleaf_player,74,COVERED
twinleaf_player,75,COVERED
twinleaf_player,76,COVERED
twinleaf_player,77,COVERED
twinleaf_player,78,COVERED
twinleaf_player,79,COVERED
twinleaf_player,80,COVERED
twinleaf_player,81,COVERED
twinleaf_player,82,COVERED
twinleaf_player,83,COVERED
twinleaf_player,84,COVERED
twinleaf_player,85,COVERED
twinleaf_player,86,COVERED
twinleaf_player,87,COVERED
twinleaf_player,88,COVERED
twinleaf_player,89,COVERED
twinleaf_player,90,COVERED
twinleaf_player,91,COVERED
twinleaf_player,92,COVERED
twinleaf_player,93,COVERED
twinleaf_player,94,COVERED
twinleaf_player,95,COVERED
twinleaf_player,96,COVERED
twinleaf_player,97,COVERED
twinleaf_player,98,COVERED
twinleaf_player,99,COVERED
twinleaf_player,100,COVERED
twinleaf_player,101,COVERED
twinleaf_player,102,COVERED
twinleaf_player,103,COVERED
twinleaf_player,104,COVERED
twinleaf_player,105,COVERED
twinleaf_player,106,COVERED
twinleaf_player,107,COVERED
twinleaf_player,108,COVERED
twinleaf_player,109,COVERED
twinleaf_player,110,COVERED
twinleaf_player,111,COVERED
twinleaf_player,112,COVERED
twinleaf_player,113,COVERED
twinleaf_player,114,COVERED
twinleaf_player,115,COVERED
twinleaf_player,116,COVERED
twinleaf_player,117,COVERED
twinleaf_player,118,COVERED
twinleaf_player,119,COVERED
twinleaf_player,120,COVERED
twinleaf_player,121,COVERED
twinleaf_player,122,COVERED
twinleaf_player,123,COVERED
twinleaf_player,124,COVERED
twinleaf_player,125,COVERED
twinleaf_player,126,COVERED
twinleaf_player,127,COVERED
rusturf_tunnel,0,TOP
rusturf_tunnel,1,TOP
rusturf_tunnel,2,TOP
rusturf_tunnel,3,COVERED
rusturf_tunnel,4,COVERED
rusturf_tunnel,5,COVERED
rusturf_tunnel,6,COVERED
rusturf_tunnel,7,TOP
rusturf_tunnel,8,COVERED
rusturf_tunnel,9,COVERED
rusturf_tunnel,10,COVERED
rusturf_tunnel,11,TOP
rusturf_tunnel,12,TOP
rusturf_tunnel,13,TOP
rusturf_tunnel,14,TOP
rusturf_tunnel,15,TOP
rusturf_tunnel,16,COVERED
rusturf_tunnel,17,COVERED
rusturf_tunnel,18,COVERED
rusturf_tunnel,19,TOP
rusturf_tunnel,20,TOP
rusturf_tunnel,21,TOP
rusturf_tunnel,22,COVERED
rusturf_tunnel,23,COVERED
rusturf_tunnel,24,COVERED
rusturf_tunnel,25,COVERED
rusturf_tunnel,26,COVERED
rusturf_tunnel,27,COVERED
rusturf_tunnel,28,COVERED
rusturf_tunnel,29,TOP
rusturf_tunnel,30,TOP
rusturf_tunnel,31,TOP
rusturf_tunnel,32,COVERED
rusturf_tunnel,33,COVERED
rusturf_tunnel,34,COVERED
rusturf_tunnel,35,COVERED
rusturf_tunnel,36,COVERED
rusturf_tunnel,37,COVERED
rusturf_tunnel,38,COVERED
rusturf_tunnel,39,TOP
rusturf_tunnel,40,TOP
rusturf_tunnel,41,TOP
rusturf_tunnel,42,TOP
rusturf_tunnel,43,TOP
rusturf_tunnel,44,TOP
rusturf_tunnel,45,TOP
rusturf_tunnel,46,TOP
rusturf_tunnel,47,TOP
rusturf_tunnel,48,TOP
rusturf_tunnel,49,TOP
rusturf_tunnel,50,TOP
rusturf_tunnel,51,COVERED
rusturf_tunnel,52,COVERED
rusturf_tunnel,53,TOP
rusturf_tunnel,54,TOP
rusturf_tunnel,55,TOP
rusturf_tunnel,56,COVERED
rusturf_tunnel,57,COVERED
rusturf_tunnel,58,TOP
rusturf_tunnel,59,TOP
rusturf_tunnel,60,COVERED
rusturf_tunnel,61,TOP
rusturf_tunnel,62,TOP
rusturf_tunnel,63,TOP
rusturf_tunnel,64,COVERED
rusturf_tunnel,65,COVERED
rusturf_tunnel,66,TOP
rusturf_tunnel,67,TOP
rusturf_tunnel,68,TOP
rusturf_tunnel,69,TOP
rusturf_tunnel,70,TOP
rusturf_tunnel,71,TOP
rusturf_tunnel,72,COVERED
rusturf_tunnel,73,COVERED
rusturf_tunnel,74,TOP
rusturf_tunnel,75,TOP
rusturf_tunnel,76,TOP
rusturf_tunnel,77,TOP
rusturf_tunnel,78,TOP
rusturf_tunnel,79,TOP
rusturf_tunnel,80,TOP
rusturf_tunnel,81,TOP
rusturf_tunnel,82,TOP
oreburgh_mine,0,COVERED
oreburgh_mine,1,COVERED
oreburgh_mine,2,COVERED
oreburgh_mine,3,COVERED
oreburgh_mine,4,COVERED
oreburgh_mine,5,COVERED
oreburgh_mine,6,COVERED
oreburgh_mine,7,COVERED
oreburgh_mine,8,COVERED
oreburgh_mine,9,COVERED
oreburgh_mine,10,COVERED
oreburgh_mine,11,TOP
oreburgh_mine,12,TOP
oreburgh_mine,13,NORMAL
oreburgh_mine,14,COVERED
oreburgh_mine,15,COVERED
oreburgh_mine,16,COVERED
oreburgh_mine,17,COVERED
oreburgh_mine,18,COVERED
oreburgh_mine,19,TOP
oreburgh_mine,20,TOP
oreburgh_mine,21,COVERED
oreburgh_mine,22,COVERED
oreburgh_mine,23,COVERED
oreburgh_mine,24,COVERED
oreburgh_mine,25,COVERED
oreburgh_mine,26,COVERED
oreburgh_mine,27,COVERED
oreburgh_mine,28,TOP
oreburgh_mine,29,COVERED
oreburgh_mine,30,COVERED
oreburgh_mine,31,COVERED
oreburgh_mine,32,COVERED
oreburgh_mine,33,COVERED
oreburgh_mine,34,COVERED
oreburgh_mine,35,COVERED
oreburgh_mine,36,TOP
oreburgh_mine,37,TOP
oreburgh_mine,38,SPLIT
oreburgh_mine,39,SPLIT
oreburgh_mine,40,NORMAL
oreburgh_mine,41,COVERED
oreburgh_mine,42,COVERED
oreburgh_mine,43,COVERED
oreburgh_mine,44,COVERED
oreburgh_mine,45,COVERED
oreburgh_mine,46,COVERED
oreburgh_mine,47,COVERED
oreburgh_mine,48,SPLIT
oreburgh_mine,49,COVERED
oreburgh_mine,50,COVERED
oreburgh_mine,51,COVERED
oreburgh_mine,52,COVERED
oreburgh_mine,53,COVERED
oreburgh_mine,54,COVERED
oreburgh_mine,55,COVERED
oreburgh_mine,56,SPLIT
oreburgh_mine,57,COVERED
oreburgh_mine,58,COVERED
oreburgh_mine,59,COVERED
oreburgh_mine,60,COVERED
oreburgh_mine,61,COVERED
oreburgh_mine,62,NORMAL
oreburgh_mine,63,COVERED
oreburgh_mine,64,COVERED
oreburgh_mine,65,SPLIT
oreburgh_mine,66,SPLIT
oreburgh_mine,67,SPLIT
oreburgh_mine,68,SPLIT
oreburgh_mine,69,SPLIT
oreburgh_mine,70,COVERED
oreburgh_mine,71,COVERED
oreburgh_mine,72,SPLIT
oreburgh_mine,73,TOP
oreburgh_mine,74,TOP
oreburgh_mine,75,TOP
oreburgh_mine,76,TOP
oreburgh_mine,77,TOP
oreburgh_mine,78,COVERED
oreburgh_mine,79,COVERED
oreburgh_mine,80,TOP
oreburgh_mine,81,TOP
oreburgh_mine,82,TOP
oreburgh_mine,83,TOP
oreburgh_mine,84,TOP
oreburgh_mine,85,TOP
oreburgh_mine,86,COVERED
oreburgh_mine,87,COVERED
oreburgh_mine,88,TOP
oreburgh_mine,89,TOP
oreburgh_mine,90,TOP
oreburgh_mine,91,TOP
oreburgh_mine,92,TOP
oreburgh_mine,93,TOP
oreburgh_mine,94,COVERED
oreburgh_mine,95,COVERED
oreburgh_mine,96,TOP
oreburgh_mine,97,TOP
oreburgh_mine,98,TOP
oreburgh_mine,99,TOP
oreburgh_mine,100,TOP
oreburgh_mine,101,TOP
oreburgh_mine,102,COVERED
oreburgh_mine,103,COVERED
oreburgh_mine,104,COVERED
oreburgh_mine,105,TOP
oreburgh_mine,106,TOP
oreburgh_mine,107,TOP
oreburgh_mine,108,TOP
oreburgh_mine,109,TOP
oreburgh_mine,110,COVERED
oreburgh_mine,111,COVERED
oreburgh_mine,112,COVERED
oreburgh_mine,113,TOP
oreburgh_mine,114,TOP
oreburgh_mine,115,TOP
oreburgh_mine,116,TOP
oreburgh_mine,117,TOP
oreburgh_mine,118,COVERED
oreburgh_mine,119,COVERED
oreburgh_mine,120,COVERED
oreburgh_mine,121,TOP
oreburgh_mine,122,TOP
oreburgh_mine,123,TOP
oreburgh_mine,124,TOP
oreburgh_mine,125,TOP
oreburgh_mine,126,COVERED
oreburgh_mine,127,COVERED
oreburgh_mine,128,SPLIT
oreburgh_mine,129,SPLIT
oreburgh_mine,130,SPLIT
oreburgh_mine,131,SPLIT
oreburgh_mine,132,SPLIT
oreburgh_mine,133,SPLIT
oreburgh_mine,134,COVERED
oreburgh_mine,135,COVERED
oreburgh_mine,136,TOP
oreburgh_mine,137,TOP
oreburgh_mine,138,TOP
oreburgh_mine,139,TOP
oreburgh_mine,140,TOP
oreburgh_mine,141,TOP
oreburgh_mine,142,COVERED
oreburgh_mine,143,COVERED
oreburgh_mine,144,TOP
oreburgh_mine,145,TOP
oreburgh_mine,146,TOP
oreburgh_mine,147,TOP
oreburgh_mine,148,TOP
oreburgh_mine,149,TOP
oreburgh_mine,150,COVERED
oreburgh_mine,151,COVERED
oreburgh_mine,152,TOP
oreburgh_mine,153,TOP
oreburgh_mine,154,TOP
oreburgh_mine,155,TOP
oreburgh_mine,156,TOP
oreburgh_mine,157,TOP
oreburgh_mine,158,COVERED
oreburgh_mine,159,COVERED
oreburgh_mine,160,TOP
oreburgh_mine,161,TOP
oreburgh_mine,162,TOP
oreburgh_mine,163,TOP
oreburgh_mine,164,TOP
oreburgh_mine,165,TOP
oreburgh_mine,166,COVERED
oreburgh_mine,167,COVERED
oreburgh_mine,168,TOP
oreburgh_mine,169,TOP
oreburgh_mine,170,TOP
oreburgh_mine,171,TOP
oreburgh_mine,172,TOP
oreburgh_mine,173,TOP
oreburgh_mine,174,COVERED
oreburgh_mine,175,COVERED
oreburgh_mine,176,TOP
oreburgh_mine,177,TOP
oreburgh_mine,178,TOP
oreburgh_mine,179,TOP
oreburgh_mine,180,TOP
oreburgh_mine,181,TOP
oreburgh_mine,182,COVERED
oreburgh_mine,183,COVERED
oreburgh_mine,184,TOP
oreburgh_mine,185,TOP
oreburgh_mine,186,TOP
oreburgh_mine,187,TOP
oreburgh_mine,188,TOP
oreburgh_mine,189,TOP
oreburgh_mine,190,COVERED
oreburgh_mine,191,COVERED
oreburgh_mine,192,SPLIT
oreburgh_mine,193,SPLIT
oreburgh_mine,194,SPLIT
oreburgh_mine,195,SPLIT
oreburgh_mine,196,SPLIT
oreburgh_mine,197,SPLIT
oreburgh_mine,198,COVERED
oreburgh_mine,199,COVERED
oreburgh_mine,200,TOP
oreburgh_mine,201,TOP
oreburgh_mine,202,TOP
oreburgh_mine,203,TOP
oreburgh_mine,204,TOP
oreburgh_mine,205,TOP
oreburgh_mine,206,COVERED
oreburgh_mine,207,COVERED
oreburgh_mine,208,TOP
oreburgh_mine,209,TOP
oreburgh_mine,210,TOP
oreburgh_mine,211,TOP
oreburgh_mine,212,TOP
oreburgh_mine,213,TOP
oreburgh_mine,214,COVERED
oreburgh_mine,215,COVERED
oreburgh_mine,216,TOP
oreburgh_mine,217,TOP
oreburgh_mine,218,TOP
oreburgh_mine,219,TOP
oreburgh_mine,220,TOP
oreburgh_mine,221,TOP
oreburgh_mine,222,COVERED
oreburgh_mine,223,COVERED
oreburgh_mine,224,TOP
oreburgh_mine,225,TOP
oreburgh_mine,226,TOP
oreburgh_mine,227,TOP
oreburgh_mine,228,TOP
oreburgh_mine,229,TOP
oreburgh_mine,230,COVERED
oreburgh_mine,231,COVERED
oreburgh_mine,232,TOP
oreburgh_mine,233,TOP
oreburgh_mine,234,TOP
oreburgh_mine,235,TOP
oreburgh_mine,236,TOP
oreburgh_mine,237,TOP
oreburgh_mine,238,COVERED
oreburgh_mine,239,COVERED
oreburgh_mine,240,TOP
oreburgh_mine,241,TOP
oreburgh_mine,242,TOP
oreburgh_mine,243,TOP
oreburgh_mine,244,TOP
oreburgh_mine,245,TOP
oreburgh_mine,246,COVERED
oreburgh_mine,247,COVERED
oreburgh_mine,248,TOP
oreburgh_mine,249,TOP
oreburgh_mine,250,TOP
oreburgh_mine,251,TOP
oreburgh_mine,252,TOP
oreburgh_mine,253,TOP
oreburgh_mine,254,COVERED
oreburgh_mine,255,COVERED
oreburgh_north,0,COVERED
oreburgh_north,1,SPLIT
oreburgh_north,2,SPLIT
oreburgh_north,3,SPLIT
oreburgh_north,4,COVERED
oreburgh_north,5,NORMAL
oreburgh_north,6,SPLIT
oreburgh_north,7,SPLIT
oreburgh_north,8,SPLIT
oreburgh_north,9,TOP
oreburgh_north,10,TOP
oreburgh_north,11,TOP
oreburgh_north,12,SPLIT
oreburgh_north,13,NORMAL
oreburgh_north,14,COVERED
oreburgh_north,15,COVERED
oreburgh_north,16,TOP
oreburgh_north,17,TOP
oreburgh_north,18,TOP
oreburgh_north,19,TOP
oreburgh_north,20,TOP
oreburgh_north,21,TOP
oreburgh_north,22,COVERED
oreburgh_north,23,COVERED
oreburgh_north,24,NORMAL
oreburgh_north,25,TOP
oreburgh_north,26,TOP
oreburgh_north,27,TOP
oreburgh_north,28,NORMAL
oreburgh_north,29,COVERED
oreburgh_north,30,NORMAL
oreburgh_north,31,NORMAL
oreburgh_north,32,COVERED
oreburgh_north,33,COVERED
oreburgh_north,34,TOP
oreburgh_north,35,COVERED
oreburgh_north,36,COVERED
oreburgh_north,37,COVERED
oreburgh_north,38,COVERED
oreburgh_north,39,COVERED
oreburgh_north,40,COVERED
oreburgh_north,41,COVERED
oreburgh_north,42,COVERED
oreburgh_north,43,COVERED
oreburgh_north,44,COVERED
oreburgh_north,45,COVERED
oreburgh_north,46,COVERED
oreburgh_north,47,COVERED
oreburgh_north,48,SPLIT
oreburgh_north,49,SPLIT
oreburgh_north,50,SPLIT
oreburgh_north,51,SPLIT
oreburgh_north,52,COVERED
oreburgh_north,53,COVERED
oreburgh_north,54,COVERED
oreburgh_north,55,COVERED
oreburgh_north,56,SPLIT
oreburgh_north,57,TOP
oreburgh_north,58,TOP
oreburgh_north,59,SPLIT
oreburgh_north,60,COVERED
oreburgh_north,61,COVERED
oreburgh_north,62,COVERED
oreburgh_north,63,COVERED
oreburgh_north,64,NORMAL
oreburgh_north,65,TOP
oreburgh_north,66,TOP
oreburgh_north,67,NORMAL
oreburgh_north,68,SPLIT
oreburgh_north,69,COVERED
oreburgh_north,70,COVERED
oreburgh_north,71,COVERED
oreburgh_north,72,COVERED
oreburgh_north,73,COVERED
oreburgh_north,74,TOP
oreburgh_north,75,COVERED
oreburgh_north,76,COVERED
oreburgh_north,77,COVERED
oreburgh_north,78,COVERED
oreburgh_north,79,COVERED
oreburgh_north,80,COVERED
oreburgh_north,81,COVERED
oreburgh_north,82,COVERED
oreburgh_north,83,COVERED
oreburgh_north,84,COVERED
oreburgh_north,85,COVERED
oreburgh_north,86,COVERED
oreburgh_north,87,COVERED
oreburgh_north,88,SPLIT
oreburgh_north,89,SPLIT
oreburgh_north,90,SPLIT
oreburgh_north,91,SPLIT
oreburgh_north,92,SPLIT
oreburgh_north,93,SPLIT
oreburgh_north,94,SPLIT
oreburgh_north,95,COVERED
oreburgh_north,96,TOP
oreburgh_north,97,TOP
oreburgh_north,98,TOP
oreburgh_north,99,TOP
oreburgh_north,100,TOP
oreburgh_north,101,TOP
oreburgh_north,102,TOP
oreburgh_north,103,COVERED
oreburgh_north,104,TOP
oreburgh_north,105,TOP
oreburgh_north,106,TOP
oreburgh_north,107,TOP
oreburgh_north,108,TOP
oreburgh_north,109,TOP
oreburgh_north,110,TOP
oreburgh_north,111,COVERED
oreburgh_north,112,COVERED
oreburgh_north,113,COVERED
oreburgh_north,114,NORMAL
oreburgh_north,115,TOP
oreburgh_north,116,NORMAL
oreburgh_north,117,COVERED
oreburgh_north,118,COVERED
oreburgh_north,119,COVERED
oreburgh_north,120,COVERED
oreburgh_north,121,TOP
oreburgh_north,122,NORMAL
oreburgh_north,123,TOP
oreburgh_north,124,NORMAL
oreburgh_north,125,TOP
oreburgh_north,126,COVERED
oreburgh_north,127,COVERED
oreburgh_north,128,COVERED
oreburgh_north,129,COVERED
oreburgh_north,130,COVERED
oreburgh_north,131,COVERED
oreburgh_north,132,COVERED
oreburgh_north,133,COVERED
oreburgh_north,134,COVERED
oreburgh_north,135,COVERED
oreburgh_north,136,SPLIT
oreburgh_north,137,TOP
oreburgh_north,138,TOP
oreburgh_north,139,SPLIT
oreburgh_north,140,COVERED
oreburgh_north,141,COVERED
oreburgh_north,142,COVERED
oreburgh_north,143,SPLIT
oreburgh_north,144,NORMAL
oreburgh_north,145,TOP
oreburgh_north,146,TOP
oreburgh_north,147,NORMAL
oreburgh_north,148,COVERED
oreburgh_north,149,COVERED
oreburgh_north,150,NORMAL
oreburgh_north,151,COVERED
oreburgh_north,152,COVERED
oreburgh_north,153,TOP
oreburgh_north,154,COVERED
oreburgh_north,155,COVERED
oreburgh_north,156,NORMAL
oreburgh_north,157,TOP
oreburgh_north,158,TOP
oreburgh_north,159,SPLIT
oreburgh_north,160,COVERED
oreburgh_north,161,COVERED
oreburgh_north,162,COVERED
oreburgh_north,163,COVERED
oreburgh_north,164,SPLIT
oreburgh_north,165,SPLIT
oreburgh_north,166,TOP
oreburgh_north,167,NORMAL
oreburgh_north,168,TOP
oreburgh_north,169,NORMAL
oreburgh_north,170,NORMAL
oreburgh_north,171,NORMAL
oreburgh_north,172,TOP
oreburgh_north,173,COVERED
oreburgh_north,174,COVERED
oreburgh_north,175,COVERED
oreburgh_north,176,TOP
oreburgh_north,177,SPLIT
oreburgh_north,178,NORMAL
oreburgh_north,179,NORMAL
oreburgh_north,180,TOP
oreburgh_north,181,COVERED
oreburgh_north,182,COVERED
oreburgh_north,183,COVERED
oreburgh_north,184,NORMAL
oreburgh_north,185,NORMAL
oreburgh_north,186,NORMAL
oreburgh_north,187,NORMAL
oreburgh_north,188,COVERED
oreburgh_north,189,COVERED
oreburgh_north,190,COVERED
oreburgh_north,191,COVERED
oreburgh_north,192,COVERED
oreburgh_north,193,NORMAL
oreburgh_north,194,NORMAL
oreburgh_north,195,NORMAL
oreburgh_north,196,COVERED
oreburgh_north,197,COVERED
oreburgh_north,198,COVERED
oreburgh_north,199,COVERED
oreburgh_north,200,COVERED
oreburgh_north,201,NORMAL
oreburgh_north,202,NORMAL
oreburgh_north,203,NORMAL
oreburgh_north,204,COVERED
oreburgh_north,205,COVERED
oreburgh_north,206,COVERED
oreburgh_north,207,COVERED
oreburgh_north,208,COVERED
oreburgh_north,209,COVERED
oreburgh_north,210,COVERED
oreburgh_north,211,COVERED
oreburgh_north,212,COVERED
oreburgh_north,213,COVERED
oreburgh_north,214,COVERED
oreburgh_north,215,COVERED
oreburgh_north,216,COVERED
oreburgh_north,217,COVERED
oreburgh_north,218,COVERED
oreburgh_north,219,COVERED
oreburgh_north,220,COVERED
oreburgh_north,221,COVERED
oreburgh_north,222,COVERED
oreburgh_north,223,COVERED
oreburgh_north,224,COVERED
oreburgh_north,225,COVERED
oreburgh_north,226,COVERED
oreburgh_north,227,COVERED
oreburgh_north,228,COVERED
oreburgh_north,229,COVERED
oreburgh_north,230,COVERED
oreburgh_north,231,COVERED
oreburgh_north,232,COVERED
oreburgh_north,233,COVERED
oreburgh_north,234,COVERED
oreburgh_north,235,COVERED
oreburgh_north,236,COVERED
oreburgh_north,237,COVERED
oreburgh_north,238,COVERED
oreburgh_north,239,COVERED
oreburgh_north,240,COVERED
oreburgh_north,241,COVERED
oreburgh_north,242,COVERED
oreburgh_north,243,COVERED
oreburgh_north,244,COVERED
oreburgh_north,245,COVERED
oreburgh_north,246,COVERED
oreburgh_north,247,COVERED
oreburgh_north,248,COVERED
oreburgh_north,249,COVERED
oreburgh_north,250,COVERED
oreburgh_north,251,COVERED
oreburgh_north,252,COVERED
oreburgh_north,253,COVERED
oreburgh_north,254,COVERED
oreburgh_north,255,COVERED
inside_ship,0,TOP
inside_ship,1,TOP
inside_ship,2,TOP
inside_ship,3,TOP
inside_ship,4,TOP
inside_ship,5,TOP
inside_ship,6,TOP
inside_ship,7,TOP
inside_ship,8,COVERED
inside_ship,9,COVERED
inside_ship,10,TOP
inside_ship,11,COVERED
inside_ship,12,COVERED
inside_ship,13,TOP
inside_ship,14,COVERED
inside_ship,15,COVERED
inside_ship,16,TOP
inside_ship,17,TOP
inside_ship,18,TOP
inside_ship,19,COVERED
inside_ship,20,COVERED
inside_ship,21,COVERED
inside_ship,22,COVERED
inside_ship,23,COVERED
inside_ship,24,TOP
inside_ship,25,TOP
inside_ship,26,TOP
inside_ship,27,TOP
inside_ship,28,TOP
inside_ship,29,TOP
inside_ship,30,COVERED
inside_ship,31,COVERED
inside_ship,32,TOP
inside_ship,33,TOP
inside_ship,34,TOP
inside_ship,35,TOP
inside_ship,36,TOP
inside_ship,37,TOP
inside_ship,38,TOP
inside_ship,39,TOP
inside_ship,40,TOP
inside_ship,41,TOP
inside_ship,42,TOP
inside_ship,43,TOP
inside_ship,44,TOP
inside_ship,45,TOP
inside_ship,46,TOP
inside_ship,47,TOP
inside_ship,48,TOP
inside_ship,49,TOP
inside_ship,50,TOP
inside_ship,51,TOP
inside_ship,52,TOP
inside_ship,53,COVERED
inside_ship,54,TOP
inside_ship,55,TOP
inside_ship,56,TOP
inside_ship,57,TOP
inside_ship,58,TOP
inside_ship,59,TOP
inside_ship,60,TOP
inside_ship,61,TOP
inside_ship,62,TOP
inside_ship,63,TOP
inside_ship,64,TOP
inside_ship,65,COVERED
inside_ship,66,COVERED
inside_ship,67,COVERED
inside_ship,68,COVERED
inside_ship,69,TOP
inside_ship,70,TOP
inside_ship,71,TOP
inside_ship,72,COVERED
inside_ship,73,COVERED
inside_ship,74,COVERED
inside_ship,75,COVERED
inside_ship,76,COVERED
inside_ship,77,COVERED
inside_ship,78,COVERED
inside_ship,79,COVERED
inside_ship,80,COVERED
inside_ship,81,COVERED
inside_ship,82,TOP
inside_ship,83,TOP
inside_ship,84,COVERED
inside_ship,85,COVERED
inside_ship,86,COVERED
inside_ship,87,COVERED
inside_ship,88,COVERED
inside_ship,89,COVERED
inside_ship,90,TOP
inside_ship,91,TOP
inside_ship,92,COVERED
inside_ship,93,COVERED
inside_ship,94,COVERED
inside_ship,95,COVERED
inside_ship,96,COVERED
inside_ship,97,COVERED
inside_ship,98,COVERED
inside_ship,99,TOP
inside_ship,100,COVERED
inside_ship,101,COVERED
inside_ship,102,COVERED
inside_ship,103,COVERED
inside_ship,104,COVERED
inside_ship,105,COVERED
inside_ship,106,COVERED
inside_ship,107,COVERED
inside_ship,108,COVERED
inside_ship,109,COVERED
inside_ship,110,COVERED
inside_ship,111,COVERED
inside_ship,112,COVERED
inside_ship,113,COVERED
inside_ship,114,COVERED
inside_ship,115,COVERED
inside_ship,116,COVERED
inside_ship,117,COVERED
inside_ship,118,COVERED
inside_ship,119,COVERED
inside_ship,120,COVERED
inside_ship,121,COVERED
inside_ship,122,COVERED
inside_ship,123,TOP
inside_ship,124,COVERED
inside_ship,125,COVERED
inside_ship,126,COVERED
inside_ship,127,COVERED
inside_ship,128,COVERED
inside_ship,129,COVERED
inside_ship,130,COVERED
inside_ship,131,COVERED
inside_ship,132,COVERED
inside_ship,133,COVERED
inside_ship,134,COVERED
inside_ship,135,COVERED
inside_ship,136,COVERED
inside_ship,137,COVERED
inside_ship,138,COVERED
inside_ship,139,COVERED
inside_ship,140,TOP
inside_ship,141,TOP
inside_ship,142,TOP
inside_ship,143,TOP
inside_ship,144,COVERED
inside_ship,145,TOP
inside_ship,146,TOP
inside_ship,147,COVERED
inside_ship,148,COVERED
inside_ship,149,COVERED
inside_ship,150,COVERED
inside_ship,151,TOP
inside_ship,152,COVERED
inside_ship,153,COVERED
inside_ship,154,COVERED
inside_ship,155,COVERED
inside_ship,156,COVERED
inside_ship,157,COVERED
inside_ship,158,COVERED
inside_ship,159,COVERED
inside_ship,160,COVERED
inside_ship,161,COVERED
inside_ship,162,COVERED
inside_ship,163,COVERED
inside_ship,164,TOP
inside_ship,165,TOP
inside_ship,166,COVERED
inside_ship,167,COVERED
inside_ship,168,COVERED
inside_ship,169,COVERED
inside_ship,170,COVERED
inside_ship,171,COVERED
inside_ship,172,COVERED
inside_ship,173,COVERED
inside_ship,174,COVERED
inside_ship,175,COVERED
inside_ship,176,COVERED
inside_ship,177,COVERED
inside_ship,178,COVERED
inside_ship,179,COVERED
inside_ship,180,TOP
inside_ship,181,TOP
inside_ship,182,COVERED
inside_ship,183,COVERED
inside_ship,184,COVERED
inside_ship,185,COVERED
inside_ship,186,TOP
inside_ship,187,TOP
inside_ship,188,TOP
inside_ship,189,TOP
inside_ship,190,TOP
inside_ship,191,TOP
inside_ship,192,COVERED
inside_ship,193,COVERED
inside_ship,194,TOP
inside_ship,195,TOP
inside_ship,196,TOP
inside_ship,197,TOP
inside_ship,198,TOP
inside_ship,199,COVERED
inside_ship,200,COVERED
inside_ship,201,TOP
inside_ship,202,COVERED
inside_ship,203,COVERED
inside_ship,204,COVERED
inside_ship,205,COVERED
inside_ship,206,COVERED
inside_ship,207,TOP
inside_ship,208,COVERED
inside_ship,209,COVERED
inside_ship,210,COVERED
inside_ship,211,COVERED
inside_ship,212,COVERED
inside_ship,213,COVERED
inside_ship,214,COVERED
inside_ship,215,COVERED
inside_ship,216,COVERED
inside_ship,217,COVERED
inside_ship,218,COVERED
inside_ship,219,COVERED
inside_ship,220,TOP
inside_ship,221,COVERED
inside_ship,222,COVERED
inside_ship,223,COVERED
inside_ship,224,TOP
inside_ship,225,TOP
inside_ship,226,TOP
inside_ship,227,TOP
inside_ship,228,TOP
inside_ship,229,TOP
inside_ship,230,TOP
inside_ship,231,TOP
inside_ship,232,TOP
inside_ship,233,TOP
inside_ship,234,TOP
inside_ship,235,TOP
inside_ship,236,TOP
inside_ship,237,TOP
inside_ship,238,TOP
inside_ship,239,TOP
inside_ship,240,COVERED
inside_ship,241,COVERED
inside_ship,242,COVERED
inside_ship,243,COVERED
inside_ship,244,COVERED
inside_ship,245,COVERED
inside_ship,246,TOP
inside_ship,247,TOP
inside_ship,248,TOP
inside_ship,249,TOP
inside_ship,250,COVERED
inside_ship,251,COVERED
mauville_gym,0,COVERED
mauville_gym,1,TOP
mauville_gym,2,TOP
mauville_gym,3,TOP
mauville_gym,4,TOP
mauville_gym,5,COVERED
mauville_gym,6,COVERED
mauville_gym,7,TOP
mauville_gym,8,COVERED
mauville_gym,9,TOP
mauville_gym,10,TOP
mauville_gym,11,TOP
mauville_gym,12,TOP
mauville_gym,13,TOP
mauville_gym,14,COVERED
mauville_gym,15,TOP
mauville_gym,16,TOP
mauville_gym,17,TOP
mauville_gym,18,TOP
mauville_gym,19,TOP
mauville_gym,20,COVERED
mauville_gym,21,COVERED
mauville_gym,22,TOP
mauville_gym,23,COVERED
mauville_gym,24,COVERED
mauville_gym,25,COVERED
mauville_gym,26,TOP
mauville_gym,27,COVERED
mauville_gym,28,COVERED
mauville_gym,29,COVERED
mauville_gym,30,COVERED
mauville_gym,31,COVERED
mauville_gym,32,TOP
mauville_gym,33,TOP
mauville_gym,34,TOP
mauville_gym,35,TOP
mauville_gym,36,COVERED
mauville_gym,37,COVERED
mauville_gym,38,COVERED
mauville_gym,39,COVERED
mauville_gym,40,COVERED
mauville_gym,41,COVERED
mauville_gym,42,COVERED
mauville_gym,43,COVERED
mauville_gym,44,COVERED
mauville_gym,45,COVERED
mauville_gym,46,COVERED
mauville_gym,47,COVERED
mauville_gym,48,TOP
mauville_gym,49,TOP
mauville_gym,50,TOP
mauville_gym,51,TOP
mauville_gym,52,TOP
mauville_gym,53,TOP
mauville_gym,54,TOP
mauville_gym,55,TOP
mauville_gym,56,TOP
mauville_gym,57,TOP
mauville_gym,58,TOP
mauville_gym,59,TOP
mauville_gym,60,TOP
mauville_gym,61,TOP
mauville_gym,62,COVERED
mauville_gym,63,COVERED
mauville_gym,64,TOP
mauville_gym,65,TOP
mauville_gym,66,COVERED
mauville_gym,67,COVERED
mauville_gym,68,TOP
mauville_gym,69,COVERED
mauville_gym,70,COVERED
mauville_gym,71,COVERED
mauville_gym,72,TOP
mauville_gym,73,TOP
mauville_gym,74,COVERED
mauville_gym,75,COVERED
mauville_gym,76,COVERED
mauville_gym,77,COVERED
mauville_gym,78,COVERED
mauville_gym,79,TOP
mauville_gym,80,TOP
mauville_gym,81,TOP
mauville_gym,82,COVERED
mauville_gym,83,COVERED
mauville_gym,84,COVERED
mauville_gym,85,COVERED
mauville_gym,86,COVERED
mauville_gym,87,COVERED
mauville_gym,88,COVERED
mauville_gym,89,COVERED
mauville_gym,90,COVERED
mauville_gym,91,COVERED
mauville_gym,92,COVERED
mauville_gym,93,COVERED
mauville_gym,94,COVERED
mauville_gym,95,COVERED
mauville_gym,96,COVERED
mauville_gym,97,COVERED
mauville_gym,98,COVERED
mauville_gym,99,COVERED
mauville_gym,100,COVERED
mauville_gym,101,COVERED
mauville_gym,102,COVERED
mauville_gym,103,COVERED
mauville_gym,104,TOP
mauville_gym,105,TOP
mauville_gym,106,TOP
mauville_gym,107,TOP
mauville_gym,108,TOP
mauville_gym,109,COVERED
mauville_gym,110,COVERED
mauville_gym,111,COVERED
mauville_gym,112,COVERED
mauville_gym,113,COVERED
mauville_gym,114,TOP
mauville_gym,115,TOP
mauville_gym,116,TOP
twinleaf,0,TOP
twinleaf,1,TOP
twinleaf,2,TOP
twinleaf,3,SPLIT
twinleaf,4,COVERED
twinleaf,5,COVERED
twinleaf,6,COVERED
twinleaf,7,COVERED
twinleaf,8,TOP
twinleaf,9,SPLIT
twinleaf,10,SPLIT
twinleaf,11,SPLIT
twinleaf,12,SPLIT
twinleaf,13,SPLIT
twinleaf,14,COVERED
twinleaf,15,COVERED
twinleaf,16,SPLIT
twinleaf,17,SPLIT
twinleaf,18,TOP
twinleaf,19,TOP
twinleaf,20,TOP
twinleaf,21,SPLIT
twinleaf,22,SPLIT
twinleaf,23,SPLIT
twinleaf,24,SPLIT
twinleaf,25,TOP
twinleaf,26,TOP
twinleaf,27,TOP
twinleaf,28,TOP
twinleaf,29,TOP
twinleaf,30,SPLIT
twinleaf,31,COVERED
twinleaf,32,SPLIT
twinleaf,33,TOP
twinleaf,34,TOP
twinleaf,35,TOP
twinleaf,36,TOP
twinleaf,37,TOP
twinleaf,38,SPLIT
twinleaf,39,COVERED
twinleaf,40,SPLIT
twinleaf,41,TOP
twinleaf,42,TOP
twinleaf,43,TOP
twinleaf,44,TOP
twinleaf,45,TOP
twinleaf,46,SPLIT
twinleaf,47,COVERED
twinleaf,48,COVERED
twinleaf,49,TOP
twinleaf,50,COVERED
twinleaf,51,TOP
twinleaf,52,TOP
twinleaf,53,TOP
twinleaf,54,COVERED
twinleaf,55,SPLIT
twinleaf,56,COVERED
twinleaf,57,COVERED
twinleaf,58,COVERED
twinleaf,59,COVERED
twinleaf,60,COVERED
twinleaf,61,COVERED
twinleaf,62,COVERED
twinleaf,63,COVERED
twinleaf,64,COVERED
twinleaf,65,SPLIT
twinleaf,66,SPLIT
twinleaf,67,SPLIT
twinleaf,68,SPLIT
twinleaf,69,COVERED
twinleaf,70,SPLIT
twinleaf,71,SPLIT
twinleaf,72,SPLIT
twinleaf,73,SPLIT
twinleaf,74,TOP
twinleaf,75,TOP
twinleaf,76,SPLIT
twinleaf,77,SPLIT
twinleaf,78,COVERED
twinleaf,79,COVERED
twinleaf,80,SPLIT
twinleaf,81,TOP
twinleaf,82,TOP
twinleaf,83,TOP
twinleaf,84,TOP
twinleaf,85,SPLIT
twinleaf,86,NORMAL
twinleaf,87,NORMAL
twinleaf,88,SPLIT
twinleaf,89,TOP
twinleaf,90,TOP
twinleaf,91,TOP
twinleaf,92,TOP
twinleaf,93,SPLIT
twinleaf,94,NORMAL
twinleaf,95,NORMAL
twinleaf,96,COVERED
twinleaf,97,COVERED
twinleaf,98,COVERED
twinleaf,99,TOP
twinleaf,100,COVERED
twinleaf,101,COVERED
twinleaf,102,COVERED
twinleaf,103,COVERED
twinleaf,104,COVERED
twinleaf,105,COVERED
twinleaf,106,COVERED
twinleaf,107,COVERED
twinleaf,108,COVERED
twinleaf,109,COVERED
twinleaf,110,COVERED
twinleaf,111,COVERED
twinleaf,112,COVERED
twinleaf,113,COVERED
twinleaf,114,COVERED
twinleaf,115,COVERED
twinleaf,116,NORMAL
twinleaf,117,NORMAL
twinleaf,118,COVERED
twinleaf,119,COVERED
twinleaf,120,NORMAL
twinleaf,121,NORMAL
twinleaf,122,NORMAL
twinleaf,123,NORMAL
twinleaf,124,COVERED
twinleaf,125,COVERED
twinleaf,126,COVERED
twinleaf,127,COVERED
oceanic_museum,0,COVERED
oceanic_museum,1,TOP
oceanic_museum,2,TOP
oceanic_museum,3,TOP
oceanic_museum,4,TOP
oceanic_museum,5,TOP
oceanic_museum,6,TOP
oceanic_museum,7,TOP
oceanic_museum,8,COVERED
oceanic_museum,9,COVERED
oceanic_museum,10,TOP
oceanic_museum,11,TOP
oceanic_museum,12,TOP
oceanic_museum,13,TOP
oceanic_museum,14,TOP
oceanic_museum,15,TOP
oceanic_museum,16,COVERED
oceanic_museum,17,COVERED
oceanic_museum,18,TOP
oceanic_museum,19,TOP
oceanic_museum,20,TOP
oceanic_museum,21,TOP
oceanic_museum,22,TOP
oceanic_museum,23,TOP
oceanic_museum,24,COVERED
oceanic_museum,25,COVERED
oceanic_museum,26,TOP
oceanic_museum,27,TOP
oceanic_museum,28,TOP
oceanic_museum,29,TOP
oceanic_museum,30,TOP
oceanic_museum,31,TOP
oceanic_museum,32,TOP
oceanic_museum,33,TOP
oceanic_museum,34,TOP
oceanic_museum,35,TOP
oceanic_museum,36,TOP
oceanic_museum,37,COVERED
oceanic_museum,38,TOP
oceanic_museum,39,TOP
oceanic_museum,40,COVERED
oceanic_museum,41,COVERED
oceanic_museum,42,COVERED
oceanic_museum,43,COVERED
oceanic_museum,44,COVERED
oceanic_museum,45,COVERED
oceanic_museum,46,TOP
oceanic_museum,47,TOP
oceanic_museum,48,COVERED
oceanic_museum,49,COVERED
oceanic_museum,50,COVERED
oceanic_museum,51,COVERED
oceanic_museum,52,COVERED
oceanic_museum,53,COVERED
oceanic_museum,54,COVERED
oceanic_museum,55,COVERED
oceanic_museum,56,COVERED
oceanic_museum,57,COVERED
oceanic_museum,58,COVERED
oceanic_museum,59,COVERED
oceanic_museum,60,COVERED
oceanic_museum,61,TOP
oceanic_museum,62,COVERED
oceanic_museum,63,COVERED
oceanic_museum,64,COVERED
oceanic_museum,65,TOP
oceanic_museum,66,COVERED
oceanic_museum,67,TOP
oceanic_museum,68,TOP
oceanic_museum,69,TOP
oceanic_museum,70,TOP
oceanic_museum,71,TOP
oceanic_museum,72,COVERED
oceanic_museum,73,COVERED
oceanic_museum,74,COVERED
oceanic_museum,75,TOP
oceanic_museum,76,COVERED
oceanic_museum,77,TOP
oceanic_museum,78,TOP
oceanic_museum,79,TOP
oceanic_museum,80,TOP
oceanic_museum,81,TOP
oceanic_museum,82,TOP
oceanic_museum,83,TOP
oceanic_museum,84,TOP
oceanic_museum,85,COVERED
oceanic_museum,86,COVERED
oceanic_museum,87,TOP
oceanic_museum,88,TOP
oceanic_museum,89,COVERED
oceanic_museum,90,COVERED
oceanic_museum,91,COVERED
oceanic_museum,92,COVERED
oceanic_museum,93,TOP
oceanic_museum,94,TOP
oceanic_museum,95,TOP
oceanic_museum,96,COVERED
oceanic_museum,97,TOP
oceanic_museum,98,TOP
oceanic_museum,99,TOP
oceanic_museum,100,TOP
oceanic_museum,101,COVERED
oceanic_museum,102,COVERED
oceanic_museum,103,COVERED
oceanic_museum,104,TOP
oceanic_museum,105,TOP
oceanic_museum,106,TOP
oceanic_museum,107,COVERED
oceanic_museum,108,COVERED
oceanic_museum,109,COVERED
oceanic_museum,110,COVERED
oceanic_museum,111,COVERED
oceanic_museum,112,COVERED
oceanic_museum,113,COVERED
oceanic_museum,114,COVERED
oceanic_museum,115,COVERED
oceanic_museum,116,COVERED
oceanic_museum,117,COVERED
oceanic_museum,118,COVERED
oceanic_museum,119,COVERED
oceanic_museum,120,COVERED
oceanic_museum,121,COVERED
route_207,0,COVERED
route_207,1,NORMAL
route_207,2,SPLIT
route_207,3,SPLIT
route_207,4,COVERED
route_207,5,COVERED
route_207,6,COVERED
route_207,7,COVERED
route_207,8,COVERED
route_207,9,COVERED
route_207,10,COVERED
route_207,11,COVERED
route_207,12,COVERED
route_207,13,COVERED
route_207,14,TOP
route_207,15,COVERED
route_207,16,COVERED
route_207,17,COVERED
route_207,18,COVERED
route_207,19,COVERED
route_207,20,COVERED
route_207,21,COVERED
route_207,22,COVERED
route_207,23,COVERED
route_207,24,COVERED
route_207,25,TOP
route_207,26,TOP
route_207,27,COVERED
route_207,28,COVERED
route_207,29,COVERED
route_207,30,COVERED
route_207,31,COVERED
route_207,32,TOP
route_207,33,COVERED
route_207,34,COVERED
route_207,35,COVERED
route_207,36,COVERED
route_207,37,COVERED
route_207,38,TOP
route_207,39,COVERED
route_207,40,COVERED
route_207,41,COVERED
route_207,42,NORMAL
route_207,43,SPLIT
route_207,44,COVERED
route_207,45,COVERED
route_207,46,COVERED
route_207,47,COVERED
route_207,48,COVERED
route_207,49,COVERED
route_207,50,COVERED
route_207,51,COVERED
route_207,52,COVERED
route_207,53,COVERED
route_207,54,COVERED
route_207,55,COVERED
route_207,56,COVERED
route_207,57,COVERED
route_207,58,COVERED
route_207,59,COVERED
route_207,60,COVERED
route_207,61,COVERED
route_207,62,COVERED
route_207,63,COVERED
route_207,64,COVERED
route_207,65,COVERED
route_207,66,COVERED
route_207,67,COVERED
route_207,68,COVERED
route_207,69,COVERED
route_207,70,COVERED
route_207,71,COVERED
route_207,72,COVERED
route_207,73,COVERED
route_207,74,COVERED
route_207,75,COVERED
route_207,76,COVERED
route_207,77,COVERED
route_207,78,COVERED
route_207,79,COVERED
route_207,80,COVERED
route_207,81,COVERED
route_207,82,COVERED
route_207,83,COVERED
route_207,84,COVERED
route_207,85,COVERED
route_207,86,COVERED
route_207,87,COVERED
route_207,88,COVERED
route_207,89,COVERED
route_207,90,COVERED
route_207,91,COVERED
route_207,92,COVERED
route_207,93,COVERED
route_207,94,COVERED
route_207,95,COVERED
route_207,96,COVERED
route_207,97,COVERED
route_207,98,COVERED
route_207,99,COVERED
route_207,100,COVERED
route_207,101,COVERED
route_207,102,COVERED
route_207,103,COVERED
route_207,104,COVERED
route_207,105,COVERED
route_207,106,COVERED
route_207,107,COVERED
route_207,108,COVERED
route_207,109,COVERED
route_207,110,COVERED
route_207,111,COVERED
route_207,112,COVERED
route_207,113,COVERED
route_207,114,COVERED
route_207,115,COVERED
route_207,116,COVERED
route_207,117,COVERED
route_207,118,COVERED
route_207,119,COVERED
route_207,120,COVERED
route_207,121,COVERED
route_207,122,COVERED
route_207,123,COVERED
route_207,124,COVERED
route_207,125,COVERED
route_207,126,COVERED
route_207,127,COVERED
twinleaf_living,0,COVERED
twinleaf_living,1,COVERED
twinleaf_living,2,COVERED
twinleaf_living,3,COVERED
twinleaf_living,4,COVERED
twinleaf_living,5,COVERED
twinleaf_living,6,COVERED
twinleaf_living,7,COVERED
twinleaf_living,8,TOP
twinleaf_living,9,COVERED
twinleaf_living,10,COVERED
twinleaf_living,11,COVERED
twinleaf_living,12,COVERED
twinleaf_living,13,TOP
twinleaf_living,14,TOP
twinleaf_living,15,COVERED
twinleaf_living,16,COVERED
twinleaf_living,17,COVERED
twinleaf_living,18,COVERED
twinleaf_living,19,COVERED
twinleaf_living,20,COVERED
twinleaf_living,21,TOP
twinleaf_living,22,TOP
twinleaf_living,23,COVERED
twinleaf_living,24,COVERED
twinleaf_living,25,COVERED
twinleaf_living,26,COVERED
twinleaf_living,27,COVERED
twinleaf_living,28,COVERED
twinleaf_living,29,COVERED
twinleaf_living,30,COVERED
twinleaf_living,31,COVERED
twinleaf_living,32,COVERED
twinleaf_living,33,COVERED
twinleaf_living,34,COVERED
twinleaf_living,35,SPLIT
twinleaf_living,36,SPLIT
twinleaf_living,37,SPLIT
twinleaf_living,38,SPLIT
twinleaf_living,39,SPLIT
twinleaf_living,40,COVERED
twinleaf_living,41,COVERED
twinleaf_living,42,COVERED
twinleaf_living,43,COVERED
twinleaf_living,44,COVERED
twinleaf_living,45,COVERED
twinleaf_living,46,COVERED
twinleaf_living,47,COVERED
twinleaf_living,48,COVERED
twinleaf_living,49,COVERED
twinleaf_living,50,COVERED
twinleaf_living,51,COVERED
twinleaf_living,52,COVERED
twinleaf_living,53,COVERED
twinleaf_living,54,COVERED
twinleaf_living,55,COVERED
twinleaf_living,56,COVERED
twinleaf_living,57,COVERED
twinleaf_living,58,COVERED
twinleaf_living,59,COVERED
twinleaf_living,60,COVERED
twinleaf_living,61,COVERED
twinleaf_living,62,COVERED
twinleaf_living,63,COVERED
twinleaf_living,64,COVERED
twinleaf_living,65,COVERED
twinleaf_living,66,COVERED
twinleaf_living,67,COVERED
twinleaf_living,68,COVERED
twinleaf_living,69,COVERED
twinleaf_living,70,COVERED
twinleaf_living,71,COVERED
twinleaf_living,72,COVERED
twinleaf_living,73,COVERED
twinleaf_living,74,COVERED
twinleaf_living,75,COVERED
twinleaf_living,76,COVERED
twinleaf_living,77,COVERED
twinleaf_living,78,COVERED
twinleaf_living,79,COVERED
twinleaf_living,80,COVERED
twinleaf_living,81,COVERED
twinleaf_living,82,COVERED
twinleaf_living,83,COVERED
twinleaf_living,84,COVERED
twinleaf_living,85,COVERED
twinleaf_living,86,COVERED
twinleaf_living,87,COVERED
twinleaf_living,88,COVERED
twinleaf_living,89,COVERED
twinleaf_living,90,COVERED
twinleaf_living,91,COVERED
twinleaf_living,92,COVERED
twinleaf_living,93,COVERED
twinleaf_living,94,COVERED
twinleaf_living,95,COVERED
twinleaf_living,96,COVERED
twinleaf_living,97,COVERED
twinleaf_living,98,COVERED
twinleaf_living,99,COVERED
twinleaf_living,100,COVERED
twinleaf_living,101,COVERED
twinleaf_living,102,COVERED
twinleaf_living,103,COVERED
twinleaf_living,104,COVERED
twinleaf_living,105,COVERED
twinleaf_living,106,COVERED
twinleaf_living,107,COVERED
twinleaf_living,108,COVERED
twinleaf_living,109,COVERED
twinleaf_living,110,COVERED
twinleaf_living,111,COVERED
twinleaf_living,112,COVERED
twinleaf_living,113,COVERED
twinleaf_living,114,COVERED
twinleaf_living,115,COVERED
twinleaf_living,116,COVERED
twinleaf_living,117,COVERED
twinleaf_living,118,COVERED
twinleaf_living,119,COVERED
twinleaf_living,120,COVERED
twinleaf_living,121,COVERED
twinleaf_living,122,COVERED
twinleaf_living,123,COVERED
twinleaf_living,124,COVERED
twinleaf_living,125,COVERED
twinleaf_living,126,COVERED
twinleaf_living,127,COVERED
seashore_house,0,COVERED
seashore_house,1,COVERED
seashore_house,2,COVERED
seashore_house,3,COVERED
seashore_house,4,COVERED
seashore_house,5,COVERED
seashore_house,6,COVERED
seashore_house,7,COVERED
seashore_house,8,TOP
seashore_house,9,TOP
seashore_house,10,TOP
seashore_house,11,TOP
seashore_house,12,TOP
seashore_house,13,TOP
seashore_house,14,COVERED
seashore_house,15,COVERED
seashore_house,16,COVERED
seashore_house,17,TOP
seashore_house,18,COVERED
seashore_house,19,TOP
seashore_house,20,TOP
seashore_house,21,TOP
seashore_house,22,TOP
seashore_house,23,TOP
seashore_house,24,COVERED
seashore_house,25,COVERED
seashore_house,26,TOP
seashore_house,27,TOP
seashore_house,28,TOP
seashore_house,29,TOP
seashore_house,30,TOP
seashore_house,31,COVERED
seashore_house,32,COVERED
seashore_house,33,COVERED
seashore_house,34,TOP
seashore_house,35,TOP
seashore_house,36,TOP
seashore_house,37,TOP
seashore_house,38,TOP
seashore_house,39,COVERED
seashore_house,40,COVERED
seashore_house,41,COVERED
seashore_house,42,TOP
seashore_house,43,TOP
seashore_house,44,TOP
seashore_house,45,TOP
seashore_house,46,COVERED
seashore_house,47,COVERED
seashore_house,48,COVERED
seashore_house,49,COVERED
seashore_house,50,COVERED
seashore_house,51,COVERED
seashore_house,52,COVERED
seashore_house,53,COVERED
seashore_house,54,COVERED
seashore_house,55,COVERED
battle_frontier_ranking_hall,0,COVERED
battle_frontier_ranking_hall,1,COVERED
battle_frontier_ranking_hall,2,TOP
battle_frontier_ranking_hall,3,TOP
battle_frontier_ranking_hall,4,TOP
battle_frontier_ranking_hall,5,TOP
battle_frontier_ranking_hall,6,COVERED
battle_frontier_ranking_hall,7,TOP
battle_frontier_ranking_hall,8,COVERED
battle_frontier_ranking_hall,9,COVERED
battle_frontier_ranking_hall,10,TOP
battle_frontier_ranking_hall,11,TOP
battle_frontier_ranking_hall,12,TOP
battle_frontier_ranking_hall,13,TOP
battle_frontier_ranking_hall,14,COVERED
battle_frontier_ranking_hall,15,COVERED
battle_frontier_ranking_hall,16,TOP
battle_frontier_ranking_hall,17,TOP
battle_frontier_ranking_hall,18,COVERED
battle_frontier_ranking_hall,19,COVERED
battle_frontier_ranking_hall,20,COVERED
battle_frontier_ranking_hall,21,COVERED
battle_frontier_ranking_hall,22,COVERED
battle_frontier_ranking_hall,23,COVERED
battle_frontier_ranking_hall,24,COVERED
battle_frontier_ranking_hall,25,COVERED
battle_frontier_ranking_hall,26,COVERED
battle_frontier_ranking_hall,27,COVERED
battle_frontier_ranking_hall,28,COVERED
battle_frontier_ranking_hall,29,COVERED
battle_frontier_ranking_hall,30,COVERED
battle_frontier_ranking_hall,31,COVERED
battle_frontier_ranking_hall,32,COVERED
battle_frontier_ranking_hall,33,COVERED
battle_frontier_ranking_hall,34,COVERED
battle_frontier_ranking_hall,35,COVERED
battle_frontier_ranking_hall,36,COVERED
battle_frontier_ranking_hall,37,COVERED
battle_frontier_ranking_hall,38,COVERED
battle_frontier_ranking_hall,39,COVERED
battle_frontier_ranking_hall,40,COVERED
battle_frontier_ranking_hall,41,COVERED
battle_frontier_ranking_hall,42,COVERED
battle_frontier_ranking_hall,43,COVERED
battle_frontier_ranking_hall,44,COVERED
battle_frontier_ranking_hall,45,COVERED
battle_frontier_ranking_hall,46,COVERED
battle_frontier_ranking_hall,47,COVERED
battle_frontier_ranking_hall,48,COVERED
battle_frontier_ranking_hall,49,COVERED
battle_frontier_ranking_hall,50,COVERED
battle_frontier_ranking_hall,51,COVERED
battle_frontier_ranking_hall,52,COVERED
battle_frontier_ranking_hall,53,COVERED
battle_frontier_ranking_hall,54,COVERED
battle_frontier_ranking_hall,55,COVERED
battle_frontier_ranking_hall,56,COVERED
battle_frontier_ranking_hall,57,COVERED
battle_frontier_ranking_hall,58,COVERED
battle_frontier_ranking_hall,59,COVERED
battle_frontier_ranking_hall,60,COVERED
battle_frontier_ranking_hall,61,COVERED
battle_frontier_ranking_hall,62,COVERED
battle_frontier_ranking_hall,63,COVERED
battle_frontier_ranking_hall,64,COVERED
battle_frontier_ranking_hall,65,COVERED
battle_frontier_ranking_hall,66,COVERED
battle_frontier_ranking_hall,67,COVERED
battle_frontier_ranking_hall,68,COVERED
battle_frontier_ranking_hall,69,COVERED
battle_frontier_ranking_hall,70,COVERED
battle_frontier_ranking_hall,71,COVERED
battle_frontier_ranking_hall,72,COVERED
battle_frontier_ranking_hall,73,COVERED
battle_frontier_ranking_hall,74,COVERED
battle_frontier_ranking_hall,75,TOP
battle_frontier_ranking_hall,76,TOP
battle_frontier_ranking_hall,77,TOP
battle_frontier_ranking_hall,78,COVERED
battle_frontier_ranking_hall,79,COVERED
battle_frontier_ranking_hall,80,COVERED
battle_frontier_ranking_hall,81,COVERED
battle_frontier_ranking_hall,82,COVERED
battle_frontier_ranking_hall,83,COVERED
battle_frontier_ranking_hall,84,COVERED
battle_frontier_ranking_hall,85,COVERED
battle_frontier_ranking_hall,86,COVERED
battle_frontier_ranking_hall,87,COVERED
battle_frontier_ranking_hall,88,COVERED
battle_frontier_ranking_hall,89,COVERED
battle_frontier_ranking_hall,90,COVERED
battle_frontier_ranking_hall,91,COVERED
battle_frontier_ranking_hall,92,COVERED
battle_frontier_ranking_hall,93,COVERED
route_205_north,0,COVERED
route_205_north,1,NORMAL
route_205_north,2,NORMAL
route_205_north,3,NORMAL
route_205_north,4,NORMAL
route_205_north,5,NORMAL
route_205_north,6,NORMAL
route_205_north,7,NORMAL
route_205_north,8,SPLIT
route_205_north,9,NORMAL
route_205_north,10,SPLIT
route_205_north,11,SPLIT
route_205_north,12,SPLIT
route_205_north,13,TOP
route_205_north,14,TOP
route_205_north,15,SPLIT
route_205_north,16,NORMAL
route_205_north,17,NORMAL
route_205_north,18,COVERED
route_205_north,19,TOP
route_205_north,20,NORMAL
route_205_north,21,COVERED
route_205_north,22,COVERED
route_205_north,23,NORMAL
route_205_north,24,COVERED
route_205_north,25,COVERED
route_205_north,26,COVERED
route_205_north,27,COVERED
route_205_north,28,COVERED
route_205_north,29,COVERED
route_205_north,30,COVERED
route_205_north,31,COVERED
route_205_north,32,COVERED
route_205_north,33,COVERED
route_205_north,34,COVERED
route_205_north,35,COVERED
route_205_north,36,COVERED
route_205_north,37,COVERED
route_205_north,38,COVERED
route_205_north,39,COVERED
route_205_north,40,COVERED
route_205_north,41,COVERED
route_205_north,42,COVERED
route_205_north,43,COVERED
route_205_north,44,COVERED
route_205_north,45,COVERED
route_205_north,46,COVERED
route_205_north,47,COVERED
route_205_north,48,COVERED
route_205_north,49,COVERED
route_205_north,50,COVERED
route_205_north,51,COVERED
route_205_north,52,COVERED
route_205_north,53,COVERED
route_205_north,54,NORMAL
route_205_north,55,NORMAL
route_205_north,56,COVERED
route_205_north,57,COVERED
route_205_north,58,COVERED
route_205_north,59,NORMAL
route_205_north,60,NORMAL
route_205_north,61,NORMAL
route_205_north,62,NORMAL
route_205_north,63,NORMAL
route_205_north,64,NORMAL
route_205_north,65,NORMAL
route_205_north,66,COVERED
route_205_north,67,COVERED
route_205_north,68,COVERED
route_205_north,69,COVERED
route_205_north,70,COVERED
route_205_north,71,COVERED
route_205_north,72,NORMAL
route_205_north,73,NORMAL
route_205_north,74,NORMAL
route_205_north,75,NORMAL
route_205_north,76,NORMAL
route_205_north,77,COVERED
route_205_north,78,COVERED
route_205_north,79,COVERED
route_205_north,80,COVERED
route_205_north,81,COVERED
route_205_north,82,COVERED
route_205_north,83,COVERED
route_205_north,84,COVERED
route_205_north,85,NORMAL
route_205_north,86,COVERED
route_205_north,87,NORMAL
route_205_north,88,COVERED
route_205_north,89,TOP
route_205_north,90,COVERED
route_205_north,91,COVERED
route_205_north,92,COVERED
route_205_north,93,NORMAL
route_205_north,94,COVERED
route_205_north,95,COVERED
route_205_north,96,COVERED
route_205_north,97,COVERED
route_205_north,98,COVERED
route_205_north,99,NORMAL
route_205_north,100,NORMAL
route_205_north,101,NORMAL
route_205_north,102,COVERED
route_205_north,103,COVERED
route_205_north,104,COVERED
route_205_north,105,COVERED
route_205_north,106,COVERED
route_205_north,107,COVERED
route_205_north,108,COVERED
route_205_north,109,COVERED
route_205_north,110,COVERED
route_205_north,111,COVERED
route_205_north,112,COVERED
route_205_north,113,COVERED
route_205_north,114,COVERED
route_205_north,115,COVERED
route_205_north,116,COVERED
route_205_north,117,COVERED
route_205_north,118,COVERED
route_205_north,119,COVERED
route_205_north,120,COVERED
route_205_north,121,COVERED
route_205_north,122,COVERED
route_205_north,123,COVERED
route_205_north,124,COVERED
route_205_north,125,COVERED
route_205_north,126,COVERED
route_205_north,127,COVERED
route_205_north,128,COVERED
route_205_north,129,COVERED
route_205_north,130,COVERED
route_205_north,131,COVERED
route_205_north,132,COVERED
route_205_north,133,COVERED
route_205_north,134,COVERED
route_205_north,135,COVERED
route_205_north,136,COVERED
route_205_north,137,COVERED
route_205_north,138,COVERED
route_205_north,139,COVERED
route_205_north,140,COVERED
route_205_north,141,COVERED
route_205_north,142,COVERED
route_205_north,143,COVERED
route_205_north,144,COVERED
route_205_north,145,COVERED
route_205_north,146,COVERED
route_205_north,147,COVERED
route_205_north,148,COVERED
route_205_north,149,COVERED
route_205_north,150,COVERED
route_205_north,151,COVERED
route_205_north,152,COVERED
route_205_north,153,COVERED
route_205_north,154,COVERED
route_205_north,155,COVERED
route_205_north,156,COVERED
route_205_north,157,COVERED
route_205_north,158,COVERED
route_205_north,159,COVERED
route_205_north,160,COVERED
route_205_north,161,COVERED
route_205_north,162,COVERED
route_205_north,163,COVERED
route_205_north,164,COVERED
route_205_north,165,COVERED
route_205_north,166,COVERED
route_205_north,167,COVERED
route_205_north,168,COVERED
route_205_north,169,COVERED
route_205_north,170,COVERED
route_205_north,171,COVERED
route_205_north,172,COVERED
route_205_north,173,COVERED
route_205_north,174,COVERED
route_205_north,175,COVERED
route_205_north,176,COVERED
route_205_north,177,COVERED
route_205_north,178,COVERED
route_205_north,179,COVERED
route_205_north,180,COVERED
route_205_north,181,COVERED
route_205_north,182,COVERED
route_205_north,183,COVERED
route_205_north,184,COVERED
route_205_north,185,COVERED
route_205_north,186,COVERED
route_205_north,187,COVERED
route_205_north,188,COVERED
route_205_north,189,COVERED
route_205_north,190,COVERED
route_205_north,191,COVERED
route_205_north,192,COVERED
route_205_north,193,COVERED
route_205_north,194,COVERED
route_205_north,195,COVERED
route_205_north,196,COVERED
route_205_north,197,COVERED
route_205_north,198,COVERED
route_205_north,199,COVERED
route_205_north,200,COVERED
route_205_north,201,COVERED
route_205_north,202,COVERED
route_205_north,203,COVERED
route_205_north,204,COVERED
route_205_north,205,COVERED
route_205_north,206,COVERED
route_205_north,207,COVERED
route_205_north,208,COVERED
route_205_north,209,COVERED
route_205_north,210,COVERED
route_205_north,211,COVERED
route_205_north,212,COVERED
route_205_north,213,COVERED
route_205_north,214,COVERED
route_205_north,215,COVERED
route_205_north,216,COVERED
route_205_north,217,COVERED
route_205_north,218,COVERED
route_205_north,219,COVERED
route_205_north,220,COVERED
route_205_north,221,COVERED
route_205_north,222,COVERED
route_205_north,223,COVERED
route_205_north,224,COVERED
route_205_north,225,COVERED
route_205_north,226,COVERED
route_205_north,227,COVERED
route_205_north,228,COVERED
route_205_north,229,COVERED
route_205_north,230,COVERED
route_205_north,231,COVERED
route_205_north,232,COVERED
route_205_north,233,COVERED
route_205_north,234,COVERED
route_205_north,235,COVERED
route_205_north,236,COVERED
route_205_north,237,COVERED
route_205_north,238,COVERED
route_205_north,239,COVERED
route_205_north,240,COVERED
route_205_north,241,COVERED
route_205_north,242,COVERED
route_205_north,243,COVERED
route_205_north,244,COVERED
route_205_north,245,COVERED
route_205_north,246,COVERED
route_205_north,247,COVERED
route_205_north,248,COVERED
route_205_north,249,COVERED
route_205_north,250,COVERED
route_205_north,251,COVERED
route_205_north,252,COVERED
route_205_north,253,COVERED
route_205_north,254,COVERED
route_205_north,255,COVERED
petalburg_gym,0,COVERED
petalburg_gym,1,TOP
petalburg_gym,2,COVERED
petalburg_gym,3,COVERED
petalburg_gym,4,COVERED
petalburg_gym,5,TOP
petalburg_gym,6,TOP
petalburg_gym,7,COVERED
petalburg_gym,8,TOP
petalburg_gym,9,TOP
petalburg_gym,10,COVERED
petalburg_gym,11,COVERED
petalburg_gym,12,COVERED
petalburg_gym,13,TOP
petalburg_gym,14,TOP
petalburg_gym,15,COVERED
petalburg_gym,16,TOP
petalburg_gym,17,TOP
petalburg_gym,18,TOP
petalburg_gym,19,TOP
petalburg_gym,20,TOP
petalburg_gym,21,TOP
petalburg_gym,22,TOP
petalburg_gym,23,COVERED
petalburg_gym,24,TOP
petalburg_gym,25,TOP
petalburg_gym,26,TOP
petalburg_gym,27,TOP
petalburg_gym,28,TOP
petalburg_gym,29,COVERED
petalburg_gym,30,COVERED
petalburg_gym,31,COVERED
petalburg_gym,32,TOP
petalburg_gym,33,TOP
petalburg_gym,34,TOP
petalburg_gym,35,TOP
petalburg_gym,36,TOP
petalburg_gym,37,TOP
petalburg_gym,38,COVERED
petalburg_gym,39,COVERED
petalburg_gym,40,COVERED
petalburg_gym,41,COVERED
petalburg_gym,42,TOP
petalburg_gym,43,TOP
petalburg_gym,44,TOP
petalburg_gym,45,COVERED
petalburg_gym,46,COVERED
petalburg_gym,47,COVERED
petalburg_gym,48,COVERED
petalburg_gym,49,COVERED
petalburg_gym,50,TOP
petalburg_gym,51,COVERED
petalburg_gym,52,COVERED
petalburg_gym,53,COVERED
petalburg_gym,54,COVERED
petalburg_gym,55,COVERED
petalburg_gym,56,COVERED
petalburg_gym,57,COVERED
petalburg_gym,58,COVERED
petalburg_gym,59,COVERED
petalburg_gym,60,COVERED
petalburg_gym,61,COVERED
petalburg_gym,62,COVERED
petalburg_gym,63,COVERED
petalburg_gym,64,TOP
petalburg_gym,65,TOP
petalburg_gym,66,TOP
petalburg_gym,67,TOP
petalburg_gym,68,TOP
petalburg_gym,69,TOP
petalburg_gym,70,TOP
petalburg_gym,71,TOP
petalburg_gym,72,COVERED
petalburg_gym,73,TOP
petalburg_gym,74,TOP
petalburg_gym,75,TOP
petalburg_gym,76,TOP
petalburg_gym,77,TOP
petalburg_gym,78,TOP
petalburg_gym,79,TOP
petalburg_gym,80,TOP
petalburg_gym,81,TOP
petalburg_gym,82,TOP
petalburg_gym,83,TOP
petalburg_gym,84,TOP
petalburg_gym,85,TOP
petalburg_gym,86,TOP
petalburg_gym,87,TOP
petalburg_gym,88,TOP
petalburg_gym,89,TOP
petalburg_gym,90,TOP
petalburg_gym,91,TOP
petalburg_gym,92,TOP
petalburg_gym,93,TOP
petalburg_gym,94,TOP
petalburg_gym,95,TOP
petalburg_gym,96,COVERED
petalburg_gym,97,COVERED
petalburg_gym,98,COVERED
petalburg_gym,99,COVERED
petalburg_gym,100,COVERED
petalburg_gym,101,COVERED
petalburg_gym,102,COVERED
petalburg_gym,103,COVERED
petalburg_gym,104,TOP
petalburg_gym,105,TOP
petalburg_gym,106,TOP
petalburg_gym,107,TOP
petalburg_gym,108,TOP
petalburg_gym,109,COVERED
petalburg_gym,110,COVERED
petalburg_gym,111,COVERED
petalburg_gym,112,COVERED
petalburg_gym,113,COVERED
petalburg_gym,114,TOP
petalburg_gym,115,TOP
petalburg_gym,116,TOP
petalburg_gym,117,COVERED
petalburg_gym,118,COVERED
petalburg_gym,119,COVERED
petalburg_gym,120,COVERED
petalburg_gym,121,COVERED
petalburg_gym,122,COVERED
petalburg_gym,123,COVERED
petalburg_gym,124,COVERED
petalburg_gym,125,COVERED
petalburg_gym,126,COVERED
petalburg_gym,127,COVERED
petalburg_gym,128,COVERED
petalburg_gym,129,COVERED
petalburg_gym,130,COVERED
petalburg_gym,131,COVERED
petalburg_gym,132,COVERED
petalburg_gym,133,COVERED
petalburg_gym,134,COVERED
petalburg_gym,135,COVERED
petalburg_gym,136,COVERED
petalburg_gym,137,COVERED
petalburg_gym,138,COVERED
petalburg_gym,139,COVERED
petalburg_gym,140,COVERED
petalburg_gym,141,COVERED
petalburg_gym,142,COVERED
petalburg_gym,143,COVERED
petalburg_gym,144,COVERED
petalburg_gym,145,COVERED
petalburg_gym,146,COVERED
petalburg_gym,147,COVERED
petalburg_gym,148,COVERED
petalburg_gym,149,COVERED
petalburg_gym,150,COVERED
petalburg_gym,151,COVERED
petalburg_gym,152,COVERED
petalburg_gym,153,COVERED
petalburg_gym,154,COVERED
petalburg_gym,155,COVERED
petalburg_gym,156,COVERED
petalburg_gym,157,COVERED
petalburg_gym,158,COVERED
petalburg_gym,159,COVERED
petalburg_gym,160,COVERED
petalburg_gym,161,TOP
petalburg_gym,162,TOP
petalburg_gym,163,TOP
petalburg_gym,164,TOP
petalburg_gym,165,TOP
petalburg_gym,166,TOP
petalburg_gym,167,TOP
petalburg_gym,168,COVERED
petalburg_gym,169,TOP
petalburg_gym,170,TOP
petalburg_gym,171,TOP
petalburg_gym,172,TOP
petalburg_gym,173,TOP
petalburg_gym,174,TOP
petalburg_gym,175,TOP
petalburg_gym,176,TOP
petalburg_gym,177,TOP
petalburg_gym,178,TOP
petalburg_gym,179,TOP
petalburg_gym,180,TOP
petalburg_gym,181,TOP
petalburg_gym,182,TOP
petalburg_gym,183,TOP
petalburg_gym,184,TOP
petalburg_gym,185,TOP
petalburg_gym,186,TOP
petalburg_gym,187,TOP
petalburg_gym,188,TOP
petalburg_gym,189,TOP
petalburg_gym,190,TOP
petalburg_gym,191,TOP
petalburg_gym,192,COVERED
petalburg_gym,193,TOP
petalburg_gym,194,TOP
petalburg_gym,195,TOP
petalburg_gym,196,TOP
petalburg_gym,197,TOP
petalburg_gym,198,TOP
petalburg_gym,199,TOP
petalburg_gym,200,COVERED
petalburg_gym,201,TOP
petalburg_gym,202,TOP
petalburg_gym,203,TOP
petalburg_gym,204,TOP
petalburg_gym,205,TOP
petalburg_gym,206,TOP
petalburg_gym,207,TOP
petalburg_gym,208,COVERED
petalburg_gym,209,TOP
petalburg_gym,210,TOP
petalburg_gym,211,TOP
petalburg_gym,212,TOP
petalburg_gym,213,TOP
petalburg_gym,214,TOP
petalburg_gym,215,TOP
petalburg_gym,216,COVERED
petalburg_gym,217,TOP
petalburg_gym,218,TOP
petalburg_gym,219,TOP
petalburg_gym,220,TOP
petalburg_gym,221,TOP
petalburg_gym,222,TOP
petalburg_gym,223,TOP
union_room,0,COVERED
union_room,1,COVERED
union_room,2,COVERED
union_room,3,COVERED
union_room,4,COVERED
union_room,5,COVERED
union_room,6,COVERED
union_room,7,TOP
union_room,8,COVERED
union_room,9,COVERED
union_room,10,COVERED
union_room,11,COVERED
union_room,12,COVERED
union_room,13,TOP
union_room,14,TOP
union_room,15,TOP
union_room,16,TOP
union_room,17,TOP
union_room,18,TOP
union_room,19,TOP
union_room,20,TOP
union_room,21,COVERED
union_room,22,COVERED
union_room,23,COVERED
union_room,24,TOP
union_room,25,TOP
union_room,26,TOP
union_room,27,COVERED
union_room,28,TOP
union_room,29,COVERED
union_room,30,COVERED
union_room,31,COVERED
union_room,32,TOP
union_room,33,TOP
union_room,34,TOP
union_room,35,COVERED
union_room,36,COVERED
union_room,37,COVERED
union_room,38,COVERED
union_room,39,COVERED
union_room,40,COVERED
union_room,41,COVERED
union_room,42,COVERED
union_room,43,COVERED
union_room,44,COVERED
union_room,45,COVERED
union_room,46,COVERED
union_room,47,COVERED
union_room,48,COVERED
sunyshore_house,0,COVERED
sunyshore_house,1,SPLIT
sunyshore_house,2,COVERED
sunyshore_house,3,COVERED
sunyshore_house,4,COVERED
sunyshore_house,5,COVERED
sunyshore_house,6,COVERED
sunyshore_house,7,COVERED
sunyshore_house,8,COVERED
sunyshore_house,9,COVERED
sunyshore_house,10,TOP
sunyshore_house,11,TOP
sunyshore_house,12,COVERED
sunyshore_house,13,COVERED
sunyshore_house,14,COVERED
sunyshore_house,15,COVERED
sunyshore_house,16,COVERED
sunyshore_house,17,COVERED
sunyshore_house,18,COVERED
sunyshore_house,19,COVERED
sunyshore_house,20,COVERED
sunyshore_house,21,COVERED
sunyshore_house,22,COVERED
sunyshore_house,23,COVERED
sunyshore_house,24,COVERED
sunyshore_house,25,COVERED
sunyshore_house,26,COVERED
sunyshore_house,27,COVERED
sunyshore_house,28,COVERED
sunyshore_house,29,COVERED
sunyshore_house,30,COVERED
sunyshore_house,31,COVERED
sunyshore_house,32,COVERED
sunyshore_house,33,COVERED
sunyshore_house,34,COVERED
sunyshore_house,35,COVERED
sunyshore_house,36,COVERED
sunyshore_house,37,COVERED
sunyshore_house,38,COVERED
sunyshore_house,39,COVERED
sunyshore_house,40,COVERED
sunyshore_house,41,COVERED
sunyshore_house,42,COVERED
sunyshore_house,43,COVERED
sunyshore_house,44,COVERED
sunyshore_house,45,COVERED
sunyshore_house,46,COVERED
sunyshore_house,47,COVERED
sunyshore_house,48,COVERED
sunyshore_house,49,COVERED
sunyshore_house,50,COVERED
sunyshore_house,51,COVERED
sunyshore_house,52,COVERED
sunyshore_house,53,COVERED
sunyshore_house,54,COVERED
sunyshore_house,55,COVERED
sunyshore_house,56,COVERED
sunyshore_house,57,COVERED
sunyshore_house,58,COVERED
sunyshore_house,59,COVERED
sunyshore_house,60,COVERED
sunyshore_house,61,COVERED
sunyshore_house,62,COVERED
sunyshore_house,63,COVERED
sunyshore_house,64,COVERED
sunyshore_house,65,COVERED
sunyshore_house,66,COVERED
sunyshore_house,67,COVERED
sunyshore_house,68,COVERED
sunyshore_house,69,COVERED
sunyshore_house,70,COVERED
sunyshore_house,71,COVERED
sunyshore_house,72,COVERED
sunyshore_house,73,COVERED
sunyshore_house,74,COVERED
sunyshore_house,75,COVERED
sunyshore_house,76,COVERED
sunyshore_house,77,COVERED
sunyshore_house,78,COVERED
sunyshore_house,79,COVERED
sunyshore_house,80,COVERED
sunyshore_house,81,COVERED
sunyshore_house,82,COVERED
sunyshore_house,83,COVERED
sunyshore_house,84,COVERED
sunyshore_house,85,COVERED
sunyshore_house,86,COVERED
sunyshore_house,87,COVERED
sunyshore_house,88,COVERED
sunyshore_house,89,COVERED
sunyshore_house,90,COVERED
sunyshore_house,91,COVERED
sunyshore_house,92,COVERED
sunyshore_house,93,COVERED
sunyshore_house,94,COVERED
sunyshore_house,95,COVERED
sunyshore_house,96,COVERED
sunyshore_house,97,COVERED
sunyshore_house,98,COVERED
sunyshore_house,99,COVERED
sunyshore_house,100,COVERED
sunyshore_house,101,COVERED
sunyshore_house,102,COVERED
sunyshore_house,103,COVERED
sunyshore_house,104,COVERED
sunyshore_house,105,COVERED
sunyshore_house,106,COVERED
sunyshore_house,107,COVERED
sunyshore_house,108,COVERED
sunyshore_house,109,COVERED
sunyshore_house,110,COVERED
sunyshore_house,111,COVERED
sunyshore_house,112,COVERED
sunyshore_house,113,COVERED
sunyshore_house,114,COVERED
sunyshore_house,115,COVERED
sunyshore_house,116,COVERED
sunyshore_house,117,COVERED
sunyshore_house,118,COVERED
sunyshore_house,119,COVERED
sunyshore_house,120,COVERED
sunyshore_house,121,COVERED
sunyshore_house,122,COVERED
sunyshore_house,123,COVERED
sunyshore_house,124,COVERED
sunyshore_house,125,COVERED
sunyshore_house,126,COVERED
sunyshore_house,127,COVERED
route_205_south_2,0,COVERED
route_205_south_2,1,COVERED
route_205_south_2,2,COVERED
route_205_south_2,3,COVERED
route_205_south_2,4,NORMAL
route_205_south_2,5,NORMAL
route_205_south_2,6,NORMAL
route_205_south_2,7,COVERED
route_205_south_2,8,COVERED
route_205_south_2,9,COVERED
route_205_south_2,10,COVERED
route_205_south_2,11,COVERED
route_205_south_2,12,NORMAL
route_205_south_2,13,NORMAL
route_205_south_2,14,TOP
route_205_south_2,15,COVERED
route_205_south_2,16,NORMAL
route_205_south_2,17,COVERED
route_205_south_2,18,COVERED
route_205_south_2,19,COVERED
route_205_south_2,20,NORMAL
route_205_south_2,21,NORMAL
route_205_south_2,22,TOP
route_205_south_2,23,COVERED
route_205_south_2,24,NORMAL
route_205_south_2,25,NORMAL
route_205_south_2,26,COVERED
route_205_south_2,27,COVERED
route_205_south_2,28,COVERED
route_205_south_2,29,COVERED
route_205_south_2,30,TOP
route_205_south_2,31,COVERED
route_205_south_2,32,NORMAL
route_205_south_2,33,NORMAL
route_205_south_2,34,SPLIT
route_205_south_2,35,SPLIT
route_205_south_2,36,COVERED
route_205_south_2,37,COVERED
route_205_south_2,38,SPLIT
route_205_south_2,39,COVERED
route_205_south_2,40,TOP
route_205_south_2,41,NORMAL
route_205_south_2,42,TOP
route_205_south_2,43,SPLIT
route_205_south_2,44,SPLIT
route_205_south_2,45,COVERED
route_205_south_2,46,TOP
route_205_south_2,47,COVERED
route_205_south_2,48,TOP
route_205_south_2,49,NORMAL
route_205_south_2,50,NORMAL
route_205_south_2,51,TOP
route_205_south_2,52,SPLIT
route_205_south_2,53,COVERED
route_205_south_2,54,NORMAL
route_205_south_2,55,NORMAL
route_205_south_2,56,TOP
route_205_south_2,57,COVERED
route_205_south_2,58,NORMAL
route_205_south_2,59,NORMAL
route_205_south_2,60,SPLIT
route_205_south_2,61,COVERED
route_205_south_2,62,COVERED
route_205_south_2,63,COVERED
route_205_south_2,64,COVERED
route_205_south_2,65,COVERED
route_205_south_2,66,COVERED
route_205_south_2,67,COVERED
route_205_south_2,68,COVERED
route_205_south_2,69,COVERED
route_205_south_2,70,TOP
route_205_south_2,71,COVERED
route_205_south_2,72,NORMAL
route_205_south_2,73,NORMAL
route_205_south_2,74,COVERED
route_205_south_2,75,COVERED
route_205_south_2,76,COVERED
route_205_south_2,77,COVERED
route_205_south_2,78,COVERED
route_205_south_2,79,COVERED
route_205_south_2,80,SPLIT
route_205_south_2,81,SPLIT
route_205_south_2,82,NORMAL
route_205_south_2,83,NORMAL
route_205_south_2,84,NORMAL
route_205_south_2,85,COVERED
route_205_south_2,86,COVERED
route_205_south_2,87,COVERED
route_205_south_2,88,COVERED
route_205_south_2,89,COVERED
route_205_south_2,90,COVERED
route_205_south_2,91,COVERED
route_205_south_2,92,COVERED
route_205_south_2,93,COVERED
route_205_south_2,94,COVERED
route_205_south_2,95,COVERED
route_205_south_2,96,COVERED
route_205_south_2,97,COVERED
route_205_south_2,98,COVERED
route_205_south_2,99,COVERED
route_205_south_2,100,COVERED
route_205_south_2,101,COVERED
route_205_south_2,102,COVERED
route_205_south_2,103,COVERED
route_205_south_2,104,COVERED
route_205_south_2,105,COVERED
route_205_south_2,106,COVERED
route_205_south_2,107,COVERED
route_205_south_2,108,COVERED
route_205_south_2,109,COVERED
route_205_south_2,110,COVERED
route_205_south_2,111,COVERED
route_205_south_2,112,COVERED
route_205_south_2,113,COVERED
route_205_south_2,114,COVERED
route_205_south_2,115,COVERED
route_205_south_2,116,COVERED
route_205_south_2,117,COVERED
route_205_south_2,118,COVERED
route_205_south_2,119,COVERED
route_205_south_2,120,COVERED
route_205_south_2,121,COVERED
route_205_south_2,122,COVERED
route_205_south_2,123,COVERED
route_205_south_2,124,COVERED
route_205_south_2,125,COVERED
route_205_south_2,126,COVERED
route_205_south_2,127,COVERED
route_205_south_2,128,COVERED
route_205_south_2,129,COVERED
route_205_south_2,130,COVERED
route_205_south_2,131,COVERED
route_205_south_2,132,COVERED
route_205_south_2,133,COVERED
route_205_south_2,134,COVERED
route_205_south_2,135,COVERED
route_205_south_2,136,COVERED
route_205_south_2,137,COVERED
route_205_south_2,138,COVERED
route_205_south_2,139,COVERED
route_205_south_2,140,COVERED
route_205_south_2,141,COVERED
route_205_south_2,142,COVERED
route_205_south_2,143,COVERED
route_205_south_2,144,COVERED
route_205_south_2,145,COVERED
route_205_south_2,146,COVERED
route_205_south_2,147,COVERED
route_205_south_2,148,COVERED
route_205_south_2,149,COVERED
route_205_south_2,150,COVERED
route_205_south_2,151,COVERED
route_205_south_2,152,COVERED
route_205_south_2,153,COVERED
route_205_south_2,154,COVERED
route_205_south_2,155,COVERED
route_205_south_2,156,COVERED
route_205_south_2,157,COVERED
route_205_south_2,158,COVERED
route_205_south_2,159,COVERED
route_205_south_2,160,COVERED
route_205_south_2,161,COVERED
route_205_south_2,162,COVERED
route_205_south_2,163,COVERED
route_205_south_2,164,COVERED
route_205_south_2,165,COVERED
route_205_south_2,166,COVERED
route_205_south_2,167,COVERED
route_205_south_2,168,COVERED
route_205_south_2,169,COVERED
route_205_south_2,170,COVERED
route_205_south_2,171,COVERED
route_205_south_2,172,COVERED
route_205_south_2,173,COVERED
route_205_south_2,174,COVERED
route_205_south_2,175,COVERED
route_205_south_2,176,COVERED
route_205_south_2,177,COVERED
route_205_south_2,178,COVERED
route_205_south_2,179,COVERED
route_205_south_2,180,COVERED
route_205_south_2,181,COVERED
route_205_south_2,182,COVERED
route_205_south_2,183,COVERED
route_205_south_2,184,COVERED
route_205_south_2,185,COVERED
route_205_south_2,186,COVERED
route_205_south_2,187,COVERED
route_205_south_2,188,COVERED
route_205_south_2,189,COVERED
route_205_south_2,190,COVERED
route_205_south_2,191,COVERED
route_205_south_2,192,COVERED
route_205_south_2,193,COVERED
route_205_south_2,194,COVERED
route_205_south_2,195,COVERED
route_205_south_2,196,COVERED
route_205_south_2,197,COVERED
route_205_south_2,198,COVERED
route_205_south_2,199,COVERED
route_205_south_2,200,COVERED
route_205_south_2,201,COVERED
route_205_south_2,202,COVERED
route_205_south_2,203,COVERED
route_205_south_2,204,COVERED
route_205_south_2,205,COVERED
route_205_south_2,206,COVERED
route_205_south_2,207,COVERED
route_205_south_2,208,COVERED
route_205_south_2,209,COVERED
route_205_south_2,210,COVERED
route_205_south_2,211,COVERED
route_205_south_2,212,COVERED
route_205_south_2,213,COVERED
route_205_south_2,214,COVERED
route_205_south_2,215,COVERED
route_205_south_2,216,COVERED
route_205_south_2,217,COVERED
route_205_south_2,218,COVERED
route_205_south_2,219,COVERED
route_205_south_2,220,COVERED
route_205_south_2,221,COVERED
route_205_south_2,222,COVERED
route_205_south_2,223,COVERED
route_205_south_2,224,COVERED
route_205_south_2,225,COVERED
route_205_south_2,226,COVERED
route_205_south_2,227,COVERED
route_205_south_2,228,COVERED
route_205_south_2,229,COVERED
route_205_south_2,230,COVERED
route_205_south_2,231,COVERED
route_205_south_2,232,COVERED
route_205_south_2,233,COVERED
route_205_south_2,234,COVERED
route_205_south_2,235,COVERED
route_205_south_2,236,COVERED
route_205_south_2,237,COVERED
route_205_south_2,238,COVERED
route_205_south_2,239,COVERED
route_205_south_2,240,COVERED
route_205_south_2,241,COVERED
route_205_south_2,242,COVERED
route_205_south_2,243,COVERED
route_205_south_2,244,COVERED
route_205_south_2,245,COVERED
route_205_south_2,246,COVERED
route_205_south_2,247,COVERED
route_205_south_2,248,COVERED
route_205_south_2,249,COVERED
route_205_south_2,250,COVERED
route_205_south_2,251,COVERED
route_205_south_2,252,COVERED
route_205_south_2,253,COVERED
route_205_south_2,254,COVERED
route_205_south_2,255,COVERED
battle_pike,0,COVERED
battle_pike,1,TOP
battle_pike,2,TOP
battle_pike,3,TOP
battle_pike,4,TOP
battle_pike,5,TOP
battle_pike,6,TOP
battle_pike,7,COVERED
battle_pike,8,COVERED
battle_pike,9,TOP
battle_pike,10,TOP
battle_pike,11,TOP
battle_pike,12,COVERED
battle_pike,13,COVERED
battle_pike,14,COVERED
battle_pike,15,COVERED
battle_pike,16,COVERED
battle_pike,17,TOP
battle_pike,18,TOP
battle_pike,19,TOP
battle_pike,20,TOP
battle_pike,21,TOP
battle_pike,22,TOP
battle_pike,23,TOP
battle_pike,24,COVERED
battle_pike,25,TOP
battle_pike,26,TOP
battle_pike,27,TOP
battle_pike,28,COVERED
battle_pike,29,COVERED
battle_pike,30,COVERED
battle_pike,31,COVERED
battle_pike,32,COVERED
battle_pike,33,TOP
battle_pike,34,TOP
battle_pike,35,TOP
battle_pike,36,COVERED
battle_pike,37,COVERED
battle_pike,38,COVERED
battle_pike,39,COVERED
battle_pike,40,COVERED
battle_pike,41,TOP
battle_pike,42,TOP
battle_pike,43,TOP
battle_pike,44,COVERED
battle_pike,45,COVERED
battle_pike,46,COVERED
battle_pike,47,COVERED
battle_pike,48,COVERED
battle_pike,49,TOP
battle_pike,50,TOP
battle_pike,51,TOP
battle_pike,52,TOP
battle_pike,53,TOP
battle_pike,54,TOP
battle_pike,55,TOP
battle_pike,56,COVERED
battle_pike,57,TOP
battle_pike,58,TOP
battle_pike,59,TOP
battle_pike,60,COVERED
battle_pike,61,COVERED
battle_pike,62,COVERED
battle_pike,63,COVERED
battle_pike,64,COVERED
battle_pike,65,TOP
battle_pike,66,TOP
battle_pike,67,TOP
battle_pike,68,COVERED
battle_pike,69,COVERED
battle_pike,70,COVERED
battle_pike,71,COVERED
battle_pike,72,COVERED
battle_pike,73,TOP
battle_pike,74,TOP
battle_pike,75,TOP
battle_pike,76,COVERED
battle_pike,77,COVERED
battle_pike,78,COVERED
battle_pike,79,COVERED
battle_pike,80,COVERED
battle_pike,81,TOP
battle_pike,82,TOP
battle_pike,83,TOP
battle_pike,84,COVERED
battle_pike,85,COVERED
battle_pike,86,COVERED
battle_pike,87,COVERED
battle_pike,88,COVERED
battle_pike,89,TOP
battle_pike,90,TOP
battle_pike,91,TOP
battle_pike,92,COVERED
battle_pike,93,COVERED
battle_pike,94,COVERED
battle_pike,95,COVERED
battle_pike,96,COVERED
battle_pike,97,COVERED
battle_pike,98,COVERED
battle_pike,99,COVERED
battle_pike,100,COVERED
battle_pike,101,COVERED
battle_pike,102,COVERED
battle_pike,103,COVERED
battle_pike,104,COVERED
battle_pike,105,COVERED
battle_pike,106,COVERED
battle_pike,107,COVERED
battle_pike,108,COVERED
battle_pike,109,COVERED
battle_pike,110,COVERED
battle_pike,111,COVERED
battle_pike,112,COVERED
battle_pike,113,COVERED
battle_pike,114,COVERED
battle_pike,115,COVERED
battle_pike,116,COVERED
battle_pike,117,COVERED
battle_pike,118,COVERED
battle_pike,119,COVERED
battle_pike,120,COVERED
battle_pike,121,COVERED
battle_pike,122,COVERED
battle_pike,123,COVERED
battle_pike,124,COVERED
battle_pike,125,COVERED
battle_pike,126,COVERED
battle_pike,127,COVERED
battle_pike,128,COVERED
battle_pike,129,COVERED
battle_pike,130,COVERED
battle_pike,131,COVERED
battle_pike,132,COVERED
battle_pike,133,COVERED
battle_pike,134,COVERED
battle_pike,135,COVERED
battle_pike,136,COVERED
battle_pike,137,COVERED
battle_pike,138,COVERED
battle_pike,139,COVERED
battle_pike,140,COVERED
battle_pike,141,COVERED
battle_pike,142,COVERED
battle_pike,143,COVERED
battle_pike,144,COVERED
battle_pike,145,COVERED
battle_pike,146,COVERED
battle_pike,147,COVERED
battle_pike,148,COVERED
battle_pike,149,COVERED
battle_pike,150,COVERED
battle_pike,151,COVERED
battle_pike,152,COVERED
battle_pike,153,COVERED
battle_pike,154,COVERED
battle_pike,155,COVERED
battle_pike,156,COVERED
battle_pike,157,COVERED
battle_pike,158,COVERED
battle_pike,159,COVERED
battle_pike,160,TOP
battle_pike,161,TOP
battle_pike,162,TOP
battle_pike,163,TOP
battle_pike,164,TOP
battle_pike,165,TOP
battle_pike,166,TOP
battle_pike,167,TOP
battle_pike,168,TOP
battle_pike,169,TOP
battle_pike,170,TOP
battle_pike,171,TOP
battle_pike,172,TOP
battle_pike,173,TOP
battle_pike,174,TOP
battle_pike,175,TOP
battle_pike,176,COVERED
battle_pike,177,COVERED
battle_pike,178,COVERED
battle_pike,179,COVERED
battle_pike,180,COVERED
battle_pike,181,COVERED
battle_pike,182,COVERED
battle_pike,183,COVERED
battle_pike,184,COVERED
battle_pike,185,COVERED
battle_pike,186,COVERED
battle_pike,187,COVERED
battle_pike,188,COVERED
battle_pike,189,COVERED
battle_pike,190,COVERED
battle_pike,191,COVERED
battle_pike,192,TOP
battle_pike,193,TOP
battle_pike,194,TOP
battle_pike,195,TOP
battle_pike,196,TOP
battle_pike,197,TOP
battle_pike,198,TOP
battle_pike,199,TOP
battle_pike,200,TOP
battle_pike,201,TOP
battle_pike,202,TOP
battle_pike,203,COVERED
battle_pike,204,COVERED
battle_pike,205,COVERED
battle_pike,206,COVERED
battle_pike,207,COVERED
battle_pike,208,TOP
battle_pike,209,TOP
battle_pike,210,COVERED
battle_pike,211,COVERED
battle_pike,212,TOP
battle_pike,213,TOP
battle_pike,214,TOP
battle_pike,215,TOP
battle_pike,216,COVERED
battle_pike,217,TOP
battle_pike,218,TOP
battle_pike,219,TOP
battle_pike,220,COVERED
battle_pike,221,TOP
battle_pike,222,TOP
battle_pike,223,TOP
battle_pike,224,TOP
battle_pike,225,TOP
battle_pike,226,TOP
battle_pike,227,TOP
battle_pike,228,TOP
battle_pike,229,TOP
battle_pike,230,TOP
battle_pike,231,TOP
battle_pike,232,TOP
battle_pike,233,TOP
battle_pike,234,COVERED
battle_pike,235,TOP
battle_pike,236,TOP
battle_pike,237,TOP
battle_pike,238,TOP
battle_pike,239,TOP
battle_pike,240,TOP
battle_pike,241,TOP
battle_pike,242,TOP
battle_pike,243,TOP
battle_pike,244,TOP
battle_pike,245,TOP
battle_pike,246,TOP
battle_pike,247,COVERED
battle_pike,248,TOP
battle_pike,249,COVERED
battle_pike,250,TOP
battle_pike,251,COVERED
battle_pike,252,TOP
battle_pike,253,TOP
battle_pike,254,COVERED
battle_pike,255,TOP
battle_pike,256,TOP
battle_pike,257,COVERED
battle_pike,258,COVERED
battle_pike,259,TOP
battle_pike,260,TOP
battle_pike,261,COVERED
battle_pike,262,TOP
battle_pike,263,COVERED
battle_pike,264,TOP
battle_pike,265,TOP
battle_pike,266,TOP
battle_pike,267,TOP
battle_pike,268,COVERED
battle_pike,269,TOP
battle_pike,270,TOP
battle_pike,271,TOP
battle_pike,272,COVERED
battle_pike,273,TOP
battle_pike,274,TOP
battle_pike,275,TOP
battle_pike,276,TOP
battle_pike,277,TOP
battle_pike,278,COVERED
battle_pike,279,TOP
battle_pike,280,TOP
battle_pike,281,TOP
battle_pike,282,TOP
battle_pike,283,TOP
battle_pike,284,COVERED
battle_pike,285,TOP
battle_pike,286,COVERED
battle_pike,287,TOP
battle_pike,288,COVERED
battle_pike,289,COVERED
battle_pike,290,COVERED
battle_pike,291,COVERED
battle_pike,292,COVERED
battle_pike,293,COVERED
battle_pike,294,COVERED
battle_pike,295,COVERED
battle_pike,296,COVERED
battle_pike,297,COVERED
battle_pike,298,COVERED
battle_pike,299,COVERED
battle_pike,300,COVERED
battle_pike,301,COVERED
battle_pike,302,COVERED
battle_pike,303,COVERED
battle_pike,304,COVERED
battle_pike,305,TOP
battle_pike,306,COVERED
battle_pike,307,COVERED
battle_pike,308,COVERED
battle_pike,309,COVERED
battle_pike,310,COVERED
battle_pike,311,COVERED
battle_pike,312,COVERED
battle_pike,313,COVERED
battle_pike,314,COVERED
battle_pike,315,COVERED
battle_pike,316,COVERED
battle_pike,317,COVERED
battle_pike,318,COVERED
battle_pike,319,COVERED
battle_pike,320,TOP
battle_pike,321,TOP
battle_pike,322,TOP
battle_pike,323,COVERED
battle_pike,324,COVERED
battle_pike,325,COVERED
battle_pike,326,COVERED
battle_pike,327,COVERED
battle_pike,328,TOP
battle_pike,329,TOP
battle_pike,330,TOP
battle_pike,331,COVERED
battle_pike,332,COVERED
battle_pike,333,COVERED
battle_pike,334,COVERED
battle_pike,335,COVERED
battle_pike,336,TOP
battle_pike,337,TOP
battle_pike,338,TOP
battle_pike,339,COVERED
battle_pike,340,COVERED
battle_pike,341,COVERED
battle_pike,342,COVERED
battle_pike,343,COVERED
battle_pike,344,TOP
battle_pike,345,TOP
battle_pike,346,TOP
battle_factory,0,COVERED
battle_factory,1,TOP
battle_factory,2,TOP
battle_factory,3,TOP
battle_factory,4,TOP
battle_factory,5,TOP
battle_factory,6,TOP
battle_factory,7,TOP
battle_factory,8,COVERED
battle_factory,9,TOP
battle_factory,10,TOP
battle_factory,11,TOP
battle_factory,12,COVERED
battle_factory,13,COVERED
battle_factory,14,TOP
battle_factory,15,TOP
battle_factory,16,COVERED
battle_factory,17,COVERED
battle_factory,18,COVERED
battle_factory,19,COVERED
battle_factory,20,COVERED
battle_factory,21,TOP
battle_factory,22,TOP
battle_factory,23,TOP
battle_factory,24,COVERED
battle_factory,25,COVERED
battle_factory,26,TOP
battle_factory,27,TOP
battle_factory,28,COVERED
battle_factory,29,TOP
battle_factory,30,TOP
battle_factory,31,TOP
battle_factory,32,COVERED
battle_factory,33,COVERED
battle_factory,34,TOP
battle_factory,35,TOP
battle_factory,36,TOP
battle_factory,37,TOP
battle_factory,38,TOP
battle_factory,39,TOP
battle_factory,40,TOP
battle_factory,41,TOP
battle_factory,42,TOP
battle_factory,43,TOP
battle_factory,44,TOP
battle_factory,45,TOP
battle_factory,46,TOP
battle_factory,47,TOP
battle_factory,48,TOP
battle_factory,49,COVERED
battle_factory,50,TOP
battle_factory,51,TOP
battle_factory,52,TOP
battle_factory,53,TOP
battle_factory,54,COVERED
battle_factory,55,TOP
battle_factory,56,COVERED
battle_factory,57,TOP
battle_factory,58,COVERED
battle_factory,59,COVERED
battle_factory,60,TOP
battle_factory,61,TOP
battle_factory,62,TOP
battle_factory,63,TOP
battle_factory,64,COVERED
battle_factory,65,COVERED
battle_factory,66,TOP
battle_factory,67,TOP
battle_factory,68,TOP
battle_factory,69,TOP
battle_factory,70,TOP
battle_factory,71,TOP
battle_factory,72,COVERED
battle_factory,73,COVERED
battle_factory,74,TOP
battle_factory,75,COVERED
battle_factory,76,TOP
battle_factory,77,TOP
battle_factory,78,TOP
battle_factory,79,TOP
battle_factory,80,TOP
battle_factory,81,TOP
battle_factory,82,TOP
battle_factory,83,COVERED
battle_factory,84,TOP
battle_factory,85,TOP
battle_factory,86,TOP
battle_factory,87,TOP
battle_factory,88,TOP
battle_factory,89,TOP
battle_factory,90,TOP
battle_factory,91,TOP
battle_factory,92,TOP
battle_factory,93,TOP
battle_factory,94,TOP
battle_factory,95,TOP
battle_factory,96,TOP
battle_factory,97,TOP
battle_factory,98,TOP
battle_factory,99,TOP
battle_factory,100,TOP
battle_factory,101,TOP
battle_factory,102,TOP
battle_factory,103,TOP
battle_factory,104,TOP
battle_factory,105,TOP
battle_factory,106,TOP
battle_factory,107,TOP
battle_factory,108,TOP
battle_factory,109,TOP
battle_factory,110,TOP
battle_factory,111,TOP
battle_factory,112,TOP
battle_factory,113,TOP
battle_factory,114,TOP
battle_factory,115,TOP
battle_factory,116,TOP
battle_factory,117,TOP
battle_factory,118,TOP
battle_factory,119,TOP
battle_factory,120,TOP
battle_factory,121,TOP
battle_factory,122,TOP
battle_factory,123,TOP
battle_factory,124,TOP
battle_factory,125,TOP
battle_factory,126,TOP
battle_factory,127,TOP
battle_factory,128,TOP
battle_factory,129,TOP
battle_factory,130,TOP
battle_factory,131,TOP
battle_factory,132,TOP
battle_factory,133,TOP
battle_factory,134,TOP
battle_factory,135,TOP
battle_factory,136,TOP
battle_factory,137,TOP
battle_factory,138,TOP
battle_factory,139,TOP
battle_factory,140,TOP
battle_factory,141,TOP
battle_factory,142,TOP
battle_factory,143,TOP
battle_factory,144,TOP
battle_factory,145,TOP
battle_factory,146,TOP
battle_factory,147,TOP
battle_factory,148,TOP
battle_factory,149,TOP
battle_factory,150,TOP
battle_factory,151,TOP
battle_factory,152,TOP
battle_factory,153,TOP
battle_factory,154,TOP
battle_factory,155,TOP
battle_factory,156,TOP
battle_factory,157,TOP
battle_factory,158,TOP
battle_factory,159,TOP
battle_factory,160,TOP
battle_factory,161,TOP
battle_factory,162,TOP
battle_factory,163,TOP
battle_factory,164,TOP
battle_factory,165,TOP
battle_factory,166,TOP
battle_factory,167,TOP
battle_factory,168,TOP
battle_factory,169,TOP
battle_factory,170,TOP
battle_factory,171,TOP
battle_factory,172,TOP
battle_factory,173,TOP
battle_factory,174,TOP
battle_factory,175,TOP
battle_factory,176,TOP
battle_factory,177,TOP
battle_factory,178,TOP
battle_factory,179,TOP
battle_factory,180,TOP
battle_factory,181,TOP
battle_factory,182,TOP
battle_factory,183,TOP
battle_factory,184,TOP
battle_factory,185,TOP
battle_factory,186,TOP
battle_factory,187,TOP
battle_factory,188,TOP
battle_factory,189,TOP
battle_factory,190,TOP
battle_factory,191,TOP
battle_factory,192,TOP
battle_factory,193,TOP
battle_factory,194,TOP
battle_factory,195,TOP
battle_factory,196,TOP
battle_factory,197,TOP
battle_factory,198,TOP
battle_factory,199,TOP
battle_factory,200,TOP
battle_factory,201,TOP
battle_factory,202,TOP
battle_factory,203,TOP
battle_factory,204,TOP
battle_factory,205,TOP
battle_factory,206,TOP
battle_factory,207,TOP
battle_factory,208,TOP
battle_factory,209,TOP
battle_factory,210,TOP
battle_factory,211,TOP
battle_factory,212,TOP
battle_factory,213,TOP
battle_factory,214,TOP
battle_factory,215,TOP
battle_factory,216,TOP
battle_factory,217,TOP
battle_factory,218,TOP
battle_factory,219,TOP
battle_factory,220,TOP
battle_factory,221,TOP
battle_factory,222,TOP
battle_factory,223,TOP
battle_factory,224,TOP
battle_factory,225,TOP
battle_factory,226,TOP
battle_factory,227,TOP
battle_factory,228,TOP
battle_factory,229,TOP
battle_factory,230,TOP
battle_factory,231,TOP
battle_factory,232,TOP
battle_factory,233,TOP
battle_factory,234,TOP
battle_factory,235,TOP
battle_factory,236,TOP
battle_factory,237,TOP
battle_factory,238,TOP
battle_factory,239,TOP
battle_factory,240,TOP
battle_factory,241,TOP
battle_factory,242,TOP
battle_factory,243,TOP
battle_factory,244,TOP
battle_factory,245,TOP
battle_factory,246,TOP
battle_factory,247,TOP
battle_factory,248,TOP
battle_factory,249,TOP
battle_factory,250,TOP
battle_factory,251,TOP
battle_factory,252,TOP
battle_factory,253,TOP
battle_factory,254,TOP
battle_factory,255,TOP
battle_factory,256,TOP
battle_factory,257,TOP
battle_factory,258,TOP
battle_factory,259,TOP
battle_factory,260,TOP
battle_factory,261,TOP
battle_factory,262,TOP
battle_factory,263,TOP
battle_factory,264,TOP
battle_factory,265,TOP
battle_factory,266,TOP
battle_factory,267,TOP
battle_factory,268,TOP
battle_factory,269,TOP
battle_factory,270,TOP
battle_factory,271,TOP
battle_factory,272,TOP
battle_factory,273,TOP
battle_factory,274,TOP
battle_factory,275,TOP
battle_factory,276,TOP
battle_factory,277,TOP
battle_factory,278,TOP
battle_factory,279,TOP
battle_factory,280,TOP
battle_factory,281,TOP
battle_factory,282,TOP
battle_factory,283,TOP
battle_factory,284,TOP
battle_factory,285,TOP
battle_factory,286,TOP
battle_factory,287,TOP
battle_factory,288,TOP
battle_factory,289,TOP
battle_factory,290,TOP
battle_factory,291,TOP
battle_factory,292,TOP
battle_factory,293,TOP
battle_factory,294,TOP
battle_factory,295,TOP
battle_factory,296,TOP
battle_factory,297,TOP
battle_factory,298,TOP
battle_factory,299,TOP
battle_factory,300,TOP
battle_factory,301,TOP
battle_factory,302,TOP
battle_factory,303,TOP
battle_factory,304,TOP
battle_factory,305,TOP
battle_factory,306,TOP
battle_factory,307,TOP
battle_factory,308,TOP
battle_factory,309,TOP
battle_factory,310,TOP
battle_factory,311,TOP
battle_factory,312,TOP
battle_factory,313,TOP
battle_factory,314,TOP
battle_factory,315,TOP
battle_factory,316,TOP
battle_factory,317,TOP
battle_factory,318,COVERED
battle_factory,319,COVERED
battle_factory,320,COVERED
battle_factory,321,TOP
battle_factory,322,TOP
battle_factory,323,TOP
battle_factory,324,TOP
battle_factory,325,TOP
battle_factory,326,TOP
battle_factory,327,COVERED
battle_factory,328,TOP
battle_factory,329,TOP
battle_factory,330,TOP
battle_factory,331,COVERED
battle_factory,332,COVERED
battle_factory,333,TOP
battle_factory,334,COVERED
battle_factory,335,COVERED
battle_factory,336,COVERED
battle_factory,337,COVERED
battle_factory,338,COVERED
battle_factory,339,COVERED
battle_factory,340,COVERED
battle_factory,341,COVERED
battle_factory,342,COVERED
battle_factory,343,COVERED
battle_factory,344,COVERED
battle_factory,345,COVERED
battle_factory,346,COVERED
battle_factory,347,COVERED
battle_factory,348,COVERED
battle_factory,349,COVERED
battle_factory,350,COVERED
battle_factory,351,COVERED
battle_factory,352,TOP
battle_factory,353,TOP
twinleaf_rival,0,COVERED
twinleaf_rival,1,COVERED
twinleaf_rival,2,COVERED
twinleaf_rival,3,COVERED
twinleaf_rival,4,COVERED
twinleaf_rival,5,COVERED
twinleaf_rival,6,COVERED
twinleaf_rival,7,COVERED
twinleaf_rival,8,COVERED
twinleaf_rival,9,COVERED
twinleaf_rival,10,COVERED
twinleaf_rival,11,COVERED
twinleaf_rival,12,COVERED
twinleaf_rival,13,COVERED
twinleaf_rival,14,COVERED
twinleaf_rival,15,COVERED
twinleaf_rival,16,COVERED
twinleaf_rival,17,COVERED
twinleaf_rival,18,COVERED
twinleaf_rival,19,COVERED
twinleaf_rival,20,COVERED
twinleaf_rival,21,COVERED
twinleaf_rival,22,COVERED
twinleaf_rival,23,COVERED
twinleaf_rival,24,COVERED
twinleaf_rival,25,COVERED
twinleaf_rival,26,COVERED
twinleaf_rival,27,COVERED
twinleaf_rival,28,COVERED
twinleaf_rival,29,COVERED
twinleaf_rival,30,COVERED
twinleaf_rival,31,COVERED
twinleaf_rival,32,COVERED
twinleaf_rival,33,COVERED
twinleaf_rival,34,COVERED
twinleaf_rival,35,COVERED
twinleaf_rival,36,COVERED
twinleaf_rival,37,COVERED
twinleaf_rival,38,COVERED
twinleaf_rival,39,COVERED
twinleaf_rival,40,COVERED
twinleaf_rival,41,COVERED
twinleaf_rival,42,COVERED
twinleaf_rival,43,SPLIT
twinleaf_rival,44,COVERED
twinleaf_rival,45,COVERED
twinleaf_rival,46,COVERED
twinleaf_rival,47,COVERED
twinleaf_rival,48,COVERED
twinleaf_rival,49,COVERED
twinleaf_rival,50,COVERED
twinleaf_rival,51,COVERED
twinleaf_rival,52,COVERED
twinleaf_rival,53,COVERED
twinleaf_rival,54,COVERED
twinleaf_rival,55,COVERED
twinleaf_rival,56,COVERED
twinleaf_rival,57,COVERED
twinleaf_rival,58,COVERED
twinleaf_rival,59,COVERED
twinleaf_rival,60,COVERED
twinleaf_rival,61,COVERED
twinleaf_rival,62,COVERED
twinleaf_rival,63,COVERED
twinleaf_rival,64,COVERED
twinleaf_rival,65,COVERED
twinleaf_rival,66,COVERED
twinleaf_rival,67,COVERED
twinleaf_rival,68,COVERED
twinleaf_rival,69,COVERED
twinleaf_rival,70,COVERED
twinleaf_rival,71,COVERED
twinleaf_rival,72,COVERED
twinleaf_rival,73,COVERED
twinleaf_rival,74,COVERED
twinleaf_rival,75,COVERED
twinleaf_rival,76,COVERED
twinleaf_rival,77,COVERED
twinleaf_rival,78,COVERED
twinleaf_rival,79,COVERED
twinleaf_rival,80,COVERED
twinleaf_rival,81,COVERED
twinleaf_rival,82,COVERED
twinleaf_rival,83,COVERED
twinleaf_rival,84,COVERED
twinleaf_rival,85,COVERED
twinleaf_rival,86,COVERED
twinleaf_rival,87,COVERED
twinleaf_rival,88,COVERED
twinleaf_rival,89,COVERED
twinleaf_rival,90,COVERED
twinleaf_rival,91,COVERED
twinleaf_rival,92,COVERED
twinleaf_rival,93,COVERED
twinleaf_rival,94,COVERED
twinleaf_rival,95,COVERED
twinleaf_rival,96,COVERED
twinleaf_rival,97,COVERED
twinleaf_rival,98,COVERED
twinleaf_rival,99,COVERED
twinleaf_rival,100,COVERED
twinleaf_rival,101,COVERED
twinleaf_rival,102,COVERED
twinleaf_rival,103,COVERED
twinleaf_rival,104,COVERED
twinleaf_rival,105,COVERED
twinleaf_rival,106,COVERED
twinleaf_rival,107,COVERED
twinleaf_rival,108,COVERED
twinleaf_rival,109,COVERED
twinleaf_rival,110,COVERED
twinleaf_rival,111,COVERED
twinleaf_rival,112,COVERED
twinleaf_rival,113,COVERED
twinleaf_rival,114,COVERED
twinleaf_rival,115,COVERED
twinleaf_rival,116,COVERED
twinleaf_rival,117,COVERED
twinleaf_rival,118,COVERED
twinleaf_rival,119,COVERED
twinleaf_rival,120,COVERED
twinleaf_rival,121,COVERED
twinleaf_rival,122,COVERED
twinleaf_rival,123,COVERED
twinleaf_rival,124,COVERED
twinleaf_rival,125,COVERED
twinleaf_rival,126,COVERED
twinleaf_rival,127,COVERED
gatehouse,0,COVERED
gatehouse,1,COVERED
gatehouse,2,COVERED
gatehouse,3,COVERED
gatehouse,4,COVERED
gatehouse,5,COVERED
gatehouse,6,COVERED
gatehouse,7,COVERED
gatehouse,8,TOP
gatehouse,9,TOP
gatehouse,10,TOP
gatehouse,11,TOP
gatehouse,12,TOP
gatehouse,13,COVERED
gatehouse,14,COVERED
gatehouse,15,COVERED
gatehouse,16,COVERED
gatehouse,17,COVERED
gatehouse,18,COVERED
gatehouse,19,COVERED
gatehouse,20,SPLIT
gatehouse,21,SPLIT
gatehouse,22,SPLIT
gatehouse,23,COVERED
gatehouse,24,SPLIT
gatehouse,25,SPLIT
gatehouse,26,SPLIT
gatehouse,27,COVERED
gatehouse,28,COVERED
gatehouse,29,COVERED
gatehouse,30,COVERED
gatehouse,31,COVERED
gatehouse,32,COVERED
gatehouse,33,COVERED
gatehouse,34,COVERED
gatehouse,35,COVERED
gatehouse,36,COVERED
gatehouse,37,COVERED
gatehouse,38,COVERED
gatehouse,39,COVERED
gatehouse,40,COVERED
gatehouse,41,COVERED
gatehouse,42,COVERED
gatehouse,43,COVERED
gatehouse,44,COVERED
gatehouse,45,COVERED
gatehouse,46,COVERED
gatehouse,47,COVERED
gatehouse,48,COVERED
gatehouse,49,COVERED
gatehouse,50,COVERED
gatehouse,51,COVERED
gatehouse,52,COVERED
gatehouse,53,COVERED
gatehouse,54,COVERED
gatehouse,55,COVERED
gatehouse,56,COVERED
gatehouse,57,COVERED
gatehouse,58,COVERED
gatehouse,59,COVERED
gatehouse,60,COVERED
gatehouse,61,COVERED
gatehouse,62,COVERED
gatehouse,63,COVERED
gatehouse,64,COVERED
gatehouse,65,COVERED
gatehouse,66,COVERED
gatehouse,67,COVERED
gatehouse,68,COVERED
gatehouse,69,COVERED
gatehouse,70,COVERED
gatehouse,71,COVERED
gatehouse,72,COVERED
gatehouse,73,COVERED
gatehouse,74,COVERED
gatehouse,75,COVERED
gatehouse,76,COVERED
gatehouse,77,COVERED
gatehouse,78,COVERED
gatehouse,79,COVERED
gatehouse,80,COVERED
gatehouse,81,COVERED
gatehouse,82,COVERED
gatehouse,83,COVERED
gatehouse,84,COVERED
gatehouse,85,COVERED
gatehouse,86,COVERED
gatehouse,87,COVERED
gatehouse,88,COVERED
gatehouse,89,COVERED
gatehouse,90,COVERED
gatehouse,91,COVERED
gatehouse,92,COVERED
gatehouse,93,COVERED
gatehouse,94,COVERED
gatehouse,95,COVERED
gatehouse,96,COVERED
gatehouse,97,COVERED
gatehouse,98,COVERED
gatehouse,99,COVERED
gatehouse,100,COVERED
gatehouse,101,COVERED
gatehouse,102,COVERED
gatehouse,103,COVERED
gatehouse,104,COVERED
gatehouse,105,COVERED
gatehouse,106,COVERED
gatehouse,107,COVERED
gatehouse,108,COVERED
gatehouse,109,COVERED
gatehouse,110,COVERED
gatehouse,111,COVERED
gatehouse,112,COVERED
gatehouse,113,COVERED
gatehouse,114,COVERED
gatehouse,115,COVERED
gatehouse,116,COVERED
gatehouse,117,COVERED
gatehouse,118,COVERED
gatehouse,119,COVERED
gatehouse,120,COVERED
gatehouse,121,COVERED
gatehouse,122,COVERED
gatehouse,123,COVERED
gatehouse,124,COVERED
gatehouse,125,COVERED
gatehouse,126,COVERED
gatehouse,127,COVERED
floaroma_meadow,0,COVERED
floaroma_meadow,1,COVERED
floaroma_meadow,2,COVERED
floaroma_meadow,3,COVERED
floaroma_meadow,4,NORMAL
floaroma_meadow,5,TOP
floaroma_meadow,6,TOP
floaroma_meadow,7,NORMAL
floaroma_meadow,8,NORMAL
floaroma_meadow,9,NORMAL
floaroma_meadow,10,NORMAL
floaroma_meadow,11,NORMAL
floaroma_meadow,12,COVERED
floaroma_meadow,13,COVERED
floaroma_meadow,14,NORMAL
floaroma_meadow,15,NORMAL
floaroma_meadow,16,NORMAL
floaroma_meadow,17,NORMAL
floaroma_meadow,18,NORMAL
floaroma_meadow,19,NORMAL
floaroma_meadow,20,SPLIT
floaroma_meadow,21,SPLIT
floaroma_meadow,22,TOP
floaroma_meadow,23,TOP
floaroma_meadow,24,COVERED
floaroma_meadow,25,COVERED
floaroma_meadow,26,COVERED
floaroma_meadow,27,COVERED
floaroma_meadow,28,COVERED
floaroma_meadow,29,COVERED
floaroma_meadow,30,COVERED
floaroma_meadow,31,COVERED
floaroma_meadow,32,NORMAL
floaroma_meadow,33,NORMAL
floaroma_meadow,34,NORMAL
floaroma_meadow,35,NORMAL
floaroma_meadow,36,COVERED
floaroma_meadow,37,COVERED
floaroma_meadow,38,COVERED
floaroma_meadow,39,COVERED
floaroma_meadow,40,NORMAL
floaroma_meadow,41,NORMAL
floaroma_meadow,42,NORMAL
floaroma_meadow,43,NORMAL
floaroma_meadow,44,COVERED
floaroma_meadow,45,COVERED
floaroma_meadow,46,COVERED
floaroma_meadow,47,COVERED
floaroma_meadow,48,COVERED
floaroma_meadow,49,COVERED
floaroma_meadow,50,COVERED
floaroma_meadow,51,NORMAL
floaroma_meadow,52,NORMAL
floaroma_meadow,53,NORMAL
floaroma_meadow,54,NORMAL
floaroma_meadow,55,COVERED
floaroma_meadow,56,NORMAL
floaroma_meadow,57,NORMAL
floaroma_meadow,58,NORMAL
floaroma_meadow,59,NORMAL
floaroma_meadow,60,TOP
floaroma_meadow,61,TOP
floaroma_meadow,62,NORMAL
floaroma_meadow,63,NORMAL
floaroma_meadow,64,COVERED
floaroma_meadow,65,NORMAL
floaroma_meadow,66,NORMAL
floaroma_meadow,67,TOP
floaroma_meadow,68,NORMAL
floaroma_meadow,69,NORMAL
floaroma_meadow,70,TOP
floaroma_meadow,71,NORMAL
floaroma_meadow,72,COVERED
floaroma_meadow,73,SPLIT
floaroma_meadow,74,SPLIT
floaroma_meadow,75,NORMAL
floaroma_meadow,76,NORMAL
floaroma_meadow,77,NORMAL
floaroma_meadow,78,NORMAL
floaroma_meadow,79,NORMAL
floaroma_meadow,80,COVERED
floaroma_meadow,81,COVERED
floaroma_meadow,82,COVERED
floaroma_meadow,83,COVERED
floaroma_meadow,84,COVERED
floaroma_meadow,85,COVERED
floaroma_meadow,86,COVERED
floaroma_meadow,87,COVERED
floaroma_meadow,88,COVERED
floaroma_meadow,89,COVERED
floaroma_meadow,90,COVERED
floaroma_meadow,91,COVERED
floaroma_meadow,92,COVERED
floaroma_meadow,93,COVERED
floaroma_meadow,94,COVERED
floaroma_meadow,95,COVERED
floaroma_meadow,96,COVERED
floaroma_meadow,97,COVERED
floaroma_meadow,98,COVERED
floaroma_meadow,99,COVERED
floaroma_meadow,100,COVERED
floaroma_meadow,101,COVERED
floaroma_meadow,102,COVERED
floaroma_meadow,103,COVERED
floaroma_meadow,104,COVERED
floaroma_meadow,105,COVERED
floaroma_meadow,106,COVERED
floaroma_meadow,107,COVERED
floaroma_meadow,108,COVERED
floaroma_meadow,109,COVERED
floaroma_meadow,110,COVERED
floaroma_meadow,111,COVERED
floaroma_meadow,112,COVERED
floaroma_meadow,113,COVERED
floaroma_meadow,114,COVERED
floaroma_meadow,115,COVERED
floaroma_meadow,116,COVERED
floaroma_meadow,117,COVERED
floaroma_meadow,118,COVERED
floaroma_meadow,119,COVERED
floaroma_meadow,120,COVERED
floaroma_meadow,121,COVERED
floaroma_meadow,122,COVERED
floaroma_meadow,123,COVERED
floaroma_meadow,124,COVERED
floaroma_meadow,125,COVERED
floaroma_meadow,126,COVERED
floaroma_meadow,127,COVERED
floaroma_meadow,128,COVERED
floaroma_meadow,129,COVERED
floaroma_meadow,130,COVERED
floaroma_meadow,131,COVERED
floaroma_meadow,132,COVERED
floaroma_meadow,133,COVERED
floaroma_meadow,134,COVERED
floaroma_meadow,135,COVERED
floaroma_meadow,136,COVERED
floaroma_meadow,137,COVERED
floaroma_meadow,138,COVERED
floaroma_meadow,139,COVERED
floaroma_meadow,140,COVERED
floaroma_meadow,141,COVERED
floaroma_meadow,142,COVERED
floaroma_meadow,143,COVERED
floaroma_meadow,144,COVERED
floaroma_meadow,145,COVERED
floaroma_meadow,146,COVERED
floaroma_meadow,147,COVERED
floaroma_meadow,148,COVERED
floaroma_meadow,149,COVERED
floaroma_meadow,150,COVERED
floaroma_meadow,151,COVERED
floaroma_meadow,152,COVERED
floaroma_meadow,153,COVERED
floaroma_meadow,154,COVERED
floaroma_meadow,155,COVERED
floaroma_meadow,156,COVERED
floaroma_meadow,157,COVERED
floaroma_meadow,158,COVERED
floaroma_meadow,159,COVERED
floaroma_meadow,160,COVERED
floaroma_meadow,161,COVERED
floaroma_meadow,162,COVERED
floaroma_meadow,163,COVERED
floaroma_meadow,164,COVERED
floaroma_meadow,165,COVERED
floaroma_meadow,166,COVERED
floaroma_meadow,167,COVERED
floaroma_meadow,168,COVERED
floaroma_meadow,169,COVERED
floaroma_meadow,170,COVERED
floaroma_meadow,171,COVERED
floaroma_meadow,172,COVERED
floaroma_meadow,173,COVERED
floaroma_meadow,174,COVERED
floaroma_meadow,175,COVERED
floaroma_meadow,176,COVERED
floaroma_meadow,177,COVERED
floaroma_meadow,178,COVERED
floaroma_meadow,179,COVERED
floaroma_meadow,180,COVERED
floaroma_meadow,181,COVERED
floaroma_meadow,182,COVERED
floaroma_meadow,183,COVERED
floaroma_meadow,184,COVERED
floaroma_meadow,185,COVERED
floaroma_meadow,186,COVERED
floaroma_meadow,187,COVERED
floaroma_meadow,188,COVERED
floaroma_meadow,189,COVERED
floaroma_meadow,190,COVERED
floaroma_meadow,191,COVERED
floaroma_meadow,192,COVERED
floaroma_meadow,193,COVERED
floaroma_meadow,194,COVERED
floaroma_meadow,195,COVERED
floaroma_meadow,196,COVERED
floaroma_meadow,197,COVERED
floaroma_meadow,198,COVERED
floaroma_meadow,199,COVERED
floaroma_meadow,200,COVERED
floaroma_meadow,201,COVERED
floaroma_meadow,202,COVERED
floaroma_meadow,203,COVERED
floaroma_meadow,204,COVERED
floaroma_meadow,205,COVERED
floaroma_meadow,206,COVERED
floaroma_meadow,207,COVERED
floaroma_meadow,208,COVERED
floaroma_meadow,209,COVERED
floaroma_meadow,210,COVERED
floaroma_meadow,211,COVERED
floaroma_meadow,212,COVERED
floaroma_meadow,213,COVERED
floaroma_meadow,214,COVERED
floaroma_meadow,215,COVERED
floaroma_meadow,216,COVERED
floaroma_meadow,217,COVERED
floaroma_meadow,218,COVERED
floaroma_meadow,219,COVERED
floaroma_meadow,220,COVERED
floaroma_meadow,221,COVERED
floaroma_meadow,222,COVERED
floaroma_meadow,223,COVERED
floaroma_meadow,224,COVERED
floaroma_meadow,225,COVERED
floaroma_meadow,226,COVERED
floaroma_meadow,227,COVERED
floaroma_meadow,228,COVERED
floaroma_meadow,229,COVERED
floaroma_meadow,230,COVERED
floaroma_meadow,231,COVERED
floaroma_meadow,232,COVERED
floaroma_meadow,233,COVERED
floaroma_meadow,234,COVERED
floaroma_meadow,235,COVERED
floaroma_meadow,236,COVERED
floaroma_meadow,237,COVERED
floaroma_meadow,238,COVERED
floaroma_meadow,239,COVERED
floaroma_meadow,240,COVERED
floaroma_meadow,241,COVERED
floaroma_meadow,242,COVERED
floaroma_meadow,243,COVERED
floaroma_meadow,244,COVERED
floaroma_meadow,245,COVERED
floaroma_meadow,246,COVERED
floaroma_meadow,247,COVERED
floaroma_meadow,248,COVERED
floaroma_meadow,249,COVERED
floaroma_meadow,250,COVERED
floaroma_meadow,251,COVERED
floaroma_meadow,252,COVERED
floaroma_meadow,253,COVERED
floaroma_meadow,254,COVERED
floaroma_meadow,255,COVERED
rustboro,0,COVERED
rustboro,1,TOP
rustboro,2,TOP
rustboro,3,TOP
rustboro,4,TOP
rustboro,5,TOP
rustboro,6,TOP
rustboro,7,TOP
rustboro,8,COVERED
rustboro,9,COVERED
rustboro,10,COVERED
rustboro,11,COVERED
rustboro,12,COVERED
rustboro,13,COVERED
rustboro,14,COVERED
rustboro,15,COVERED
rustboro,16,COVERED
rustboro,17,COVERED
rustboro,18,TOP
rustboro,19,TOP
rustboro,20,TOP
rustboro,21,TOP
rustboro,22,TOP
rustboro,23,TOP
rustboro,24,COVERED
rustboro,25,COVERED
rustboro,26,COVERED
rustboro,27,COVERED
rustboro,28,TOP
rustboro,29,TOP
rustboro,30,TOP
rustboro,31,TOP
rustboro,32,TOP
rustboro,33,TOP
rustboro,34,TOP
rustboro,35,TOP
rustboro,36,TOP
rustboro,37,TOP
rustboro,38,TOP
rustboro,39,TOP
rustboro,40,TOP
rustboro,41,TOP
rustboro,42,TOP
rustboro,43,TOP
rustboro,44,TOP
rustboro,45,TOP
rustboro,46,TOP
rustboro,47,TOP
rustboro,48,TOP
rustboro,49,TOP
rustboro,50,TOP
rustboro,51,TOP
rustboro,52,TOP
rustboro,53,TOP
rustboro,54,TOP
rustboro,55,TOP
rustboro,56,TOP
rustboro,57,TOP
rustboro,58,TOP
rustboro,59,TOP
rustboro,60,TOP
rustboro,61,TOP
rustboro,62,TOP
rustboro,63,TOP
rustboro,64,TOP
rustboro,65,TOP
rustboro,66,TOP
rustboro,67,TOP
rustboro,68,TOP
rustboro,69,TOP
rustboro,70,TOP
rustboro,71,TOP
rustboro,72,TOP
rustboro,73,TOP
rustboro,74,TOP
rustboro,75,TOP
rustboro,76,TOP
rustboro,77,TOP
rustboro,78,TOP
rustboro,79,TOP
rustboro,80,TOP
rustboro,81,TOP
rustboro,82,TOP
rustboro,83,TOP
rustboro,84,TOP
rustboro,85,TOP
rustboro,86,TOP
rustboro,87,TOP
rustboro,88,TOP
rustboro,89,TOP
rustboro,90,TOP
rustboro,91,TOP
rustboro,92,TOP
rustboro,93,TOP
rustboro,94,TOP
rustboro,95,TOP
rustboro,96,COVERED
rustboro,97,COVERED
rustboro,98,TOP
rustboro,99,COVERED
rustboro,100,COVERED
rustboro,101,COVERED
rustboro,102,COVERED
rustboro,103,TOP
rustboro,104,TOP
rustboro,105,TOP
rustboro,106,TOP
rustboro,107,TOP
rustboro,108,TOP
rustboro,109,COVERED
rustboro,110,COVERED
rustboro,111,COVERED
rustboro,112,TOP
rustboro,113,TOP
rustboro,114,TOP
rustboro,115,TOP
rustboro,116,TOP
rustboro,117,COVERED
rustboro,118,COVERED
rustboro,119,COVERED
rustboro,120,TOP
rustboro,121,TOP
rustboro,122,TOP
rustboro,123,TOP
rustboro,124,TOP
rustboro,125,TOP
rustboro,126,COVERED
rustboro,127,COVERED
rustboro,128,COVERED
rustboro,129,COVERED
rustboro,130,TOP
rustboro,131,COVERED
rustboro,132,COVERED
rustboro,133,COVERED
rustboro,134,TOP
rustboro,135,TOP
rustboro,136,TOP
rustboro,137,TOP
rustboro,138,TOP
rustboro,139,TOP
rustboro,140,TOP
rustboro,141,TOP
rustboro,142,TOP
rustboro,143,TOP
rustboro,144,TOP
rustboro,145,TOP
rustboro,146,TOP
rustboro,147,TOP
rustboro,148,TOP
rustboro,149,TOP
rustboro,150,TOP
rustboro,151,TOP
rustboro,152,TOP
rustboro,153,TOP
rustboro,154,TOP
rustboro,155,TOP
rustboro,156,TOP
rustboro,157,TOP
rustboro,158,TOP
rustboro,159,COVERED
rustboro,160,TOP
rustboro,161,TOP
rustboro,162,TOP
rustboro,163,TOP
rustboro,164,TOP
rustboro,165,TOP
rustboro,166,TOP
rustboro,167,COVERED
rustboro,168,TOP
rustboro,169,TOP
rustboro,170,TOP
rustboro,171,TOP
rustboro,172,TOP
rustboro,173,TOP
rustboro,174,TOP
rustboro,175,COVERED
rustboro,176,TOP
rustboro,177,TOP
rustboro,178,TOP
rustboro,179,TOP
rustboro,180,TOP
rustboro,181,TOP
rustboro,182,TOP
rustboro,183,COVERED
rustboro,184,COVERED
rustboro,185,COVERED
rustboro,186,COVERED
rustboro,187,TOP
rustboro,188,TOP
rustboro,189,TOP
rustboro,190,COVERED
rustboro,191,COVERED
rustboro,192,TOP
rustboro,193,TOP
rustboro,194,COVERED
rustboro,195,TOP
rustboro,196,TOP
rustboro,197,TOP
rustboro,198,COVERED
rustboro,199,COVERED
rustboro,200,TOP
rustboro,201,TOP
rustboro,202,TOP
rustboro,203,TOP
rustboro,204,TOP
rustboro,205,COVERED
rustboro,206,COVERED
rustboro,207,COVERED
rustboro,208,COVERED
rustboro,209,COVERED
rustboro,210,COVERED
rustboro,211,COVERED
rustboro,212,COVERED
rustboro,213,COVERED
rustboro,214,COVERED
rustboro,215,COVERED
rustboro,216,COVERED
rustboro,217,COVERED
rustboro,218,COVERED
rustboro,219,TOP
rustboro,220,COVERED
rustboro,221,COVERED
rustboro,222,COVERED
rustboro,223,COVERED
rustboro,224,TOP
rustboro,225,TOP
rustboro,226,TOP
rustboro,227,COVERED
rustboro,228,COVERED
rustboro,229,COVERED
rustboro,230,COVERED
rustboro,231,COVERED
rustboro,232,TOP
rustboro,233,COVERED
rustboro,234,TOP
rustboro,235,COVERED
rustboro,236,COVERED
rustboro,237,COVERED
rustboro,238,COVERED
rustboro,239,COVERED
rustboro,240,TOP
rustboro,241,TOP
rustboro,242,TOP
rustboro,243,COVERED
rustboro,244,COVERED
rustboro,245,TOP
rustboro,246,TOP
rustboro,247,COVERED
rustboro,248,TOP
rustboro,249,TOP
rustboro,250,TOP
rustboro,251,COVERED
rustboro,252,COVERED
rustboro,253,COVERED
rustboro,254,COVERED
rustboro,255,COVERED
rustboro,256,TOP
rustboro,257,TOP
rustboro,258,TOP
rustboro,259,COVERED
rustboro,260,COVERED
rustboro,261,COVERED
rustboro,262,TOP
rustboro,263,COVERED
rustboro,264,TOP
rustboro,265,TOP
rustboro,266,TOP
rustboro,267,COVERED
rustboro,268,COVERED
rustboro,269,COVERED
rustboro,270,TOP
rustboro,271,TOP
rustboro,272,COVERED
rustboro,273,COVERED
rustboro,274,COVERED
rustboro,275,COVERED
rustboro,276,COVERED
rustboro,277,COVERED
rustboro,278,TOP
rustboro,279,TOP
rustboro,280,COVERED
rustboro,281,COVERED
rustboro,282,COVERED
rustboro,283,COVERED
rustboro,284,COVERED
rustboro,285,COVERED
rustboro,286,COVERED
rustboro,287,COVERED
rustboro,288,COVERED
rustboro,289,COVERED
rustboro,290,COVERED
rustboro,291,COVERED
rustboro,292,COVERED
rustboro,293,TOP
rustboro,294,TOP
rustboro,295,COVERED
rustboro,296,COVERED
rustboro,297,COVERED
rustboro,298,COVERED
rustboro,299,COVERED
rustboro,300,COVERED
rustboro,301,COVERED
rustboro,302,COVERED
rustboro,303,COVERED
rustboro,304,TOP
rustboro,305,TOP
rustboro,306,TOP
rustboro,307,COVERED
rustboro,308,COVERED
rustboro,309,COVERED
rustboro,310,COVERED
rustboro,311,COVERED
rustboro,312,COVERED
rustboro,313,COVERED
rustboro,314,COVERED
rustboro,315,COVERED
rustboro,316,COVERED
rustboro,317,COVERED
rustboro,318,COVERED
rustboro,319,COVERED
rustboro,320,COVERED
rustboro,321,COVERED
rustboro,322,COVERED
rustboro,323,COVERED
rustboro,324,COVERED
rustboro,325,COVERED
rustboro,326,COVERED
rustboro,327,COVERED
rustboro,328,COVERED
rustboro,329,COVERED
rustboro,330,COVERED
rustboro,331,COVERED
rustboro,332,COVERED
rustboro,333,COVERED
rustboro,334,COVERED
rustboro,335,COVERED
rustboro,336,COVERED
rustboro,337,COVERED
rustboro,338,COVERED
rustboro,339,COVERED
rustboro,340,COVERED
rustboro,341,COVERED
rustboro,342,COVERED
rustboro,343,COVERED
rustboro,344,COVERED
rustboro,345,COVERED
rustboro,346,COVERED
rustboro,347,COVERED
rustboro,348,COVERED
rustboro,349,COVERED
lilycove_museum,0,COVERED
lilycove_museum,1,TOP
lilycove_museum,2,TOP
lilycove_museum,3,TOP
lilycove_museum,4,TOP
lilycove_museum,5,TOP
lilycove_museum,6,TOP
lilycove_museum,7,TOP
lilycove_museum,8,TOP
lilycove_museum,9,TOP
lilycove_museum,10,TOP
lilycove_museum,11,TOP
lilycove_museum,12,TOP
lilycove_museum,13,TOP
lilycove_museum,14,TOP
lilycove_museum,15,TOP
lilycove_museum,16,TOP
lilycove_museum,17,TOP
lilycove_museum,18,TOP
lilycove_museum,19,TOP
lilycove_museum,20,TOP
lilycove_museum,21,TOP
lilycove_museum,22,TOP
lilycove_museum,23,TOP
lilycove_museum,24,COVERED
lilycove_museum,25,COVERED
lilycove_museum,26,COVERED
lilycove_museum,27,COVERED
lilycove_museum,28,COVERED
lilycove_museum,29,COVERED
lilycove_museum,30,COVERED
lilycove_museum,31,COVERED
lilycove_museum,32,COVERED
lilycove_museum,33,COVERED
lilycove_museum,34,COVERED
lilycove_museum,35,COVERED
lilycove_museum,36,COVERED
lilycove_museum,37,COVERED
lilycove_museum,38,COVERED
lilycove_museum,39,COVERED
lilycove_museum,40,COVERED
lilycove_museum,41,COVERED
lilycove_museum,42,COVERED
lilycove_museum,43,TOP
lilycove_museum,44,COVERED
lilycove_museum,45,COVERED
lilycove_museum,46,COVERED
lilycove_museum,47,COVERED
lilycove_museum,48,COVERED
lilycove_museum,49,COVERED
lilycove_museum,50,COVERED
lilycove_museum,51,COVERED
lilycove_museum,52,TOP
lilycove_museum,53,COVERED
lilycove_museum,54,COVERED
lilycove_museum,55,COVERED
lilycove_museum,56,TOP
lilycove_museum,57,TOP
lilycove_museum,58,TOP
lilycove_museum,59,TOP
lilycove_museum,60,TOP
lilycove_museum,61,TOP
lilycove_museum,62,TOP
lilycove_museum,63,TOP
lilycove_museum,64,COVERED
lilycove_museum,65,COVERED
lilycove_museum,66,TOP
lilycove_museum,67,TOP
lilycove_museum,68,TOP
lilycove_museum,69,TOP
lilycove_museum,70,TOP
lilycove_museum,71,TOP
lilycove_museum,72,TOP
lilycove_museum,73,TOP
lilycove_museum,74,TOP
lilycove_museum,75,TOP
lilycove_museum,76,TOP
lilycove_museum,77,TOP
lilycove_museum,78,TOP
lilycove_museum,79,TOP
lilycove_museum,80,TOP
lilycove_museum,81,TOP
lilycove_museum,82,COVERED
lilycove_museum,83,COVERED
lilycove_museum,84,COVERED
lilycove_museum,85,TOP
lilycove_museum,86,TOP
lilycove_museum,87,TOP
lilycove_museum,88,TOP
lilycove_museum,89,TOP
lilycove_museum,90,TOP
lilycove_museum,91,TOP
lilycove_museum,92,TOP
lilycove_museum,93,TOP
lilycove_museum,94,TOP
lilycove_museum,95,TOP
lilycove_museum,96,TOP
lilycove_museum,97,TOP
lilycove_museum,98,TOP
lilycove_museum,99,TOP
lilycove_museum,100,TOP
lilycove_museum,101,TOP
lilycove_museum,102,TOP
lilycove_museum,103,TOP
lilycove_museum,104,TOP
lilycove_museum,105,TOP
lilycove_museum,106,TOP
lilycove_museum,107,TOP
lilycove_museum,108,TOP
lilycove_museum,109,TOP
lilycove_museum,110,TOP
lilycove_museum,111,TOP
lilycove_museum,112,TOP
lilycove_museum,113,TOP
lilycove_museum,114,TOP
lilycove_museum,115,TOP
lilycove_museum,116,TOP
lilycove_museum,117,TOP
lilycove_museum,118,TOP
lilycove_museum,119,TOP
lilycove_museum,120,TOP
lilycove_museum,121,TOP
lilycove_museum,122,TOP
lilycove_museum,123,TOP
lilycove_museum,124,TOP
lilycove_museum,125,TOP
lilycove_museum,126,TOP
lilycove_museum,127,TOP
lilycove_museum,128,TOP
lilycove_museum,129,TOP
lilycove_museum,130,TOP
lilycove_museum,131,TOP
lilycove_museum,132,COVERED
lilycove_museum,133,COVERED
lilycove_museum,134,TOP
lilycove_museum,135,COVERED
lilycove_museum,136,TOP
lilycove_museum,137,TOP
lilycove_museum,138,TOP
lilycove_museum,139,TOP
lilycove_museum,140,COVERED
lilycove_museum,141,COVERED
lilycove_museum,142,TOP
dewford_gym,0,COVERED
dewford_gym,1,TOP
dewford_gym,2,TOP
dewford_gym,3,TOP
dewford_gym,4,TOP
dewford_gym,5,TOP
dewford_gym,6,TOP
dewford_gym,7,TOP
dewford_gym,8,TOP
dewford_gym,9,TOP
dewford_gym,10,TOP
dewford_gym,11,TOP
dewford_gym,12,TOP
dewford_gym,13,TOP
dewford_gym,14,TOP
dewford_gym,15,TOP
dewford_gym,16,TOP
dewford_gym,17,TOP
dewford_gym,18,TOP
dewford_gym,19,TOP
dewford_gym,20,TOP
dewford_gym,21,TOP
dewford_gym,22,TOP
dewford_gym,23,TOP
dewford_gym,24,TOP
dewford_gym,25,TOP
dewford_gym,26,TOP
dewford_gym,27,TOP
dewford_gym,28,TOP
dewford_gym,29,TOP
dewford_gym,30,TOP
dewford_gym,31,TOP
dewford_gym,32,TOP
dewford_gym,33,TOP
dewford_gym,34,TOP
dewford_gym,35,TOP
dewford_gym,36,COVERED
dewford_gym,37,COVERED
dewford_gym,38,COVERED
dewford_gym,39,COVERED
dewford_gym,40,TOP
dewford_gym,41,TOP
dewford_gym,42,COVERED
dewford_gym,43,COVERED
dewford_gym,44,COVERED
dewford_gym,45,COVERED
dewford_gym,46,TOP
dewford_gym,47,TOP
dewford_gym,48,TOP
dewford_gym,49,TOP
dewford_gym,50,COVERED
dewford_gym,51,COVERED
dewford_gym,52,COVERED
dewford_gym,53,COVERED
dewford_gym,54,COVERED
dewford_gym,55,TOP
dewford_gym,56,TOP
dewford_gym,57,TOP
dewford_gym,58,TOP
dewford_gym,59,COVERED
dewford_gym,60,COVERED
dewford_gym,61,COVERED
dewford_gym,62,COVERED
dewford_gym,63,COVERED
dewford_gym,64,COVERED
dewford_gym,65,COVERED
dewford_gym,66,COVERED
dewford_gym,67,COVERED
dewford_gym,68,COVERED
elite_four,0,COVERED
elite_four,1,COVERED
elite_four,2,COVERED
elite_four,3,COVERED
elite_four,4,COVERED
elite_four,5,COVERED
elite_four,6,COVERED
elite_four,7,TOP
elite_four,8,TOP
elite_four,9,COVERED
elite_four,10,COVERED
elite_four,11,COVERED
elite_four,12,COVERED
elite_four,13,COVERED
elite_four,14,COVERED
elite_four,15,TOP
elite_four,16,COVERED
elite_four,17,TOP
elite_four,18,TOP
elite_four,19,COVERED
elite_four,20,COVERED
elite_four,21,TOP
elite_four,22,TOP
elite_four,23,TOP
elite_four,24,COVERED
elite_four,25,COVERED
elite_four,26,COVERED
elite_four,27,COVERED
elite_four,28,COVERED
elite_four,29,COVERED
elite_four,30,COVERED
elite_four,31,COVERED
elite_four,32,COVERED
elite_four,33,COVERED
elite_four,34,COVERED
elite_four,35,COVERED
elite_four,36,COVERED
elite_four,37,COVERED
elite_four,38,COVERED
elite_four,39,COVERED
elite_four,40,COVERED
elite_four,41,COVERED
elite_four,42,COVERED
elite_four,43,COVERED
elite_four,44,COVERED
elite_four,45,COVERED
elite_four,46,COVERED
elite_four,47,COVERED
elite_four,48,COVERED
elite_four,49,COVERED
elite_four,50,COVERED
elite_four,51,COVERED
elite_four,52,COVERED
elite_four,53,COVERED
elite_four,54,COVERED
elite_four,55,COVERED
elite_four,56,COVERED
elite_four,57,TOP
elite_four,58,COVERED
elite_four,59,COVERED
elite_four,60,COVERED
elite_four,61,COVERED
elite_four,62,TOP
elite_four,63,COVERED
elite_four,64,COVERED
elite_four,65,TOP
elite_four,66,TOP
elite_four,67,COVERED
elite_four,68,COVERED
elite_four,69,TOP
elite_four,70,TOP
elite_four,71,TOP
elite_four,72,COVERED
elite_four,73,COVERED
elite_four,74,COVERED
elite_four,75,COVERED
elite_four,76,COVERED
elite_four,77,COVERED
elite_four,78,COVERED
elite_four,79,COVERED
elite_four,80,COVERED
elite_four,81,COVERED
elite_four,82,COVERED
elite_four,83,COVERED
elite_four,84,COVERED
elite_four,85,COVERED
elite_four,86,COVERED
elite_four,87,COVERED
elite_four,88,COVERED
elite_four,89,COVERED
elite_four,90,COVERED
elite_four,91,COVERED
elite_four,92,COVERED
elite_four,93,COVERED
elite_four,94,COVERED
elite_four,95,COVERED
elite_four,96,COVERED
elite_four,97,COVERED
elite_four,98,COVERED
elite_four,99,COVERED
elite_four,100,COVERED
elite_four,101,COVERED
elite_four,102,COVERED
elite_four,103,COVERED
elite_four,104,COVERED
elite_four,105,TOP
elite_four,106,TOP
elite_four,107,COVERED
elite_four,108,COVERED
elite_four,109,COVERED
elite_four,110,COVERED
elite_four,111,COVERED
elite_four,112,COVERED
elite_four,113,COVERED
elite_four,114,TOP
elite_four,115,COVERED
elite_four,116,COVERED
elite_four,117,TOP
elite_four,118,TOP
elite_four,119,TOP
elite_four,120,COVERED
elite_four,121,COVERED
elite_four,122,COVERED
elite_four,123,COVERED
elite_four,124,COVERED
elite_four,125,COVERED
elite_four,126,COVERED
elite_four,127,COVERED
elite_four,128,COVERED
elite_four,129,COVERED
elite_four,130,COVERED
elite_four,131,COVERED
elite_four,132,COVERED
elite_four,133,COVERED
elite_four,134,COVERED
elite_four,135,COVERED
elite_four,136,COVERED
elite_four,137,COVERED
elite_four,138,COVERED
elite_four,139,COVERED
elite_four,140,COVERED
elite_four,141,COVERED
elite_four,142,COVERED
elite_four,143,COVERED
elite_four,144,COVERED
elite_four,145,COVERED
elite_four,146,COVERED
elite_four,147,COVERED
elite_four,148,COVERED
elite_four,149,COVERED
elite_four,150,COVERED
elite_four,151,COVERED
elite_four,152,COVERED
elite_four,153,TOP
elite_four,154,TOP
elite_four,155,COVERED
elite_four,156,COVERED
elite_four,157,COVERED
elite_four,158,COVERED
elite_four,159,COVERED
elite_four,160,COVERED
elite_four,161,COVERED
elite_four,162,TOP
elite_four,163,COVERED
elite_four,164,COVERED
elite_four,165,TOP
elite_four,166,TOP
elite_four,167,TOP
elite_four,168,COVERED
elite_four,169,COVERED
elite_four,170,COVERED
elite_four,171,COVERED
elite_four,172,COVERED
elite_four,173,COVERED
elite_four,174,COVERED
elite_four,175,COVERED
elite_four,176,COVERED
elite_four,177,COVERED
elite_four,178,COVERED
elite_four,179,COVERED
elite_four,180,COVERED
elite_four,181,COVERED
elite_four,182,COVERED
elite_four,183,COVERED
elite_four,184,COVERED
elite_four,185,COVERED
elite_four,186,COVERED
elite_four,187,COVERED
elite_four,188,COVERED
elite_four,189,COVERED
elite_four,190,COVERED
elite_four,191,COVERED
elite_four,192,COVERED
elite_four,193,COVERED
elite_four,194,COVERED
elite_four,195,COVERED
elite_four,196,COVERED
elite_four,197,COVERED
elite_four,198,COVERED
elite_four,199,COVERED
elite_four,200,COVERED
elite_four,201,TOP
elite_four,202,TOP
elite_four,203,COVERED
elite_four,204,COVERED
elite_four,205,COVERED
elite_four,206,COVERED
elite_four,207,COVERED
elite_four,208,TOP
elite_four,209,TOP
elite_four,210,TOP
elite_four,211,TOP
elite_four,212,TOP
elite_four,213,TOP
elite_four,214,TOP
elite_four,215,TOP
elite_four,216,TOP
elite_four,217,TOP
elite_four,218,TOP
elite_four,219,TOP
elite_four,220,TOP
elite_four,221,TOP
elite_four,222,TOP
elite_four,223,TOP
elite_four,224,TOP
elite_four,225,TOP
elite_four,226,TOP
elite_four,227,TOP
elite_four,228,TOP
elite_four,229,TOP
elite_four,230,TOP
elite_four,231,TOP
elite_four,232,COVERED
elite_four,233,COVERED
elite_four,234,TOP
elite_four,235,COVERED
elite_four,236,COVERED
elite_four,237,COVERED
elite_four,238,COVERED
elite_four,239,COVERED
elite_four,240,COVERED
elite_four,241,TOP
elite_four,242,COVERED
elite_four,243,COVERED
elite_four,244,COVERED
elite_four,245,COVERED
elite_four,246,TOP
elite_four,247,COVERED
elite_four,248,COVERED
elite_four,249,COVERED
elite_four,250,COVERED
elite_four,251,COVERED
elite_four,252,COVERED
elite_four,253,COVERED
elite_four,254,COVERED
elite_four,255,COVERED
elite_four,256,COVERED
elite_four,257,COVERED
elite_four,258,COVERED
elite_four,259,COVERED
elite_four,260,COVERED
elite_four,261,TOP
elite_four,262,COVERED
elite_four,263,COVERED
elite_four,264,COVERED
elite_four,265,COVERED
elite_four,266,COVERED
elite_four,267,COVERED
elite_four,268,COVERED
elite_four,269,COVERED
elite_four,270,COVERED
elite_four,271,COVERED
elite_four,272,COVERED
elite_four,273,COVERED
elite_four,274,COVERED
elite_four,275,TOP
elite_four,276,COVERED
elite_four,277,COVERED
elite_four,278,COVERED
elite_four,279,COVERED
elite_four,280,COVERED
elite_four,281,COVERED
elite_four,282,TOP
elite_four,283,TOP
elite_four,284,TOP
elite_four,285,COVERED
elite_four,286,COVERED
elite_four,287,COVERED
elite_four,288,COVERED
elite_four,289,COVERED
elite_four,290,TOP
elite_four,291,TOP
elite_four,292,TOP
elite_four,293,COVERED
elite_four,294,COVERED
elite_four,295,COVERED
elite_four,296,TOP
elite_four,297,COVERED
elite_four,298,COVERED
elite_four,299,TOP
elite_four,300,TOP
elite_four,301,COVERED
elite_four,302,COVERED
elite_four,303,COVERED
elite_four,304,TOP
elite_four,305,TOP
elite_four,306,TOP
elite_four,307,TOP
elite_four,308,TOP
elite_four,309,COVERED
elite_four,310,COVERED
elite_four,311,COVERED
elite_four,312,COVERED
elite_four,313,COVERED
elite_four,314,COVERED
elite_four,315,COVERED
elite_four,316,COVERED
elite_four,317,COVERED
elite_four,318,COVERED
elite_four,319,COVERED
elite_four,320,COVERED
elite_four,321,COVERED
elite_four,322,COVERED
elite_four,323,COVERED
elite_four,324,COVERED
elite_four,325,COVERED
elite_four,326,COVERED
elite_four,327,COVERED
elite_four,328,TOP
elite_four,329,TOP
elite_four,330,COVERED
elite_four,331,TOP
mystery_events_house,0,COVERED
mystery_events_house,1,TOP
mystery_events_house,2,TOP
mystery_events_house,3,TOP
mystery_events_house,4,TOP
mystery_events_house,5,COVERED
mystery_events_house,6,COVERED
mystery_events_house,7,COVERED
mystery_events_house,8,COVERED
mystery_events_house,9,COVERED
mystery_events_house,10,TOP
mystery_events_house,11,TOP
mystery_events_house,12,TOP
mystery_events_house,13,COVERED
mystery_events_house,14,COVERED
mystery_events_house,15,COVERED
mystery_events_house,16,COVERED
mystery_events_house,17,COVERED
mystery_events_house,18,COVERED
mystery_events_house,19,COVERED
mystery_events_house,20,COVERED
mystery_events_house,21,COVERED
mystery_events_house,22,COVERED
mystery_events_house,23,COVERED
mystery_events_house,24,TOP
mystery_events_house,25,TOP
mystery_events_house,26,COVERED
mystery_events_house,27,COVERED
mystery_events_house,28,COVERED
mystery_events_house,29,COVERED
mystery_events_house,30,COVERED
mystery_events_house,31,COVERED
mystery_events_house,32,TOP
mystery_events_house,33,TOP
mystery_events_house,34,TOP
mystery_events_house,35,TOP
mystery_events_house,36,COVERED
mystery_events_house,37,COVERED
mystery_events_house,38,COVERED
mystery_events_house,39,TOP
mystery_events_house,40,TOP
mystery_events_house,41,TOP
mystery_events_house,42,TOP
mystery_events_house,43,COVERED
mystery_events_house,44,COVERED
mystery_events_house,45,COVERED
mystery_events_house,46,COVERED
mystery_events_house,47,COVERED
mystery_events_house,48,TOP
mystery_events_house,49,TOP
mystery_events_house,50,TOP
mystery_events_house,51,COVERED
mystery_events_house,52,COVERED
mystery_events_house,53,TOP
mystery_events_house,54,TOP
mystery_events_house,55,COVERED
mystery_events_house,56,TOP
mystery_events_house,57,TOP
mystery_events_house,58,TOP
mystery_events_house,59,COVERED
mystery_events_house,60,COVERED
mystery_events_house,61,COVERED
mystery_events_house,62,COVERED
mystery_events_house,63,COVERED
mystery_events_house,64,TOP
mystery_events_house,65,TOP
mystery_events_house,66,TOP
route_204_south,0,COVERED
route_204_south,1,COVERED
route_204_south,2,COVERED
route_204_south,3,NORMAL
route_204_south,4,NORMAL
route_204_south,5,COVERED
route_204_south,6,COVERED
route_204_south,7,COVERED
route_204_south,8,COVERED
route_204_south,9,COVERED
route_204_south,10,COVERED
route_204_south,11,NORMAL
route_204_south,12,NORMAL
route_204_south,13,COVERED
route_204_south,14,COVERED
route_204_south,15,COVERED
route_204_south,16,COVERED
route_204_south,17,COVERED
route_204_south,18,COVERED
route_204_south,19,NORMAL
route_204_south,20,COVERED
route_204_south,21,COVERED
route_204_south,22,COVERED
route_204_south,23,COVERED
route_204_south,24,COVERED
route_204_south,25,NORMAL
route_204_south,26,NORMAL
route_204_south,27,NORMAL
route_204_south,28,COVERED
route_204_south,29,NORMAL
route_204_south,30,NORMAL
route_204_south,31,NORMAL
route_204_south,32,COVERED
route_204_south,33,COVERED
route_204_south,34,COVERED
route_204_south,35,NORMAL
route_204_south,36,COVERED
route_204_south,37,NORMAL
route_204_south,38,NORMAL
route_204_south,39,NORMAL
route_204_south,40,COVERED
route_204_south,41,NORMAL
route_204_south,42,COVERED
route_204_south,43,COVERED
route_204_south,44,COVERED
route_204_south,45,TOP
route_204_south,46,TOP
route_204_south,47,COVERED
route_204_south,48,NORMAL
route_204_south,49,COVERED
route_204_south,50,COVERED
route_204_south,51,COVERED
route_204_south,52,COVERED
route_204_south,53,COVERED
route_204_south,54,TOP
route_204_south,55,TOP
route_204_south,56,COVERED
route_204_south,57,COVERED
route_204_south,58,COVERED
route_204_south,59,COVERED
route_204_south,60,COVERED
route_204_south,61,TOP
route_204_south,62,NORMAL
route_204_south,63,NORMAL
route_204_south,64,COVERED
route_204_south,65,COVERED
route_204_south,66,COVERED
route_204_south,67,COVERED
route_204_south,68,COVERED
route_204_south,69,TOP
route_204_south,70,TOP
route_204_south,71,COVERED
route_204_south,72,COVERED
route_204_south,73,COVERED
route_204_south,74,COVERED
route_204_south,75,COVERED
route_204_south,76,COVERED
route_204_south,77,NORMAL
route_204_south,78,NORMAL
route_204_south,79,NORMAL
route_204_south,80,COVERED
route_204_south,81,COVERED
route_204_south,82,COVERED
route_204_south,83,COVERED
route_204_south,84,COVERED
route_204_south,85,NORMAL
route_204_south,86,TOP
route_204_south,87,COVERED
route_204_south,88,COVERED
route_204_south,89,COVERED
route_204_south,90,COVERED
route_204_south,91,COVERED
route_204_south,92,COVERED
route_204_south,93,COVERED
route_204_south,94,COVERED
route_204_south,95,COVERED
route_204_south,96,COVERED
route_204_south,97,COVERED
route_204_south,98,COVERED
route_204_south,99,COVERED
route_204_south,100,COVERED
route_204_south,101,COVERED
route_204_south,102,COVERED
route_204_south,103,COVERED
route_204_south,104,COVERED
route_204_south,105,COVERED
route_204_south,106,COVERED
route_204_south,107,COVERED
route_204_south,108,COVERED
route_204_south,109,COVERED
route_204_south,110,COVERED
route_204_south,111,COVERED
route_204_south,112,COVERED
route_204_south,113,COVERED
route_204_south,114,COVERED
route_204_south,115,COVERED
route_204_south,116,COVERED
route_204_south,117,COVERED
route_204_south,118,COVERED
route_204_south,119,COVERED
route_204_south,120,COVERED
route_204_south,121,COVERED
route_204_south,122,COVERED
route_204_south,123,COVERED
route_204_south,124,COVERED
route_204_south,125,COVERED
route_204_south,126,COVERED
route_204_south,127,COVERED
contest,0,TOP
contest,1,TOP
contest,2,TOP
contest,3,TOP
contest,4,TOP
contest,5,TOP
contest,6,COVERED
contest,7,COVERED
contest,8,TOP
contest,9,TOP
contest,10,TOP
contest,11,TOP
contest,12,COVERED
contest,13,COVERED
contest,14,COVERED
contest,15,COVERED
contest,16,COVERED
contest,17,COVERED
contest,18,COVERED
contest,19,COVERED
contest,20,COVERED
contest,21,COVERED
contest,22,COVERED
contest,23,COVERED
contest,24,COVERED
contest,25,COVERED
contest,26,TOP
contest,27,TOP
contest,28,COVERED
contest,29,COVERED
contest,30,COVERED
contest,31,COVERED
contest,32,TOP
contest,33,TOP
contest,34,TOP
contest,35,TOP
contest,36,COVERED
contest,37,COVERED
contest,38,COVERED
contest,39,COVERED
contest,40,TOP
contest,41,COVERED
contest,42,TOP
contest,43,TOP
contest,44,TOP
contest,45,COVERED
contest,46,TOP
contest,47,TOP
contest,48,TOP
contest,49,COVERED
contest,50,TOP
contest,51,COVERED
contest,52,TOP
contest,53,TOP
contest,54,TOP
contest,55,COVERED
contest,56,COVERED
contest,57,COVERED
contest,58,COVERED
contest,59,COVERED
contest,60,COVERED
contest,61,COVERED
contest,62,COVERED
contest,63,TOP
contest,64,COVERED
contest,65,COVERED
contest,66,COVERED
contest,67,COVERED
contest,68,COVERED
contest,69,COVERED
contest,70,COVERED
contest,71,COVERED
contest,72,COVERED
contest,73,COVERED
contest,74,TOP
contest,75,COVERED
contest,76,COVERED
contest,77,COVERED
contest,78,COVERED
contest,79,COVERED
contest,80,COVERED
contest,81,COVERED
contest,82,COVERED
contest,83,COVERED
contest,84,COVERED
contest,85,COVERED
contest,86,COVERED
contest,87,COVERED
contest,88,COVERED
contest,89,COVERED
contest,90,COVERED
contest,91,COVERED
contest,92,COVERED
contest,93,COVERED
contest,94,TOP
contest,95,TOP
contest,96,TOP
contest,97,TOP
contest,98,COVERED
contest,99,COVERED
contest,100,COVERED
contest,101,COVERED
contest,102,TOP
contest,103,TOP
contest,104,COVERED
contest,105,COVERED
contest,106,COVERED
contest,107,TOP
contest,108,TOP
contest,109,TOP
contest,110,COVERED
contest,111,TOP
contest,112,COVERED
contest,113,COVERED
contest,114,COVERED
contest,115,TOP
contest,116,TOP
contest,117,TOP
contest,118,COVERED
contest,119,COVERED
contest,120,COVERED
contest,121,COVERED
contest,122,COVERED
contest,123,TOP
contest,124,TOP
contest,125,TOP
contest,126,COVERED
contest,127,TOP
contest,128,COVERED
contest,129,COVERED
contest,130,COVERED
contest,131,TOP
contest,132,TOP
contest,133,TOP
contest,134,COVERED
contest,135,COVERED
contest,136,COVERED
contest,137,COVERED
contest,138,COVERED
contest,139,TOP
contest,140,TOP
contest,141,TOP
contest,142,COVERED
contest,143,TOP
contest,144,COVERED
contest,145,COVERED
contest,146,COVERED
contest,147,TOP
contest,148,TOP
contest,149,TOP
contest,150,COVERED
contest,151,COVERED
contest,152,COVERED
contest,153,COVERED
contest,154,COVERED
contest,155,TOP
contest,156,TOP
contest,157,TOP
contest,158,TOP
contest,159,TOP
contest,160,COVERED
contest,161,COVERED
contest,162,COVERED
contest,163,TOP
contest,164,TOP
contest,165,TOP
contest,166,COVERED
contest,167,COVERED
contest,168,COVERED
contest,169,COVERED
contest,170,COVERED
contest,171,TOP
contest,172,TOP
contest,173,TOP
contest,174,TOP
contest,175,TOP
contest,176,COVERED
contest,177,COVERED
contest,178,COVERED
contest,179,TOP
contest,180,TOP
contest,181,TOP
contest,182,COVERED
contest,183,COVERED
contest,184,COVERED
contest,185,COVERED
contest,186,TOP
contest,187,TOP
contest,188,TOP
contest,189,TOP
contest,190,TOP
contest,191,TOP
contest,192,COVERED
contest,193,COVERED
contest,194,COVERED
contest,195,TOP
contest,196,TOP
contest,197,TOP
contest,198,TOP
contest,199,COVERED
contest,200,COVERED
contest,201,COVERED
contest,202,COVERED
contest,203,COVERED
contest,204,COVERED
contest,205,COVERED
contest,206,COVERED
contest,207,COVERED
contest,208,COVERED
contest,209,TOP
contest,210,TOP
contest,211,TOP
contest,212,COVERED
contest,213,COVERED
contest,214,COVERED
contest,215,TOP
contest,216,COVERED
contest,217,COVERED
contest,218,COVERED
contest,219,COVERED
contest,220,COVERED
contest,221,COVERED
contest,222,COVERED
contest,223,COVERED
contest,224,COVERED
contest,225,COVERED
contest,226,COVERED
contest,227,COVERED
contest,228,COVERED
contest,229,COVERED
contest,230,COVERED
contest,231,COVERED
contest,232,COVERED
pokemon_school,0,TOP
pokemon_school,1,TOP
pokemon_school,2,TOP
pokemon_school,3,TOP
pokemon_school,4,TOP
pokemon_school,5,TOP
pokemon_school,6,TOP
pokemon_school,7,TOP
pokemon_school,8,TOP
pokemon_school,9,TOP
pokemon_school,10,TOP
pokemon_school,11,TOP
pokemon_school,12,COVERED
pokemon_school,13,COVERED
pokemon_school,14,COVERED
pokemon_school,15,TOP
pokemon_school,16,TOP
pokemon_school,17,COVERED
pokemon_school,18,COVERED
pokemon_school,19,TOP
pokemon_school,20,COVERED
pokemon_school,21,COVERED
pokemon_school,22,COVERED
pokemon_school,23,TOP
pokemon_school,24,TOP
pokemon_school,25,COVERED
pokemon_school,26,COVERED
pokemon_school,27,TOP
pokemon_school,28,TOP
pokemon_school,29,TOP
pokemon_school,30,TOP
pokemon_school,31,TOP
pokemon_school,32,TOP
pokemon_school,33,TOP
pokemon_school,34,TOP
pokemon_school,35,TOP
pokemon_school,36,COVERED
pokemon_school,37,COVERED
pokemon_school,38,TOP
pokemon_school,39,TOP
pokemon_school,40,TOP
pokemon_school,41,TOP
pokemon_school,42,TOP
pokemon_school,43,TOP
pokemon_school,44,TOP
pokemon_school,45,TOP
pokemon_school,46,TOP
pokemon_school,47,TOP
pokemon_school,48,TOP
pokemon_school,49,TOP
pokemon_school,50,TOP
pokemon_school,51,TOP
pokemon_school,52,TOP
pokemon_school,53,TOP
pokemon_school,54,TOP
pokemon_school,55,TOP
pokemon_school,56,TOP
pokemon_school,57,TOP
route_203,0,COVERED
route_203,1,COVERED
route_203,2,COVERED
route_203,3,NORMAL
route_203,4,COVERED
route_203,5,COVERED
route_203,6,COVERED
route_203,7,COVERED
route_203,8,COVERED
route_203,9,COVERED
route_203,10,COVERED
route_203,11,SPLIT
route_203,12,COVERED
route_203,13,COVERED
route_203,14,COVERED
route_203,15,COVERED
route_203,16,COVERED
route_203,17,COVERED
route_203,18,COVERED
route_203,19,COVERED
route_203,20,COVERED
route_203,21,COVERED
route_203,22,COVERED
route_203,23,COVERED
route_203,24,COVERED
route_203,25,COVERED
route_203,26,COVERED
route_203,27,COVERED
route_203,28,COVERED
route_203,29,COVERED
route_203,30,COVERED
route_203,31,COVERED
route_203,32,COVERED
route_203,33,COVERED
route_203,34,COVERED
route_203,35,COVERED
route_203,36,COVERED
route_203,37,NORMAL
route_203,38,COVERED
route_203,39,COVERED
route_203,40,COVERED
route_203,41,COVERED
route_203,42,COVERED
route_203,43,COVERED
route_203,44,COVERED
route_203,45,TOP
route_203,46,TOP
route_203,47,TOP
route_203,48,COVERED
route_203,49,COVERED
route_203,50,COVERED
route_203,51,COVERED
route_203,52,COVERED
route_203,53,COVERED
route_203,54,NORMAL
route_203,55,TOP
route_203,56,COVERED
route_203,57,COVERED
route_203,58,COVERED
route_203,59,COVERED
route_203,60,COVERED
route_203,61,TOP
route_203,62,TOP
route_203,63,TOP
route_203,64,COVERED
route_203,65,COVERED
route_203,66,COVERED
route_203,67,COVERED
route_203,68,COVERED
route_203,69,COVERED
route_203,70,COVERED
route_203,71,TOP
route_203,72,COVERED
route_203,73,COVERED
route_203,74,COVERED
route_203,75,COVERED
route_203,76,COVERED
route_203,77,COVERED
route_203,78,COVERED
route_203,79,TOP
route_203,80,COVERED
route_203,81,COVERED
route_203,82,COVERED
route_203,83,COVERED
route_203,84,COVERED
route_203,85,COVERED
route_203,86,COVERED
route_203,87,COVERED
route_203,88,COVERED
route_203,89,COVERED
route_203,90,COVERED
route_203,91,COVERED
route_203,92,COVERED
route_203,93,COVERED
route_203,94,COVERED
route_203,95,COVERED
route_203,96,COVERED
route_203,97,COVERED
route_203,98,COVERED
route_203,99,COVERED
route_203,100,COVERED
route_203,101,COVERED
route_203,102,COVERED
route_203,103,COVERED
route_203,104,COVERED
route_203,105,COVERED
route_203,106,COVERED
route_203,107,COVERED
route_203,108,COVERED
route_203,109,COVERED
route_203,110,COVERED
route_203,111,COVERED
route_203,112,COVERED
route_203,113,COVERED
route_203,114,COVERED
route_203,115,COVERED
route_203,116,COVERED
route_203,117,COVERED
route_203,118,COVERED
route_203,119,COVERED
route_203,120,COVERED
route_203,121,COVERED
route_203,122,COVERED
route_203,123,COVERED
route_203,124,COVERED
route_203,125,COVERED
route_203,126,COVERED
route_203,127,COVERED
valley_windworks,0,NORMAL
valley_windworks,1,NORMAL
valley_windworks,2,COVERED
valley_windworks,3,NORMAL
valley_windworks,4,COVERED
valley_windworks,5,NORMAL
valley_windworks,6,NORMAL
valley_windworks,7,COVERED
valley_windworks,8,NORMAL
valley_windworks,9,NORMAL
valley_windworks,10,NORMAL
valley_windworks,11,SPLIT
valley_windworks,12,SPLIT
valley_windworks,13,NORMAL
valley_windworks,14,NORMAL
valley_windworks,15,COVERED
valley_windworks,16,COVERED
valley_windworks,17,NORMAL
valley_windworks,18,SPLIT
valley_windworks,19,SPLIT
valley_windworks,20,SPLIT
valley_windworks,21,SPLIT
valley_windworks,22,COVERED
valley_windworks,23,COVERED
valley_windworks,24,COVERED
valley_windworks,25,NORMAL
valley_windworks,26,NORMAL
valley_windworks,27,SPLIT
valley_windworks,28,SPLIT
valley_windworks,29,NORMAL
valley_windworks,30,COVERED
valley_windworks,31,COVERED
valley_windworks,32,NORMAL
valley_windworks,33,NORMAL
valley_windworks,34,NORMAL
valley_windworks,35,NORMAL
valley_windworks,36,NORMAL
valley_windworks,37,NORMAL
valley_windworks,38,NORMAL
valley_windworks,39,COVERED
valley_windworks,40,COVERED
valley_windworks,41,COVERED
valley_windworks,42,COVERED
valley_windworks,43,NORMAL
valley_windworks,44,NORMAL
valley_windworks,45,COVERED
valley_windworks,46,COVERED
valley_windworks,47,COVERED
valley_windworks,48,NORMAL
valley_windworks,49,NORMAL
valley_windworks,50,SPLIT
valley_windworks,51,SPLIT
valley_windworks,52,SPLIT
valley_windworks,53,NORMAL
valley_windworks,54,NORMAL
valley_windworks,55,COVERED
valley_windworks,56,COVERED
valley_windworks,57,COVERED
valley_windworks,58,NORMAL
valley_windworks,59,NORMAL
valley_windworks,60,NORMAL
valley_windworks,61,COVERED
valley_windworks,62,COVERED
valley_windworks,63,COVERED
valley_windworks,64,COVERED
valley_windworks,65,COVERED
valley_windworks,66,COVERED
valley_windworks,67,COVERED
valley_windworks,68,COVERED
valley_windworks,69,COVERED
valley_windworks,70,COVERED
valley_windworks,71,COVERED
valley_windworks,72,COVERED
valley_windworks,73,COVERED
valley_windworks,74,COVERED
valley_windworks,75,COVERED
valley_windworks,76,COVERED
valley_windworks,77,SPLIT
valley_windworks,78,SPLIT
valley_windworks,79,COVERED
valley_windworks,80,NORMAL
valley_windworks,81,SPLIT
valley_windworks,82,NORMAL
valley_windworks,83,SPLIT
valley_windworks,84,COVERED
valley_windworks,85,SPLIT
valley_windworks,86,SPLIT
valley_windworks,87,COVERED
valley_windworks,88,NORMAL
valley_windworks,89,NORMAL
valley_windworks,90,NORMAL
valley_windworks,91,SPLIT
valley_windworks,92,NORMAL
valley_windworks,93,COVERED
valley_windworks,94,COVERED
valley_windworks,95,COVERED
valley_windworks,96,NORMAL
valley_windworks,97,NORMAL
valley_windworks,98,NORMAL
valley_windworks,99,SPLIT
valley_windworks,100,COVERED
valley_windworks,101,COVERED
valley_windworks,102,COVERED
valley_windworks,103,COVERED
valley_windworks,104,NORMAL
valley_windworks,105,SPLIT
valley_windworks,106,COVERED
valley_windworks,107,COVERED
valley_windworks,108,COVERED
valley_windworks,109,COVERED
valley_windworks,110,COVERED
valley_windworks,111,COVERED
valley_windworks,112,COVERED
valley_windworks,113,COVERED
valley_windworks,114,COVERED
valley_windworks,115,COVERED
valley_windworks,116,COVERED
valley_windworks,117,COVERED
valley_windworks,118,COVERED
valley_windworks,119,COVERED
valley_windworks,120,COVERED
valley_windworks,121,COVERED
valley_windworks,122,COVERED
valley_windworks,123,COVERED
valley_windworks,124,COVERED
valley_windworks,125,COVERED
valley_windworks,126,COVERED
valley_windworks,127,COVERED
valley_windworks,128,COVERED
valley_windworks,129,COVERED
valley_windworks,130,COVERED
valley_windworks,131,COVERED
valley_windworks,132,COVERED
valley_windworks,133,COVERED
valley_windworks,134,COVERED
valley_windworks,135,COVERED
valley_windworks,136,COVERED
valley_windworks,137,COVERED
valley_windworks,138,COVERED
valley_windworks,139,COVERED
valley_windworks,140,COVERED
valley_windworks,141,COVERED
valley_windworks,142,COVERED
valley_windworks,143,COVERED
valley_windworks,144,COVERED
valley_windworks,145,COVERED
valley_windworks,146,COVERED
valley_windworks,147,COVERED
valley_windworks,148,COVERED
valley_windworks,149,COVERED
valley_windworks,150,COVERED
valley_windworks,151,COVERED
valley_windworks,152,COVERED
valley_windworks,153,COVERED
valley_windworks,154,COVERED
valley_windworks,155,COVERED
valley_windworks,156,COVERED
valley_windworks,157,COVERED
valley_windworks,158,COVERED
valley_windworks,159,COVERED
valley_windworks,160,COVERED
valley_windworks,161,COVERED
valley_windworks,162,COVERED
valley_windworks,163,COVERED
valley_windworks,164,COVERED
valley_windworks,165,COVERED
valley_windworks,166,COVERED
valley_windworks,167,COVERED
valley_windworks,168,COVERED
valley_windworks,169,COVERED
valley_windworks,170,COVERED
valley_windworks,171,COVERED
valley_windworks,172,COVERED
valley_windworks,173,COVERED
valley_windworks,174,COVERED
valley_windworks,175,COVERED
valley_windworks,176,COVERED
valley_windworks,177,COVERED
valley_windworks,178,COVERED
valley_windworks,179,COVERED
valley_windworks,180,COVERED
valley_windworks,181,COVERED
valley_windworks,182,COVERED
valley_windworks,183,COVERED
valley_windworks,184,COVERED
valley_windworks,185,COVERED
valley_windworks,186,COVERED
valley_windworks,187,COVERED
valley_windworks,188,COVERED
valley_windworks,189,COVERED
valley_windworks,190,COVERED
valley_windworks,191,COVERED
valley_windworks,192,COVERED
valley_windworks,193,COVERED
valley_windworks,194,COVERED
valley_windworks,195,COVERED
valley_windworks,196,COVERED
valley_windworks,197,COVERED
valley_windworks,198,COVERED
valley_windworks,199,COVERED
valley_windworks,200,COVERED
valley_windworks,201,COVERED
valley_windworks,202,COVERED
valley_windworks,203,COVERED
valley_windworks,204,COVERED
valley_windworks,205,COVERED
valley_windworks,206,COVERED
valley_windworks,207,COVERED
valley_windworks,208,COVERED
valley_windworks,209,COVERED
valley_windworks,210,COVERED
valley_windworks,211,COVERED
valley_windworks,212,COVERED
valley_windworks,213,COVERED
valley_windworks,214,COVERED
valley_windworks,215,COVERED
valley_windworks,216,COVERED
valley_windworks,217,COVERED
valley_windworks,218,COVERED
valley_windworks,219,COVERED
valley_windworks,220,COVERED
valley_windworks,221,COVERED
valley_windworks,222,COVERED
valley_windworks,223,COVERED
valley_windworks,224,COVERED
valley_windworks,225,COVERED
valley_windworks,226,COVERED
valley_windworks,227,COVERED
valley_windworks,228,COVERED
valley_windworks,229,COVERED
valley_windworks,230,COVERED
valley_windworks,231,COVERED
valley_windworks,232,COVERED
valley_windworks,233,COVERED
valley_windworks,234,COVERED
valley_windworks,235,COVERED
valley_windworks,236,COVERED
valley_windworks,237,COVERED
valley_windworks,238,COVERED
valley_windworks,239,COVERED
valley_windworks,240,COVERED
valley_windworks,241,COVERED
valley_windworks,242,COVERED
valley_windworks,243,COVERED
valley_windworks,244,COVERED
valley_windworks,245,COVERED
valley_windworks,246,COVERED
valley_windworks,247,COVERED
valley_windworks,248,COVERED
valley_windworks,249,COVERED
valley_windworks,250,COVERED
valley_windworks,251,COVERED
valley_windworks,252,COVERED
valley_windworks,253,COVERED
valley_windworks,254,COVERED
valley_windworks,255,COVERED
mirage_tower,0,COVERED
mirage_tower,1,TOP
mirage_tower,2,COVERED
mirage_tower,3,COVERED
mirage_tower,4,TOP
mirage_tower,5,TOP
mirage_tower,6,TOP
mirage_tower,7,TOP
mirage_tower,8,TOP
mirage_tower,9,TOP
mirage_tower,10,TOP
mirage_tower,11,TOP
mirage_tower,12,TOP
mirage_tower,13,TOP
mirage_tower,14,COVERED
mirage_tower,15,COVERED
mirage_tower,16,TOP
mirage_tower,17,TOP
mirage_tower,18,TOP
mirage_tower,19,TOP
mirage_tower,20,TOP
mirage_tower,21,TOP
mirage_tower,22,COVERED
mirage_tower,23,COVERED
mirage_tower,24,TOP
mirage_tower,25,TOP
mirage_tower,26,TOP
mirage_tower,27,TOP
mirage_tower,28,TOP
mirage_tower,29,COVERED
mirage_tower,30,COVERED
mirage_tower,31,COVERED
mirage_tower,32,COVERED
mirage_tower,33,COVERED
mirage_tower,34,COVERED
mirage_tower,35,COVERED
mirage_tower,36,COVERED
mirage_tower,37,COVERED
mirage_tower,38,COVERED
mirage_tower,39,COVERED
mirage_tower,40,TOP
mirage_tower,41,TOP
mirage_tower,42,TOP
mirage_tower,43,TOP
mirage_tower,44,TOP
mirage_tower,45,TOP
mirage_tower,46,TOP
mirage_tower,47,COVERED
mirage_tower,48,COVERED
mirage_tower,49,COVERED
mirage_tower,50,TOP
mirage_tower,51,TOP
mirage_tower,52,TOP
mirage_tower,53,TOP
mirage_tower,54,TOP
mirage_tower,55,TOP
mirage_tower,56,TOP
mirage_tower,57,TOP
mirage_tower,58,TOP
mirage_tower,59,TOP
mirage_tower,60,TOP
mirage_tower,61,COVERED
mirage_tower,62,COVERED
mirage_tower,63,TOP
mirage_tower,64,TOP
mirage_tower,65,TOP
mirage_tower,66,TOP
mirage_tower,67,TOP
mirage_tower,68,COVERED
mirage_tower,69,TOP
mirage_tower,70,COVERED
mirage_tower,71,TOP
mirage_tower,72,TOP
mirage_tower,73,TOP
mirage_tower,74,TOP
mirage_tower,75,TOP
mirage_tower,76,TOP
mirage_tower,77,TOP
mirage_tower,78,TOP
mirage_tower,79,TOP
mirage_tower,80,COVERED
mirage_tower,81,TOP
mirage_tower,82,TOP
mirage_tower,83,COVERED
mirage_tower,84,COVERED
mirage_tower,85,COVERED
mirage_tower,86,COVERED
mirage_tower,87,COVERED
mirage_tower,88,COVERED
mirage_tower,89,COVERED
mirage_tower,90,COVERED
mirage_tower,91,COVERED
mirage_tower,92,COVERED
mirage_tower,93,COVERED
mirage_tower,94,TOP
mirage_tower,95,TOP
mirage_tower,96,TOP
mirage_tower,97,TOP
mirage_tower,98,COVERED
mirage_tower,99,COVERED
mirage_tower,100,COVERED
mirage_tower,101,COVERED
mirage_tower,102,COVERED
mirage_tower,103,TOP
mirage_tower,104,COVERED
mirage_tower,105,COVERED
mirage_tower,106,COVERED
mirage_tower,107,COVERED
mirage_tower,108,COVERED
mirage_tower,109,COVERED
mirage_tower,110,COVERED
mirage_tower,111,COVERED
mirage_tower,112,COVERED
mirage_tower,113,COVERED
mirage_tower,114,COVERED
mirage_tower,115,COVERED
mirage_tower,116,COVERED
mirage_tower,117,TOP
mirage_tower,118,TOP
mirage_tower,119,TOP
mirage_tower,120,COVERED
mirage_tower,121,COVERED
mirage_tower,122,COVERED
mirage_tower,123,COVERED
mirage_tower,124,COVERED
mirage_tower,125,COVERED
mirage_tower,126,COVERED
mirage_tower,127,TOP
mirage_tower,128,COVERED
mirage_tower,129,COVERED
mirage_tower,130,COVERED
mirage_tower,131,COVERED
mirage_tower,132,TOP
mirage_tower,133,COVERED
mirage_tower,134,COVERED
mirage_tower,135,TOP
mirage_tower,136,COVERED
mirage_tower,137,COVERED
mirage_tower,138,COVERED
mirage_tower,139,TOP
mirage_tower,140,COVERED
mirage_tower,141,COVERED
mirage_tower,142,COVERED
mirage_tower,143,TOP
mirage_tower,144,COVERED
mirage_tower,145,COVERED
mirage_tower,146,COVERED
mirage_tower,147,COVERED
mirage_tower,148,COVERED
mirage_tower,149,COVERED
mirage_tower,150,COVERED
mirage_tower,151,COVERED
mirage_tower,152,COVERED
mirage_tower,153,COVERED
mirage_tower,154,COVERED
mirage_tower,155,COVERED
mirage_tower,156,COVERED
mirage_tower,157,COVERED
mirage_tower,158,COVERED
mirage_tower,159,COVERED
mirage_tower,160,COVERED
mirage_tower,161,COVERED
mirage_tower,162,COVERED
mirage_tower,163,COVERED
mirage_tower,164,TOP
mirage_tower,165,COVERED
mirage_tower,166,COVERED
mirage_tower,167,COVERED
mirage_tower,168,COVERED
mirage_tower,169,COVERED
mirage_tower,170,COVERED
mirage_tower,171,COVERED
mirage_tower,172,COVERED
mirage_tower,173,COVERED
mirage_tower,174,COVERED
mirage_tower,175,COVERED
mirage_tower,176,COVERED
mirage_tower,177,COVERED
mirage_tower,178,COVERED
mirage_tower,179,COVERED
mirage_tower,180,COVERED
mirage_tower,181,COVERED
mirage_tower,182,COVERED
mirage_tower,183,COVERED
mirage_tower,184,COVERED
mirage_tower,185,COVERED
mirage_tower,186,COVERED
mirage_tower,187,TOP
mirage_tower,188,TOP
mirage_tower,189,TOP
mirage_tower,190,TOP
mirage_tower,191,TOP
mirage_tower,192,COVERED
mirage_tower,193,COVERED
mirage_tower,194,COVERED
mirage_tower,195,TOP
mirage_tower,196,TOP
mirage_tower,197,TOP
mirage_tower,198,TOP
mirage_tower,199,TOP
mirage_tower,200,TOP
mirage_tower,201,TOP
mirage_tower,202,TOP
mirage_tower,203,TOP
mirage_tower,204,TOP
mirage_tower,205,TOP
mirage_tower,206,TOP
mirage_tower,207,TOP
mirage_tower,208,COVERED
mirage_tower,209,COVERED
mirage_tower,210,COVERED
mirage_tower,211,TOP
mirage_tower,212,TOP
mirage_tower,213,COVERED
mirage_tower,214,COVERED
mirage_tower,215,COVERED
mirage_tower,216,COVERED
mirage_tower,217,COVERED
mirage_tower,218,COVERED
mirage_tower,219,COVERED
mirage_tower,220,COVERED
mirage_tower,221,TOP
mirage_tower,222,TOP
mirage_tower,223,COVERED
mirage_tower,224,COVERED
mirage_tower,225,COVERED
mirage_tower,226,COVERED
mirage_tower,227,TOP
mirage_tower,228,TOP
mirage_tower,229,COVERED
mirage_tower,230,COVERED
mirage_tower,231,COVERED
mirage_tower,232,COVERED
mirage_tower,233,COVERED
mirage_tower,234,COVERED
mirage_tower,235,TOP
mirage_tower,236,TOP
mirage_tower,237,COVERED
mirage_tower,238,COVERED
mirage_tower,239,COVERED
mirage_tower,240,COVERED
mirage_tower,241,COVERED
mirage_tower,242,COVERED
mirage_tower,243,COVERED
mirage_tower,244,COVERED
mirage_tower,245,TOP
mirage_tower,246,TOP
mirage_tower,247,COVERED
mirage_tower,248,COVERED
mirage_tower,249,COVERED
mirage_tower,250,COVERED
mirage_tower,251,COVERED
mirage_tower,252,COVERED
mirage_tower,253,COVERED
mirage_tower,254,TOP
mirage_tower,255,TOP
mirage_tower,256,COVERED
mirage_tower,257,COVERED
mirage_tower,258,COVERED
mirage_tower,259,COVERED
mirage_tower,260,COVERED
mirage_tower,261,COVERED
mirage_tower,262,TOP
mirage_tower,263,TOP
mirage_tower,264,COVERED
mirage_tower,265,COVERED
mirage_tower,266,COVERED
mirage_tower,267,COVERED
mirage_tower,268,COVERED
mirage_tower,269,COVERED
mirage_tower,270,TOP
mirage_tower,271,COVERED
mirage_tower,272,COVERED
mirage_tower,273,COVERED
mirage_tower,274,COVERED
mirage_tower,275,COVERED
mirage_tower,276,COVERED
mirage_tower,277,COVERED
mirage_tower,278,TOP
mirage_tower,279,COVERED
mirage_tower,280,COVERED
mirage_tower,281,COVERED
mirage_tower,282,COVERED
mirage_tower,283,TOP
mirage_tower,284,TOP
mirage_tower,285,TOP
mirage_tower,286,TOP
mirage_tower,287,TOP
mirage_tower,288,COVERED
mirage_tower,289,COVERED
mirage_tower,290,COVERED
mirage_tower,291,TOP
mirage_tower,292,COVERED
mirage_tower,293,COVERED
mirage_tower,294,TOP
mirage_tower,295,TOP
mirage_tower,296,COVERED
mirage_tower,297,COVERED
mirage_tower,298,COVERED
mirage_tower,299,COVERED
mirage_tower,300,COVERED
mirage_tower,301,TOP
mirage_tower,302,TOP
mirage_tower,303,TOP
mirage_tower,304,COVERED
mirage_tower,305,COVERED
mirage_tower,306,COVERED
mirage_tower,307,TOP
mirage_tower,308,COVERED
mirage_tower,309,TOP
mirage_tower,310,TOP
mirage_tower,311,TOP
mirage_tower,312,COVERED
mirage_tower,313,COVERED
mirage_tower,314,COVERED
mirage_tower,315,TOP
mirage_tower,316,COVERED
mirage_tower,317,TOP
mirage_tower,318,COVERED
mirage_tower,319,COVERED
mirage_tower,320,COVERED
mirage_tower,321,COVERED
mirage_tower,322,COVERED
mirage_tower,323,COVERED
mirage_tower,324,COVERED
mirage_tower,325,COVERED
mirage_tower,326,COVERED
mirage_tower,327,COVERED
mirage_tower,328,TOP
mirage_tower,329,TOP
mirage_tower,330,TOP
mirage_tower,331,TOP
mirage_tower,332,TOP
mirage_tower,333,TOP
mirage_tower,334,TOP
mirage_tower,335,TOP
mirage_tower,336,COVERED
mirage_tower,337,COVERED
mirage_tower,338,TOP
mirage_tower,339,TOP
mirage_tower,340,TOP
mirage_tower,341,TOP
mirage_tower,342,TOP
mirage_tower,343,COVERED
mirage_tower,344,COVERED
mirage_tower,345,COVERED
mirage_tower,346,COVERED
mirage_tower,347,COVERED
mirage_tower,348,TOP
mirage_tower,349,TOP
mirage_tower,350,TOP
mirage_tower,351,COVERED
mirage_tower,352,COVERED
mirage_tower,353,COVERED
mirage_tower,354,COVERED
mirage_tower,355,TOP
mirage_tower,356,COVERED
mirage_tower,357,COVERED
mirage_tower,358,COVERED
mirage_tower,359,COVERED
mirage_tower,360,COVERED
mirage_tower,361,COVERED
mirage_tower,362,COVERED
mirage_tower,363,COVERED
mirage_tower,364,COVERED
mirage_tower,365,COVERED
mirage_tower,366,COVERED
mirage_tower,367,COVERED
mirage_tower,368,COVERED
mirage_tower,369,COVERED
mirage_tower,370,COVERED
mirage_tower,371,COVERED
mirage_tower,372,COVERED
mirage_tower,373,COVERED
mirage_tower,374,COVERED
mirage_tower,375,COVERED
mirage_tower,376,TOP
mirage_tower,377,TOP
mirage_tower,378,TOP
mirage_tower,379,TOP
mirage_tower,380,TOP
mirage_tower,381,TOP
mirage_tower,382,TOP
mirage_tower,383,COVERED
mirage_tower,384,TOP
mirage_tower,385,TOP
mirage_tower,386,TOP
mirage_tower,387,TOP
mirage_tower,388,TOP
mirage_tower,389,TOP
mirage_tower,390,TOP
mirage_tower,391,TOP
mirage_tower,392,TOP
mirage_tower,393,TOP
mirage_tower,394,TOP
mirage_tower,395,COVERED
mirage_tower,396,TOP
mirage_tower,397,COVERED
mirage_tower,398,TOP
mirage_tower,399,TOP
mirage_tower,400,TOP
mirage_tower,401,TOP
mirage_tower,402,COVERED
mirage_tower,403,TOP
mirage_tower,404,TOP
mirage_tower,405,TOP
mirage_tower,406,COVERED
mirage_tower,407,COVERED
mirage_tower,408,COVERED
mirage_tower,409,COVERED
mirage_tower,410,COVERED
mirage_tower,411,TOP
mirage_tower,412,TOP
mirage_tower,413,TOP
lilycove,0,COVERED
lilycove,1,COVERED
lilycove,2,TOP
lilycove,3,TOP
lilycove,4,COVERED
lilycove,5,COVERED
lilycove,6,COVERED
lilycove,7,COVERED
lilycove,8,COVERED
lilycove,9,COVERED
lilycove,10,TOP
lilycove,11,TOP
lilycove,12,COVERED
lilycove,13,COVERED
lilycove,14,COVERED
lilycove,15,COVERED
lilycove,16,COVERED
lilycove,17,COVERED
lilycove,18,COVERED
lilycove,19,COVERED
lilycove,20,COVERED
lilycove,21,COVERED
lilycove,22,COVERED
lilycove,23,COVERED
lilycove,24,COVERED
lilycove,25,COVERED
lilycove,26,COVERED
lilycove,27,COVERED
lilycove,28,COVERED
lilycove,29,COVERED
lilycove,30,COVERED
lilycove,31,COVERED
lilycove,32,COVERED
lilycove,33,COVERED
lilycove,34,COVERED
lilycove,35,COVERED
lilycove,36,COVERED
lilycove,37,COVERED
lilycove,38,COVERED
lilycove,39,COVERED
lilycove,40,COVERED
lilycove,41,COVERED
lilycove,42,TOP
lilycove,43,TOP
lilycove,44,TOP
lilycove,45,TOP
lilycove,46,TOP
lilycove,47,TOP
lilycove,48,COVERED
lilycove,49,COVERED
lilycove,50,TOP
lilycove,51,TOP
lilycove,52,TOP
lilycove,53,TOP
lilycove,54,TOP
lilycove,55,TOP
lilycove,56,COVERED
lilycove,57,COVERED
lilycove,58,TOP
lilycove,59,TOP
lilycove,60,TOP
lilycove,61,TOP
lilycove,62,TOP
lilycove,63,TOP
lilycove,64,TOP
lilycove,65,COVERED
lilycove,66,COVERED
lilycove,67,TOP
lilycove,68,TOP
lilycove,69,COVERED
lilycove,70,COVERED
lilycove,71,COVERED
lilycove,72,COVERED
lilycove,73,COVERED
lilycove,74,TOP
lilycove,75,COVERED
lilycove,76,COVERED
lilycove,77,TOP
lilycove,78,TOP
lilycove,79,TOP
lilycove,80,COVERED
lilycove,81,COVERED
lilycove,82,COVERED
lilycove,83,TOP
lilycove,84,TOP
lilycove,85,COVERED
lilycove,86,COVERED
lilycove,87,COVERED
lilycove,88,COVERED
lilycove,89,TOP
lilycove,90,COVERED
lilycove,91,TOP
lilycove,92,TOP
lilycove,93,TOP
lilycove,94,TOP
lilycove,95,TOP
lilycove,96,TOP
lilycove,97,TOP
lilycove,98,TOP
lilycove,99,TOP
lilycove,100,COVERED
lilycove,101,TOP
lilycove,102,TOP
lilycove,103,TOP
lilycove,104,TOP
lilycove,105,TOP
lilycove,106,TOP
lilycove,107,TOP
lilycove,108,TOP
lilycove,109,TOP
lilycove,110,TOP
lilycove,111,TOP
lilycove,112,TOP
lilycove,113,TOP
lilycove,114,TOP
lilycove,115,TOP
lilycove,116,TOP
lilycove,117,TOP
lilycove,118,COVERED
lilycove,119,TOP
lilycove,120,TOP
lilycove,121,TOP
lilycove,122,TOP
lilycove,123,TOP
lilycove,124,TOP
lilycove,125,TOP
lilycove,126,COVERED
lilycove,127,TOP
lilycove,128,TOP
lilycove,129,TOP
lilycove,130,COVERED
lilycove,131,TOP
lilycove,132,TOP
lilycove,133,TOP
lilycove,134,TOP
lilycove,135,COVERED
lilycove,136,COVERED
lilycove,137,COVERED
lilycove,138,TOP
lilycove,139,TOP
lilycove,140,TOP
lilycove,141,COVERED
lilycove,142,TOP
lilycove,143,COVERED
lilycove,144,COVERED
lilycove,145,COVERED
lilycove,146,COVERED
lilycove,147,TOP
lilycove,148,TOP
lilycove,149,TOP
lilycove,150,TOP
lilycove,151,TOP
lilycove,152,COVERED
lilycove,153,COVERED
lilycove,154,TOP
lilycove,155,TOP
lilycove,156,TOP
lilycove,157,TOP
lilycove,158,TOP
lilycove,159,TOP
lilycove,160,COVERED
lilycove,161,COVERED
lilycove,162,COVERED
lilycove,163,TOP
lilycove,164,COVERED
lilycove,165,TOP
lilycove,166,TOP
lilycove,167,TOP
lilycove,168,TOP
lilycove,169,TOP
lilycove,170,TOP
lilycove,171,COVERED
lilycove,172,COVERED
lilycove,173,TOP
lilycove,174,TOP
lilycove,175,TOP
lilycove,176,TOP
lilycove,177,TOP
lilycove,178,TOP
lilycove,179,COVERED
lilycove,180,COVERED
lilycove,181,COVERED
lilycove,182,COVERED
lilycove,183,TOP
lilycove,184,COVERED
lilycove,185,TOP
lilycove,186,COVERED
lilycove,187,COVERED
lilycove,188,COVERED
lilycove,189,COVERED
lilycove,190,COVERED
lilycove,191,TOP
lilycove,192,TOP
lilycove,193,TOP
lilycove,194,TOP
lilycove,195,TOP
lilycove,196,TOP
lilycove,197,COVERED
lilycove,198,COVERED
lilycove,199,COVERED
lilycove,200,TOP
lilycove,201,TOP
lilycove,202,TOP
lilycove,203,COVERED
lilycove,204,COVERED
lilycove,205,COVERED
lilycove,206,COVERED
lilycove,207,TOP
lilycove,208,TOP
lilycove,209,TOP
lilycove,210,TOP
lilycove,211,COVERED
lilycove,212,COVERED
lilycove,213,TOP
lilycove,214,COVERED
lilycove,215,COVERED
lilycove,216,TOP
lilycove,217,TOP
lilycove,218,TOP
lilycove,219,TOP
lilycove,220,TOP
lilycove,221,TOP
lilycove,222,COVERED
lilycove,223,TOP
lilycove,224,COVERED
lilycove,225,COVERED
lilycove,226,COVERED
lilycove,227,COVERED
lilycove,228,COVERED
lilycove,229,TOP
lilycove,230,COVERED
lilycove,231,TOP
lilycove,232,TOP
lilycove,233,TOP
lilycove,234,TOP
lilycove,235,COVERED
lilycove,236,COVERED
lilycove,237,COVERED
lilycove,238,COVERED
lilycove,239,TOP
lilycove,240,TOP
lilycove,241,TOP
lilycove,242,TOP
lilycove,243,COVERED
lilycove,244,COVERED
lilycove,245,COVERED
lilycove,246,TOP
lilycove,247,TOP
lilycove,248,TOP
lilycove,249,TOP
lilycove,250,TOP
lilycove,251,TOP
lilycove,252,COVERED
lilycove,253,COVERED
lilycove,254,COVERED
lilycove,255,COVERED
lilycove,256,TOP
lilycove,257,TOP
lilycove,258,TOP
lilycove,259,COVERED
lilycove,260,COVERED
lilycove,261,TOP
lilycove,262,COVERED
lilycove,263,COVERED
lilycove,264,COVERED
lilycove,265,COVERED
lilycove,266,COVERED
lilycove,267,COVERED
lilycove,268,COVERED
lilycove,269,COVERED
lilycove,270,COVERED
lilycove,271,COVERED
lilycove,272,COVERED
lilycove,273,COVERED
lilycove,274,COVERED
lilycove,275,COVERED
lilycove,276,COVERED
lilycove,277,COVERED
lilycove,278,COVERED
lilycove,279,COVERED
lilycove,280,TOP
lilycove,281,COVERED
lilycove,282,COVERED
lilycove,283,COVERED
lilycove,284,COVERED
lilycove,285,COVERED
lilycove,286,COVERED
lilycove,287,COVERED
lilycove,288,COVERED
lilycove,289,COVERED
lilycove,290,COVERED
lilycove,291,COVERED
lilycove,292,COVERED
lilycove,293,TOP
lilycove,294,TOP
lilycove,295,COVERED
lilycove,296,TOP
lilycove,297,TOP
lilycove,298,TOP
lilycove,299,TOP
lilycove,300,COVERED
lilycove,301,COVERED
lilycove,302,COVERED
lilycove,303,COVERED
lilycove,304,TOP
lilycove,305,TOP
lilycove,306,TOP
lilycove,307,TOP
lilycove,308,TOP
lilycove,309,TOP
lilycove,310,TOP
lilycove,311,TOP
lilycove,312,TOP
lilycove,313,TOP
lilycove,314,TOP
lilycove,315,COVERED
lilycove,316,COVERED
lilycove,317,COVERED
lilycove,318,COVERED
lilycove,319,COVERED
lilycove,320,COVERED
lilycove,321,COVERED
lilycove,322,COVERED
lilycove,323,COVERED
lilycove,324,COVERED
lilycove,325,COVERED
lilycove,326,COVERED
lilycove,327,COVERED
lilycove,328,TOP
lilycove,329,TOP
lilycove,330,TOP
lilycove,331,TOP
lilycove,332,TOP
lilycove,333,TOP
lilycove,334,TOP
lilycove,335,TOP
lilycove,336,TOP
lilycove,337,TOP
lilycove,338,TOP
lilycove,339,COVERED
lilycove,340,COVERED
lilycove,341,TOP
lilycove,342,COVERED
lilycove,343,TOP
lilycove,344,TOP
lilycove,345,TOP
lilycove,346,TOP
lilycove,347,TOP
lilycove,348,TOP
lilycove,349,COVERED
lilycove,350,COVERED
rustboro_gym,0,COVERED
rustboro_gym,1,TOP
rustboro_gym,2,TOP
rustboro_gym,3,TOP
rustboro_gym,4,TOP
rustboro_gym,5,TOP
rustboro_gym,6,TOP
rustboro_gym,7,TOP
rustboro_gym,8,COVERED
rustboro_gym,9,COVERED
rustboro_gym,10,COVERED
rustboro_gym,11,COVERED
rustboro_gym,12,COVERED
rustboro_gym,13,TOP
rustboro_gym,14,TOP
rustboro_gym,15,TOP
rustboro_gym,16,COVERED
rustboro_gym,17,COVERED
rustboro_gym,18,COVERED
rustboro_gym,19,COVERED
rustboro_gym,20,COVERED
rustboro_gym,21,COVERED
rustboro_gym,22,TOP
rustboro_gym,23,COVERED
rustboro_gym,24,TOP
rustboro_gym,25,TOP
rustboro_gym,26,TOP
rustboro_gym,27,TOP
rustboro_gym,28,TOP
rustboro_gym,29,TOP
rustboro_gym,30,TOP
rustboro_gym,31,COVERED
rustboro_gym,32,TOP
rustboro_gym,33,TOP
rustboro_gym,34,TOP
rustboro_gym,35,TOP
rustboro_gym,36,TOP
rustboro_gym,37,TOP
rustboro_gym,38,COVERED
rustboro_gym,39,COVERED
rustboro_gym,40,COVERED
rustboro_gym,41,COVERED
rustboro_gym,42,COVERED
rustboro_gym,43,COVERED
rustboro_gym,44,TOP
rustboro_gym,45,TOP
rustboro_gym,46,TOP
rustboro_gym,47,TOP
rustboro_gym,48,TOP
rustboro_gym,49,TOP
rustboro_gym,50,TOP
rustboro_gym,51,TOP
rustboro_gym,52,TOP
rustboro_gym,53,TOP
rustboro_gym,54,COVERED
rustboro_gym,55,TOP
battle_tent,0,COVERED
battle_tent,1,COVERED
battle_tent,2,TOP
battle_tent,3,TOP
battle_tent,4,COVERED
battle_tent,5,TOP
battle_tent,6,TOP
battle_tent,7,TOP
battle_tent,8,TOP
battle_tent,9,TOP
battle_tent,10,TOP
battle_tent,11,TOP
battle_tent,12,COVERED
battle_tent,13,TOP
battle_tent,14,TOP
battle_tent,15,TOP
battle_tent,16,TOP
battle_tent,17,TOP
battle_tent,18,TOP
battle_tent,19,COVERED
battle_tent,20,COVERED
battle_tent,21,COVERED
battle_tent,22,TOP
battle_tent,23,TOP
battle_tent,24,TOP
battle_tent,25,TOP
battle_tent,26,TOP
battle_tent,27,TOP
battle_tent,28,COVERED
battle_tent,29,COVERED
battle_tent,30,COVERED
battle_tent,31,TOP
battle_tent,32,TOP
battle_tent,33,TOP
battle_tent,34,COVERED
battle_tent,35,TOP
battle_tent,36,TOP
battle_tent,37,COVERED
battle_tent,38,COVERED
battle_tent,39,COVERED
battle_tent,40,TOP
battle_tent,41,TOP
battle_tent,42,TOP
battle_tent,43,TOP
battle_tent,44,COVERED
battle_tent,45,COVERED
battle_tent,46,TOP
battle_tent,47,TOP
battle_tent,48,TOP
battle_tent,49,TOP
battle_tent,50,TOP
battle_tent,51,TOP
battle_tent,52,COVERED
battle_tent,53,COVERED
battle_tent,54,COVERED
battle_tent,55,COVERED
battle_tent,56,TOP
battle_tent,57,TOP
battle_tent,58,TOP
battle_tent,59,TOP
battle_tent,60,COVERED
battle_tent,61,COVERED
battle_tent,62,COVERED
battle_tent,63,COVERED
battle_tent,64,TOP
battle_tent,65,TOP
battle_tent,66,COVERED
battle_tent,67,COVERED
battle_tent,68,COVERED
battle_tent,69,TOP
battle_tent,70,TOP
battle_tent,71,TOP
battle_tent,72,COVERED
battle_tent,73,TOP
battle_tent,74,COVERED
battle_tent,75,COVERED
battle_tent,76,COVERED
battle_tent,77,TOP
battle_tent,78,TOP
battle_tent,79,TOP
battle_tent,80,COVERED
battle_tent,81,COVERED
battle_tent,82,TOP
battle_tent,83,TOP
battle_tent,84,TOP
battle_tent,85,TOP
battle_tent,86,TOP
battle_tent,87,TOP
battle_tent,88,COVERED
battle_tent,89,COVERED
battle_tent,90,TOP
battle_tent,91,TOP
battle_tent,92,TOP
battle_tent,93,TOP
battle_tent,94,TOP
battle_tent,95,TOP
battle_tent,96,TOP
battle_tent,97,TOP
battle_tent,98,TOP
battle_tent,99,TOP
battle_tent,100,TOP
battle_tent,101,TOP
battle_tent,102,TOP
battle_tent,103,TOP
battle_tent,104,TOP
battle_tent,105,TOP
battle_tent,106,TOP
battle_tent,107,TOP
battle_tent,108,TOP
battle_tent,109,TOP
battle_tent,110,TOP
battle_tent,111,TOP
battle_tent,112,TOP
battle_tent,113,COVERED
battle_tent,114,COVERED
battle_tent,115,COVERED
battle_tent,116,COVERED
battle_tent,117,COVERED
battle_tent,118,COVERED
battle_tent,119,TOP
battle_tent,120,TOP
battle_tent,121,TOP
battle_tent,122,TOP
battle_tent,123,TOP
battle_tent,124,TOP
battle_tent,125,TOP
battle_tent,126,TOP
battle_tent,127,TOP
battle_tent,128,COVERED
battle_tent,129,COVERED
battle_tent,130,COVERED
battle_tent,131,COVERED
battle_tent,132,COVERED
battle_tent,133,COVERED
battle_tent,134,COVERED
battle_tent,135,COVERED
battle_tent,136,TOP
battle_tent,137,COVERED
battle_tent,138,COVERED
battle_tent,139,COVERED
battle_tent,140,TOP
battle_tent,141,TOP
battle_tent,142,TOP
battle_tent,143,TOP
battle_tent,144,TOP
battle_tent,145,TOP
battle_tent,146,TOP
battle_tent,147,TOP
battle_tent,148,TOP
battle_tent,149,TOP
battle_tent,150,TOP
battle_tent,151,TOP
battle_tent,152,COVERED
battle_tent,153,COVERED
battle_tent,154,COVERED
battle_tent,155,COVERED
battle_tent,156,COVERED
battle_tent,157,COVERED
battle_tent,158,COVERED
battle_tent,159,COVERED
battle_tent,160,COVERED
battle_tent,161,COVERED
battle_tent,162,COVERED
battle_tent,163,COVERED
battle_tent,164,COVERED
battle_tent,165,COVERED
battle_tent,166,COVERED
battle_tent,167,COVERED
battle_tent,168,COVERED
battle_tent,169,COVERED
battle_tent,170,COVERED
battle_tent,171,COVERED
battle_tent,172,COVERED
battle_tent,173,COVERED
battle_tent,174,COVERED
battle_tent,175,COVERED
battle_tent,176,TOP
battle_tent,177,TOP
battle_tent,178,TOP
battle_tent,179,TOP
battle_tent,180,TOP
battle_tent,181,TOP
battle_tent,182,COVERED
battle_tent,183,COVERED
battle_tent,184,TOP
battle_tent,185,TOP
battle_tent,186,TOP
battle_tent,187,TOP
battle_tent,188,TOP
battle_tent,189,TOP
battle_tent,190,COVERED
battle_tent,191,COVERED
battle_tent,192,TOP
battle_tent,193,TOP
battle_tent,194,TOP
battle_tent,195,TOP
battle_tent,196,TOP
battle_tent,197,TOP
battle_tent,198,COVERED
battle_tent,199,COVERED
battle_tent,200,TOP
battle_tent,201,TOP
battle_tent,202,TOP
battle_tent,203,TOP
battle_tent,204,TOP
battle_tent,205,TOP
battle_tent,206,COVERED
battle_tent,207,COVERED
battle_tent,208,TOP
battle_tent,209,TOP
battle_tent,210,TOP
battle_tent,211,TOP
battle_tent,212,TOP
battle_tent,213,TOP
battle_tent,214,COVERED
battle_tent,215,COVERED
battle_tent,216,COVERED
battle_tent,217,COVERED
battle_tent,218,COVERED
battle_tent,219,COVERED
battle_tent,220,COVERED
battle_tent,221,COVERED
battle_tent,222,COVERED
battle_tent,223,COVERED
battle_tent,224,TOP
battle_tent,225,TOP
battle_tent,226,TOP
battle_tent,227,TOP
battle_tent,228,TOP
battle_tent,229,TOP
battle_tent,230,COVERED
battle_tent,231,COVERED
battle_tent,232,TOP
battle_tent,233,TOP
battle_tent,234,TOP
battle_tent,235,TOP
battle_tent,236,TOP
battle_tent,237,TOP
battle_tent,238,COVERED
battle_tent,239,COVERED
battle_tent,240,TOP
battle_tent,241,TOP
battle_tent,242,TOP
battle_tent,243,TOP
battle_tent,244,TOP
battle_tent,245,TOP
battle_tent,246,COVERED
battle_tent,247,COVERED
battle_tent,248,TOP
battle_tent,249,TOP
battle_tent,250,TOP
battle_tent,251,TOP
battle_tent,252,TOP
battle_tent,253,TOP
battle_tent,254,COVERED
battle_tent,255,COVERED
battle_tent,256,TOP
battle_tent,257,TOP
battle_tent,258,TOP
battle_tent,259,TOP
battle_tent,260,TOP
battle_tent,261,TOP
battle_tent,262,COVERED
battle_tent,263,COVERED
battle_tent,264,COVERED
battle_tent,265,COVERED
battle_tent,266,COVERED
battle_tent,267,COVERED
battle_tent,268,COVERED
battle_palace,0,COVERED
battle_palace,1,TOP
battle_palace,2,TOP
battle_palace,3,TOP
battle_palace,4,TOP
battle_palace,5,TOP
battle_palace,6,TOP
battle_palace,7,TOP
battle_palace,8,TOP
battle_palace,9,TOP
battle_palace,10,TOP
battle_palace,11,TOP
battle_palace,12,TOP
battle_palace,13,COVERED
battle_palace,14,TOP
battle_palace,15,TOP
battle_palace,16,TOP
battle_palace,17,TOP
battle_palace,18,TOP
battle_palace,19,TOP
battle_palace,20,TOP
battle_palace,21,TOP
battle_palace,22,TOP
battle_palace,23,TOP
battle_palace,24,TOP
battle_palace,25,TOP
battle_palace,26,TOP
battle_palace,27,TOP
battle_palace,28,TOP
battle_palace,29,TOP
battle_palace,30,TOP
battle_palace,31,TOP
battle_palace,32,COVERED
battle_palace,33,COVERED
battle_palace,34,TOP
battle_palace,35,COVERED
battle_palace,36,COVERED
battle_palace,37,COVERED
battle_palace,38,COVERED
battle_palace,39,TOP
battle_palace,40,COVERED
battle_palace,41,COVERED
battle_palace,42,COVERED
battle_palace,43,COVERED
battle_palace,44,COVERED
battle_palace,45,COVERED
battle_palace,46,COVERED
battle_palace,47,TOP
battle_palace,48,COVERED
battle_palace,49,COVERED
battle_palace,50,COVERED
battle_palace,51,TOP
battle_palace,52,COVERED
battle_palace,53,TOP
battle_palace,54,TOP
battle_palace,55,TOP
battle_palace,56,TOP
battle_palace,57,TOP
battle_palace,58,TOP
battle_palace,59,TOP
battle_palace,60,TOP
battle_palace,61,TOP
battle_palace,62,TOP
battle_palace,63,TOP
battle_palace,64,COVERED
battle_palace,65,COVERED
battle_palace,66,TOP
battle_palace,67,TOP
battle_palace,68,TOP
battle_palace,69,TOP
battle_palace,70,TOP
battle_palace,71,TOP
battle_palace,72,TOP
battle_palace,73,TOP
battle_palace,74,TOP
battle_palace,75,TOP
battle_palace,76,TOP
battle_palace,77,TOP
battle_palace,78,TOP
battle_palace,79,TOP
battle_palace,80,TOP
battle_palace,81,TOP
battle_palace,82,TOP
battle_palace,83,TOP
battle_palace,84,TOP
battle_palace,85,TOP
battle_palace,86,TOP
battle_palace,87,TOP
battle_palace,88,TOP
battle_palace,89,TOP
battle_palace,90,TOP
battle_palace,91,TOP
battle_palace,92,TOP
battle_palace,93,TOP
battle_palace,94,TOP
battle_palace,95,COVERED
battle_palace,96,TOP
battle_palace,97,TOP
battle_palace,98,TOP
battle_palace,99,TOP
battle_palace,100,TOP
battle_palace,101,TOP
battle_palace,102,TOP
battle_palace,103,COVERED
battle_palace,104,TOP
battle_palace,105,TOP
battle_palace,106,TOP
battle_palace,107,TOP
battle_palace,108,TOP
battle_palace,109,TOP
battle_palace,110,TOP
battle_palace,111,COVERED
battle_palace,112,TOP
battle_palace,113,TOP
battle_palace,114,TOP
battle_palace,115,TOP
battle_palace,116,TOP
battle_palace,117,TOP
battle_palace,118,TOP
battle_palace,119,COVERED
battle_palace,120,TOP
battle_palace,121,TOP
battle_palace,122,TOP
battle_palace,123,TOP
battle_palace,124,TOP
battle_palace,125,TOP
battle_palace,126,TOP
battle_palace,127,COVERED
battle_palace,128,COVERED
battle_palace,129,COVERED
battle_palace,130,COVERED
battle_palace,131,COVERED
battle_palace,132,COVERED
battle_palace,133,COVERED
battle_palace,134,COVERED
battle_palace,135,COVERED
battle_palace,136,COVERED
battle_palace,137,COVERED
battle_palace,138,COVERED
battle_palace,139,TOP
battle_palace,140,TOP
battle_palace,141,TOP
battle_palace,142,TOP
battle_palace,143,COVERED
battle_palace,144,COVERED
battle_palace,145,COVERED
battle_palace,146,COVERED
battle_palace,147,COVERED
battle_palace,148,COVERED
battle_palace,149,COVERED
battle_palace,150,COVERED
battle_palace,151,COVERED
battle_palace,152,TOP
battle_palace,153,TOP
battle_palace,154,TOP
battle_palace,155,COVERED
battle_palace,156,COVERED
battle_palace,157,COVERED
battle_palace,158,COVERED
battle_palace,159,COVERED
battle_palace,160,TOP
battle_palace,161,TOP
battle_palace,162,TOP
battle_palace,163,TOP
battle_palace,164,TOP
battle_palace,165,TOP
battle_palace,166,COVERED
battle_palace,167,COVERED
battle_palace,168,COVERED
battle_palace,169,TOP
battle_palace,170,COVERED
battle_palace,171,COVERED
battle_palace,172,TOP
battle_palace,173,COVERED
sandgem,0,TOP
sandgem,1,TOP
sandgem,2,TOP
sandgem,3,TOP
sandgem,4,TOP
sandgem,5,COVERED
sandgem,6,COVERED
sandgem,7,COVERED
sandgem,8,TOP
sandgem,9,TOP
sandgem,10,TOP
sandgem,11,TOP
sandgem,12,TOP
sandgem,13,NORMAL
sandgem,14,NORMAL
sandgem,15,NORMAL
sandgem,16,TOP
sandgem,17,TOP
sandgem,18,TOP
sandgem,19,TOP
sandgem,20,TOP
sandgem,21,TOP
sandgem,22,TOP
sandgem,23,NORMAL
sandgem,24,TOP
sandgem,25,TOP
sandgem,26,TOP
sandgem,27,TOP
sandgem,28,TOP
sandgem,29,TOP
sandgem,30,TOP
sandgem,31,NORMAL
sandgem,32,SPLIT
sandgem,33,TOP
sandgem,34,TOP
sandgem,35,TOP
sandgem,36,TOP
sandgem,37,TOP
sandgem,38,TOP
sandgem,39,COVERED
sandgem,40,COVERED
sandgem,41,TOP
sandgem,42,TOP
sandgem,43,TOP
sandgem,44,COVERED
sandgem,45,COVERED
sandgem,46,COVERED
sandgem,47,COVERED
sandgem,48,COVERED
sandgem,49,COVERED
sandgem,50,COVERED
sandgem,51,COVERED
sandgem,52,COVERED
sandgem,53,COVERED
sandgem,54,COVERED
sandgem,55,COVERED
sandgem,56,SPLIT
sandgem,57,SPLIT
sandgem,58,SPLIT
sandgem,59,COVERED
sandgem,60,COVERED
sandgem,61,COVERED
sandgem,62,COVERED
sandgem,63,COVERED
sandgem,64,SPLIT
sandgem,65,TOP
sandgem,66,TOP
sandgem,67,SPLIT
sandgem,68,SPLIT
sandgem,69,COVERED
sandgem,70,COVERED
sandgem,71,COVERED
sandgem,72,TOP
sandgem,73,TOP
sandgem,74,TOP
sandgem,75,TOP
sandgem,76,SPLIT
sandgem,77,COVERED
sandgem,78,SPLIT
sandgem,79,SPLIT
sandgem,80,NORMAL
sandgem,81,TOP
sandgem,82,TOP
sandgem,83,NORMAL
sandgem,84,SPLIT
sandgem,85,COVERED
sandgem,86,SPLIT
sandgem,87,TOP
sandgem,88,NORMAL
sandgem,89,COVERED
sandgem,90,TOP
sandgem,91,COVERED
sandgem,92,COVERED
sandgem,93,COVERED
sandgem,94,NORMAL
sandgem,95,TOP
sandgem,96,COVERED
sandgem,97,COVERED
sandgem,98,COVERED
sandgem,99,COVERED
sandgem,100,COVERED
sandgem,101,COVERED
sandgem,102,COVERED
sandgem,103,COVERED
sandgem,104,SPLIT
sandgem,105,NORMAL
sandgem,106,NORMAL
sandgem,107,NORMAL
sandgem,108,SPLIT
sandgem,109,COVERED
sandgem,110,COVERED
sandgem,111,COVERED
sandgem,112,SPLIT
sandgem,113,TOP
sandgem,114,TOP
sandgem,115,TOP
sandgem,116,SPLIT
sandgem,117,COVERED
sandgem,118,SPLIT
sandgem,119,SPLIT
sandgem,120,TOP
sandgem,121,TOP
sandgem,122,TOP
sandgem,123,TOP
sandgem,124,TOP
sandgem,125,COVERED
sandgem,126,TOP
sandgem,127,NORMAL
sandgem,128,NORMAL
sandgem,129,TOP
sandgem,130,TOP
sandgem,131,TOP
sandgem,132,NORMAL
sandgem,133,COVERED
sandgem,134,TOP
sandgem,135,NORMAL
sandgem,136,COVERED
sandgem,137,COVERED
sandgem,138,TOP
sandgem,139,COVERED
sandgem,140,COVERED
sandgem,141,COVERED
sandgem,142,TOP
sandgem,143,NORMAL
sandgem,144,COVERED
sandgem,145,COVERED
sandgem,146,COVERED
sandgem,147,COVERED
sandgem,148,COVERED
sandgem,149,COVERED
sandgem,150,COVERED
sandgem,151,COVERED
sandgem,152,COVERED
sandgem,153,SPLIT
sandgem,154,SPLIT
sandgem,155,SPLIT
sandgem,156,SPLIT
sandgem,157,SPLIT
sandgem,158,COVERED
sandgem,159,COVERED
sandgem,160,SPLIT
sandgem,161,SPLIT
sandgem,162,TOP
sandgem,163,TOP
sandgem,164,TOP
sandgem,165,SPLIT
sandgem,166,SPLIT
sandgem,167,NORMAL
sandgem,168,SPLIT
sandgem,169,TOP
sandgem,170,TOP
sandgem,171,TOP
sandgem,172,TOP
sandgem,173,TOP
sandgem,174,SPLIT
sandgem,175,COVERED
sandgem,176,SPLIT
sandgem,177,TOP
sandgem,178,TOP
sandgem,179,TOP
sandgem,180,TOP
sandgem,181,TOP
sandgem,182,SPLIT
sandgem,183,COVERED
sandgem,184,SPLIT
sandgem,185,TOP
sandgem,186,TOP
sandgem,187,TOP
sandgem,188,TOP
sandgem,189,TOP
sandgem,190,SPLIT
sandgem,191,COVERED
sandgem,192,COVERED
sandgem,193,TOP
sandgem,194,COVERED
sandgem,195,TOP
sandgem,196,TOP
sandgem,197,TOP
sandgem,198,COVERED
sandgem,199,COVERED
sandgem,200,COVERED
sandgem,201,COVERED
sandgem,202,COVERED
sandgem,203,COVERED
sandgem,204,COVERED
sandgem,205,COVERED
sandgem,206,COVERED
sandgem,207,COVERED
sandgem,208,COVERED
sandgem,209,COVERED
sandgem,210,COVERED
sandgem,211,COVERED
sandgem,212,COVERED
sandgem,213,COVERED
sandgem,214,COVERED
sandgem,215,COVERED
sandgem,216,COVERED
sandgem,217,COVERED
sandgem,218,COVERED
sandgem,219,COVERED
sandgem,220,COVERED
sandgem,221,COVERED
sandgem,222,COVERED
sandgem,223,COVERED
sandgem,224,COVERED
sandgem,225,COVERED
sandgem,226,COVERED
sandgem,227,COVERED
sandgem,228,COVERED
sandgem,229,COVERED
sandgem,230,COVERED
sandgem,231,COVERED
sandgem,232,COVERED
sandgem,233,COVERED
sandgem,234,COVERED
sandgem,235,COVERED
sandgem,236,COVERED
sandgem,237,COVERED
sandgem,238,COVERED
sandgem,239,COVERED
sandgem,240,COVERED
sandgem,241,COVERED
sandgem,242,COVERED
sandgem,243,COVERED
sandgem,244,COVERED
sandgem,245,COVERED
sandgem,246,COVERED
sandgem,247,COVERED
sandgem,248,COVERED
sandgem,249,COVERED
sandgem,250,COVERED
sandgem,251,COVERED
sandgem,252,COVERED
sandgem,253,COVERED
sandgem,254,COVERED
sandgem,255,COVERED
shop,0,COVERED
shop,1,TOP
shop,2,TOP
shop,3,TOP
shop,4,TOP
shop,5,TOP
shop,6,TOP
shop,7,TOP
shop,8,TOP
shop,9,TOP
shop,10,TOP
shop,11,TOP
shop,12,TOP
shop,13,TOP
shop,14,TOP
shop,15,TOP
shop,16,TOP
shop,17,TOP
shop,18,TOP
shop,19,TOP
shop,20,TOP
shop,21,TOP
shop,22,TOP
shop,23,TOP
shop,24,TOP
shop,25,TOP
shop,26,TOP
shop,27,TOP
shop,28,TOP
shop,29,TOP
shop,30,COVERED
shop,31,TOP
shop,32,TOP
shop,33,COVERED
shop,34,COVERED
shop,35,TOP
shop,36,TOP
shop,37,TOP
shop,38,TOP
shop,39,TOP
shop,40,COVERED
shop,41,COVERED
shop,42,COVERED
shop,43,COVERED
shop,44,COVERED
shop,45,COVERED
shop,46,TOP
shop,47,TOP
shop,48,COVERED
shop,49,COVERED
shop,50,COVERED
shop,51,COVERED
shop,52,COVERED
shop,53,TOP
shop,54,TOP
shop,55,TOP
shop,56,TOP
shop,57,TOP
shop,58,COVERED
shop,59,COVERED
shop,60,COVERED
shop,61,TOP
shop,62,TOP
shop,63,TOP
shop,64,COVERED
shop,65,COVERED
shop,66,COVERED
shop,67,TOP
shop,68,COVERED
shop,69,TOP
shop,70,TOP
shop,71,TOP
shop,72,TOP
shop,73,TOP
shop,74,TOP
shop,75,TOP
shop,76,TOP
shop,77,TOP
shop,78,TOP
shop,79,TOP
shop,80,TOP
shop,81,TOP
shop,82,COVERED
shop,83,COVERED
shop,84,COVERED
shop,85,TOP
shop,86,TOP
shop,87,TOP
shop,88,COVERED
shop,89,TOP
shop,90,TOP
shop,91,TOP
shop,92,TOP
shop,93,COVERED
shop,94,TOP
shop,95,TOP
shop,96,COVERED
shop,97,COVERED
shop,98,COVERED
shop,99,TOP
shop,100,COVERED
shop,101,COVERED
shop,102,TOP
shop,103,TOP
shop,104,TOP
shop,105,TOP
shop,106,TOP
shop,107,TOP
shop,108,TOP
shop,109,TOP
shop,110,COVERED
shop,111,TOP
shop,112,TOP
shop,113,TOP
shop,114,TOP
shop,115,TOP
shop,116,COVERED
shop,117,COVERED
shop,118,COVERED
shop,119,TOP
shop,120,TOP
shop,121,TOP
shop,122,COVERED
shop,123,COVERED
shop,124,COVERED
shop,125,COVERED
shop,126,COVERED
shop,127,COVERED
shop,128,TOP
shop,129,COVERED
shop,130,TOP
shop,131,TOP
shop,132,COVERED
shop,133,COVERED
shop,134,COVERED
shop,135,COVERED
shop,136,TOP
shop,137,COVERED
shop,138,COVERED
shop,139,COVERED
shop,140,COVERED
shop,141,COVERED
shop,142,COVERED
shop,143,COVERED
shop,144,TOP
shop,145,COVERED
shop,146,COVERED
shop,147,COVERED
shop,148,COVERED
shop,149,COVERED
shop,150,COVERED
shop,151,COVERED
shop,152,TOP
shop,153,TOP
shop,154,TOP
shop,155,TOP
shop,156,COVERED
shop,157,COVERED
shop,158,TOP
shop,159,COVERED
shop,160,TOP
shop,161,TOP
shop,162,TOP
shop,163,TOP
shop,164,TOP
shop,165,COVERED
shop,166,TOP
shop,167,COVERED
shop,168,TOP
shop,169,TOP
shop,170,COVERED
shop,171,COVERED
shop,172,TOP
shop,173,TOP
shop,174,TOP
shop,175,COVERED
shop,176,TOP
shop,177,TOP
shop,178,COVERED
shop,179,COVERED
shop,180,TOP
shop,181,TOP
shop,182,TOP
shop,183,COVERED
shop,184,COVERED
shop,185,COVERED
shop,186,COVERED
shop,187,COVERED
shop,188,TOP
shop,189,TOP
shop,190,TOP
shop,191,COVERED
shop,192,COVERED
shop,193,COVERED
shop,194,COVERED
shop,195,TOP
shop,196,TOP
shop,197,TOP
shop,198,TOP
shop,199,TOP
shop,200,COVERED
shop,201,TOP
shop,202,TOP
shop,203,COVERED
shop,204,COVERED
shop,205,TOP
shop,206,TOP
shop,207,COVERED
shop,208,COVERED
shop,209,COVERED
shop,210,TOP
shop,211,TOP
shop,212,TOP
shop,213,TOP
shop,214,COVERED
shop,215,COVERED
shop,216,TOP
shop,217,TOP
shop,218,TOP
shop,219,TOP
shop,220,TOP
shop,221,TOP
shop,222,COVERED
shop,223,TOP
shop,224,COVERED
shop,225,COVERED
shop,226,COVERED
shop,227,COVERED
shop,228,TOP
shop,229,TOP
shop,230,TOP
shop,231,COVERED
shop,232,COVERED
shop,233,COVERED
shop,234,COVERED
shop,235,COVERED
shop,236,TOP
shop,237,TOP
shop,238,TOP
shop,239,COVERED
shop,240,TOP
shop,241,TOP
shop,242,TOP
shop,243,TOP
shop,244,TOP
shop,245,TOP
shop,246,TOP
shop,247,TOP
shop,248,TOP
shop,249,TOP
shop,250,TOP
shop,251,COVERED
shop,252,TOP
shop,253,TOP
shop,254,TOP
shop,255,COVERED
shop,256,COVERED
shop,257,COVERED
shop,258,COVERED
shop,259,COVERED
shop,260,COVERED
shop,261,COVERED
shop,262,TOP
shop,263,COVERED
shop,264,COVERED
shop,265,TOP
shop,266,COVERED
shop,267,COVERED
shop,268,COVERED
shop,269,COVERED
shop,270,COVERED
shop,271,COVERED
shop,272,COVERED
shop,273,COVERED
shop,274,COVERED
shop,275,COVERED
shop,276,COVERED
shop,277,COVERED
shop,278,TOP
shop,279,TOP
shop,280,TOP
shop,281,COVERED
shop,282,COVERED
shop,283,COVERED
shop,284,COVERED
shop,285,COVERED
shop,286,COVERED
shop,287,COVERED
shop,288,COVERED
route_201,0,COVERED
route_201,1,COVERED
route_201,2,COVERED
route_201,3,COVERED
route_201,4,NORMAL
route_201,5,NORMAL
route_201,6,COVERED
route_201,7,COVERED
route_201,8,COVERED
route_201,9,COVERED
route_201,10,TOP
route_201,11,COVERED
route_201,12,COVERED
route_201,13,NORMAL
route_201,14,SPLIT
route_201,15,SPLIT
route_201,16,COVERED
route_201,17,COVERED
route_201,18,COVERED
route_201,19,COVERED
route_201,20,COVERED
route_201,21,NORMAL
route_201,22,COVERED
route_201,23,COVERED
route_201,24,COVERED
route_201,25,COVERED
route_201,26,COVERED
route_201,27,COVERED
route_201,28,COVERED
route_201,29,COVERED
route_201,30,COVERED
route_201,31,COVERED
route_201,32,COVERED
route_201,33,COVERED
route_201,34,COVERED
route_201,35,COVERED
route_201,36,COVERED
route_201,37,COVERED
route_201,38,COVERED
route_201,39,COVERED
route_201,40,COVERED
route_201,41,COVERED
route_201,42,COVERED
route_201,43,COVERED
route_201,44,COVERED
route_201,45,COVERED
route_201,46,COVERED
route_201,47,COVERED
route_201,48,COVERED
route_201,49,COVERED
route_201,50,COVERED
route_201,51,COVERED
route_201,52,COVERED
route_201,53,COVERED
route_201,54,COVERED
route_201,55,COVERED
route_201,56,COVERED
route_201,57,COVERED
route_201,58,COVERED
route_201,59,COVERED
route_201,60,COVERED
route_201,61,COVERED
route_201,62,COVERED
route_201,63,COVERED
route_201,64,COVERED
route_201,65,COVERED
route_201,66,COVERED
route_201,67,COVERED
route_201,68,COVERED
route_201,69,COVERED
route_201,70,COVERED
route_201,71,COVERED
route_201,72,COVERED
route_201,73,COVERED
route_201,74,COVERED
route_201,75,COVERED
route_201,76,COVERED
route_201,77,COVERED
route_201,78,COVERED
route_201,79,COVERED
route_201,80,COVERED
route_201,81,COVERED
route_201,82,COVERED
route_201,83,COVERED
route_201,84,COVERED
route_201,85,COVERED
route_201,86,COVERED
route_201,87,COVERED
route_201,88,COVERED
route_201,89,COVERED
route_201,90,COVERED
route_201,91,COVERED
route_201,92,COVERED
route_201,93,COVERED
route_201,94,COVERED
route_201,95,COVERED
route_201,96,COVERED
route_201,97,COVERED
route_201,98,COVERED
route_201,99,COVERED
route_201,100,COVERED
route_201,101,COVERED
route_201,102,COVERED
route_201,103,COVERED
route_201,104,COVERED
route_201,105,COVERED
route_201,106,COVERED
route_201,107,COVERED
route_201,108,COVERED
route_201,109,COVERED
route_201,110,COVERED
route_201,111,COVERED
route_201,112,COVERED
route_201,113,COVERED
route_201,114,COVERED
route_201,115,COVERED
route_201,116,COVERED
route_201,117,COVERED
route_201,118,COVERED
route_201,119,COVERED
route_201,120,COVERED
route_201,121,COVERED
route_201,122,COVERED
route_201,123,COVERED
route_201,124,COVERED
route_201,125,COVERED
route_201,126,COVERED
route_201,127,COVERED
jubilife_tower,0,COVERED
jubilife_tower,1,COVERED
jubilife_tower,2,COVERED
jubilife_tower,3,COVERED
jubilife_tower,4,COVERED
jubilife_tower,5,COVERED
jubilife_tower,6,COVERED
jubilife_tower,7,COVERED
jubilife_tower,8,COVERED
jubilife_tower,9,COVERED
jubilife_tower,10,COVERED
jubilife_tower,11,COVERED
jubilife_tower,12,COVERED
jubilife_tower,13,COVERED
jubilife_tower,14,COVERED
jubilife_tower,15,COVERED
jubilife_tower,16,COVERED
jubilife_tower,17,COVERED
jubilife_tower,18,COVERED
jubilife_tower,19,COVERED
jubilife_tower,20,COVERED
jubilife_tower,21,COVERED
jubilife_tower,22,COVERED
jubilife_tower,23,COVERED
jubilife_tower,24,COVERED
jubilife_tower,25,COVERED
jubilife_tower,26,COVERED
jubilife_tower,27,COVERED
jubilife_tower,28,COVERED
jubilife_tower,29,COVERED
jubilife_tower,30,COVERED
jubilife_tower,31,COVERED
jubilife_tower,32,COVERED
jubilife_tower,33,COVERED
jubilife_tower,34,COVERED
jubilife_tower,35,COVERED
jubilife_tower,36,COVERED
jubilife_tower,37,COVERED
jubilife_tower,38,COVERED
jubilife_tower,39,COVERED
jubilife_tower,40,COVERED
jubilife_tower,41,COVERED
jubilife_tower,42,COVERED
jubilife_tower,43,COVERED
jubilife_tower,44,COVERED
jubilife_tower,45,COVERED
jubilife_tower,46,COVERED
jubilife_tower,47,COVERED
jubilife_tower,48,COVERED
jubilife_tower,49,COVERED
jubilife_tower,50,COVERED
jubilife_tower,51,COVERED
jubilife_tower,52,COVERED
jubilife_tower,53,COVERED
jubilife_tower,54,COVERED
jubilife_tower,55,COVERED
jubilife_tower,56,COVERED
jubilife_tower,57,COVERED
jubilife_tower,58,COVERED
jubilife_tower,59,COVERED
jubilife_tower,60,COVERED
jubilife_tower,61,COVERED
jubilife_tower,62,COVERED
jubilife_tower,63,COVERED
jubilife_tower,64,COVERED
jubilife_tower,65,COVERED
jubilife_tower,66,COVERED
jubilife_tower,67,COVERED
jubilife_tower,68,COVERED
jubilife_tower,69,COVERED
jubilife_tower,70,COVERED
jubilife_tower,71,COVERED
jubilife_tower,72,COVERED
jubilife_tower,73,COVERED
jubilife_tower,74,COVERED
jubilife_tower,75,COVERED
jubilife_tower,76,COVERED
jubilife_tower,77,COVERED
jubilife_tower,78,COVERED
jubilife_tower,79,COVERED
jubilife_tower,80,COVERED
jubilife_tower,81,COVERED
jubilife_tower,82,COVERED
jubilife_tower,83,COVERED
jubilife_tower,84,COVERED
jubilife_tower,85,COVERED
jubilife_tower,86,COVERED
jubilife_tower,87,COVERED
jubilife_tower,88,COVERED
jubilife_tower,89,COVERED
jubilife_tower,90,COVERED
jubilife_tower,91,COVERED
jubilife_tower,92,COVERED
jubilife_tower,93,COVERED
jubilife_tower,94,COVERED
jubilife_tower,95,COVERED
jubilife_tower,96,COVERED
jubilife_tower,97,COVERED
jubilife_tower,98,COVERED
jubilife_tower,99,COVERED
jubilife_tower,100,COVERED
jubilife_tower,101,COVERED
jubilife_tower,102,COVERED
jubilife_tower,103,COVERED
jubilife_tower,104,COVERED
jubilife_tower,105,COVERED
jubilife_tower,106,COVERED
jubilife_tower,107,COVERED
jubilife_tower,108,COVERED
jubilife_tower,109,COVERED
jubilife_tower,110,COVERED
jubilife_tower,111,COVERED
jubilife_tower,112,COVERED
jubilife_tower,113,COVERED
jubilife_tower,114,COVERED
jubilife_tower,115,COVERED
jubilife_tower,116,COVERED
jubilife_tower,117,COVERED
jubilife_tower,118,COVERED
jubilife_tower,119,COVERED
jubilife_tower,120,COVERED
jubilife_tower,121,COVERED
jubilife_tower,122,COVERED
jubilife_tower,123,COVERED
jubilife_tower,124,COVERED
jubilife_tower,125,COVERED
jubilife_tower,126,COVERED
jubilife_tower,127,COVERED
petalburg,0,COVERED
petalburg,1,COVERED
petalburg,2,COVERED
petalburg,3,TOP
petalburg,4,TOP
petalburg,5,TOP
petalburg,6,TOP
petalburg,7,TOP
petalburg,8,TOP
petalburg,9,TOP
petalburg,10,TOP
petalburg,11,COVERED
petalburg,12,TOP
petalburg,13,TOP
petalburg,14,TOP
petalburg,15,TOP
petalburg,16,TOP
petalburg,17,TOP
petalburg,18,TOP
petalburg,19,COVERED
petalburg,20,TOP
petalburg,21,TOP
petalburg,22,TOP
petalburg,23,TOP
petalburg,24,TOP
petalburg,25,TOP
petalburg,26,TOP
petalburg,27,COVERED
petalburg,28,TOP
petalburg,29,TOP
petalburg,30,TOP
petalburg,31,TOP
petalburg,32,TOP
petalburg,33,TOP
petalburg,34,TOP
petalburg,35,TOP
petalburg,36,COVERED
petalburg,37,COVERED
petalburg,38,COVERED
petalburg,39,COVERED
petalburg,40,COVERED
petalburg,41,COVERED
petalburg,42,COVERED
petalburg,43,COVERED
petalburg,44,TOP
petalburg,45,TOP
petalburg,46,TOP
petalburg,47,COVERED
petalburg,48,TOP
petalburg,49,TOP
petalburg,50,TOP
petalburg,51,TOP
petalburg,52,TOP
petalburg,53,TOP
petalburg,54,TOP
petalburg,55,COVERED
petalburg,56,TOP
petalburg,57,TOP
petalburg,58,TOP
petalburg,59,TOP
petalburg,60,TOP
petalburg,61,TOP
petalburg,62,TOP
petalburg,63,TOP
petalburg,64,TOP
petalburg,65,TOP
petalburg,66,TOP
petalburg,67,TOP
petalburg,68,TOP
petalburg,69,COVERED
petalburg,70,TOP
petalburg,71,COVERED
petalburg,72,TOP
petalburg,73,TOP
petalburg,74,TOP
petalburg,75,TOP
petalburg,76,TOP
petalburg,77,COVERED
petalburg,78,COVERED
petalburg,79,COVERED
petalburg,80,TOP
petalburg,81,TOP
petalburg,82,TOP
petalburg,83,TOP
petalburg,84,COVERED
petalburg,85,TOP
petalburg,86,TOP
petalburg,87,COVERED
petalburg,88,TOP
petalburg,89,TOP
petalburg,90,COVERED
petalburg,91,TOP
petalburg,92,TOP
petalburg,93,TOP
petalburg,94,TOP
petalburg,95,COVERED
petalburg,96,TOP
petalburg,97,TOP
petalburg,98,COVERED
petalburg,99,TOP
petalburg,100,COVERED
petalburg,101,COVERED
petalburg,102,TOP
petalburg,103,TOP
petalburg,104,TOP
petalburg,105,TOP
petalburg,106,COVERED
petalburg,107,COVERED
petalburg,108,TOP
petalburg,109,TOP
petalburg,110,TOP
petalburg,111,COVERED
petalburg,112,TOP
petalburg,113,TOP
petalburg,114,TOP
petalburg,115,COVERED
petalburg,116,TOP
petalburg,117,TOP
petalburg,118,TOP
petalburg,119,COVERED
petalburg,120,TOP
petalburg,121,TOP
petalburg,122,TOP
petalburg,123,COVERED
petalburg,124,TOP
petalburg,125,TOP
petalburg,126,TOP
petalburg,127,COVERED
petalburg,128,TOP
petalburg,129,TOP
petalburg,130,TOP
petalburg,131,TOP
petalburg,132,COVERED
petalburg,133,TOP
petalburg,134,COVERED
petalburg,135,COVERED
petalburg,136,TOP
petalburg,137,TOP
petalburg,138,TOP
petalburg,139,TOP
petalburg,140,TOP
petalburg,141,TOP
petalburg,142,TOP
petalburg,143,COVERED
battle_dome,0,COVERED
battle_dome,1,TOP
battle_dome,2,TOP
battle_dome,3,TOP
battle_dome,4,TOP
battle_dome,5,TOP
battle_dome,6,TOP
battle_dome,7,COVERED
battle_dome,8,COVERED
battle_dome,9,COVERED
battle_dome,10,COVERED
battle_dome,11,TOP
battle_dome,12,TOP
battle_dome,13,TOP
battle_dome,14,TOP
battle_dome,15,COVERED
battle_dome,16,COVERED
battle_dome,17,TOP
battle_dome,18,COVERED
battle_dome,19,COVERED
battle_dome,20,TOP
battle_dome,21,TOP
battle_dome,22,TOP
battle_dome,23,COVERED
battle_dome,24,COVERED
battle_dome,25,TOP
battle_dome,26,COVERED
battle_dome,27,COVERED
battle_dome,28,TOP
battle_dome,29,TOP
battle_dome,30,TOP
battle_dome,31,COVERED
battle_dome,32,COVERED
battle_dome,33,COVERED
battle_dome,34,COVERED
battle_dome,35,COVERED
battle_dome,36,TOP
battle_dome,37,TOP
battle_dome,38,TOP
battle_dome,39,TOP
battle_dome,40,COVERED
battle_dome,41,COVERED
battle_dome,42,COVERED
battle_dome,43,COVERED
battle_dome,44,TOP
battle_dome,45,TOP
battle_dome,46,TOP
battle_dome,47,TOP
battle_dome,48,COVERED
battle_dome,49,COVERED
battle_dome,50,COVERED
battle_dome,51,TOP
battle_dome,52,TOP
battle_dome,53,TOP
battle_dome,54,TOP
battle_dome,55,TOP
battle_dome,56,COVERED
battle_dome,57,COVERED
battle_dome,58,COVERED
battle_dome,59,COVERED
battle_dome,60,COVERED
battle_dome,61,TOP
battle_dome,62,TOP
battle_dome,63,COVERED
battle_dome,64,TOP
battle_dome,65,TOP
battle_dome,66,TOP
battle_dome,67,TOP
battle_dome,68,TOP
battle_dome,69,TOP
battle_dome,70,TOP
battle_dome,71,TOP
battle_dome,72,COVERED
battle_dome,73,TOP
battle_dome,74,TOP
battle_dome,75,TOP
battle_dome,76,TOP
battle_dome,77,TOP
battle_dome,78,TOP
battle_dome,79,TOP
battle_dome,80,COVERED
battle_dome,81,TOP
battle_dome,82,TOP
battle_dome,83,TOP
battle_dome,84,TOP
battle_dome,85,TOP
battle_dome,86,TOP
battle_dome,87,TOP
battle_dome,88,COVERED
battle_dome,89,TOP
battle_dome,90,TOP
battle_dome,91,TOP
battle_dome,92,TOP
battle_dome,93,TOP
battle_dome,94,TOP
battle_dome,95,TOP
battle_dome,96,TOP
battle_dome,97,COVERED
battle_dome,98,COVERED
battle_dome,99,TOP
battle_dome,100,COVERED
battle_dome,101,TOP
battle_dome,102,TOP
battle_dome,103,TOP
battle_dome,104,TOP
battle_dome,105,COVERED
battle_dome,106,COVERED
battle_dome,107,TOP
battle_dome,108,COVERED
battle_dome,109,TOP
battle_dome,110,TOP
battle_dome,111,TOP
battle_dome,112,TOP
battle_dome,113,TOP
battle_dome,114,COVERED
battle_dome,115,TOP
battle_dome,116,COVERED
battle_dome,117,TOP
battle_dome,118,TOP
battle_dome,119,TOP
battle_dome,120,TOP
battle_dome,121,COVERED
battle_dome,122,COVERED
battle_dome,123,COVERED
battle_dome,124,COVERED
battle_dome,125,COVERED
battle_dome,126,COVERED
battle_dome,127,COVERED
battle_dome,128,COVERED
battle_dome,129,COVERED
battle_dome,130,COVERED
battle_dome,131,COVERED
battle_dome,132,COVERED
battle_dome,133,COVERED
battle_dome,134,COVERED
battle_dome,135,COVERED
battle_dome,136,COVERED
battle_dome,137,COVERED
battle_dome,138,COVERED
battle_dome,139,COVERED
battle_dome,140,COVERED
battle_dome,141,COVERED
battle_dome,142,COVERED
battle_dome,143,COVERED
battle_dome,144,TOP
battle_dome,145,TOP
battle_dome,146,COVERED
battle_dome,147,COVERED
battle_dome,148,COVERED
battle_dome,149,COVERED
battle_dome,150,COVERED
battle_dome,151,COVERED
battle_dome,152,TOP
battle_dome,153,TOP
battle_dome,154,COVERED
battle_dome,155,COVERED
battle_dome,156,TOP
battle_dome,157,COVERED
battle_dome,158,COVERED
battle_dome,159,COVERED
battle_dome,160,TOP
battle_dome,161,TOP
battle_dome,162,COVERED
battle_dome,163,COVERED
battle_dome,164,COVERED
battle_dome,165,COVERED
battle_dome,166,COVERED
battle_dome,167,COVERED
battle_dome,168,COVERED
battle_dome,169,COVERED
battle_dome,170,COVERED
battle_dome,171,COVERED
battle_dome,172,COVERED
battle_dome,173,COVERED
battle_dome,174,COVERED
battle_dome,175,COVERED
battle_dome,176,COVERED
battle_dome,177,COVERED
battle_dome,178,COVERED
battle_dome,179,COVERED
battle_dome,180,COVERED
battle_dome,181,COVERED
battle_dome,182,COVERED
battle_dome,183,COVERED
battle_dome,184,TOP
battle_dome,185,COVERED
battle_dome,186,COVERED
battle_dome,187,COVERED
battle_dome,188,COVERED
battle_dome,189,COVERED
battle_dome,190,COVERED
battle_dome,191,COVERED
battle_dome,192,COVERED
battle_dome,193,COVERED
battle_dome,194,COVERED
battle_dome,195,COVERED
battle_dome,196,COVERED
battle_dome,197,COVERED
battle_dome,198,COVERED
battle_dome,199,COVERED
battle_dome,200,COVERED
battle_dome,201,COVERED
battle_dome,202,COVERED
battle_dome,203,COVERED
battle_dome,204,COVERED
battle_dome,205,COVERED
battle_dome,206,COVERED
battle_dome,207,COVERED
battle_dome,208,TOP
battle_dome,209,TOP
battle_dome,210,TOP
battle_dome,211,TOP
battle_dome,212,TOP
battle_dome,213,TOP
battle_dome,214,TOP
battle_dome,215,TOP
battle_dome,216,TOP
battle_dome,217,TOP
battle_dome,218,TOP
battle_dome,219,COVERED
battle_dome,220,COVERED
battle_dome,221,COVERED
battle_dome,222,COVERED
battle_dome,223,COVERED
battle_dome,224,COVERED
battle_dome,225,TOP
battle_dome,226,TOP
battle_dome,227,TOP
battle_dome,228,TOP
battle_dome,229,TOP
battle_dome,230,TOP
battle_dome,231,TOP
battle_dome,232,TOP
battle_dome,233,TOP
battle_dome,234,TOP
battle_dome,235,TOP
battle_dome,236,TOP
battle_dome,237,TOP
battle_dome,238,COVERED
battle_dome,239,COVERED
battle_dome,240,COVERED
battle_dome,241,TOP
battle_dome,242,TOP
battle_dome,243,TOP
battle_dome,244,TOP
battle_dome,245,TOP
battle_dome,246,SPLIT
battle_dome,247,SPLIT
battle_dome,248,TOP
battle_dome,249,TOP
battle_dome,250,TOP
battle_dome,251,TOP
battle_dome,252,TOP
battle_dome,253,TOP
battle_dome,254,TOP
battle_dome,255,TOP
battle_dome,256,COVERED
battle_dome,257,TOP
battle_dome,258,TOP
battle_dome,259,TOP
battle_dome,260,TOP
battle_dome,261,TOP
battle_dome,262,TOP
battle_dome,263,TOP
battle_dome,264,TOP
battle_dome,265,TOP
battle_dome,266,TOP
battle_dome,267,TOP
battle_dome,268,TOP
battle_dome,269,TOP
battle_dome,270,TOP
battle_dome,271,TOP
battle_dome,272,TOP
battle_dome,273,TOP
battle_dome,274,TOP
battle_dome,275,TOP
battle_dome,276,TOP
battle_dome,277,TOP
battle_dome,278,TOP
battle_dome,279,COVERED
battle_dome,280,TOP
battle_dome,281,TOP
battle_dome,282,TOP
battle_dome,283,TOP
battle_dome,284,TOP
battle_dome,285,TOP
battle_dome,286,TOP
battle_dome,287,COVERED
battle_dome,288,TOP
battle_dome,289,TOP
battle_dome,290,TOP
battle_dome,291,TOP
battle_dome,292,TOP
battle_dome,293,TOP
battle_dome,294,TOP
battle_dome,295,TOP
battle_dome,296,TOP
battle_dome,297,TOP
battle_dome,298,TOP
battle_dome,299,TOP
battle_dome,300,TOP
battle_dome,301,TOP
battle_dome,302,TOP
battle_dome,303,COVERED
battle_dome,304,TOP
battle_dome,305,TOP
battle_dome,306,TOP
battle_dome,307,TOP
battle_dome,308,TOP
battle_dome,309,TOP
battle_dome,310,TOP
battle_dome,311,TOP
battle_dome,312,TOP
battle_dome,313,TOP
battle_dome,314,TOP
battle_dome,315,TOP
battle_dome,316,TOP
battle_dome,317,TOP
battle_dome,318,TOP
battle_dome,319,TOP
battle_dome,320,TOP
battle_dome,321,TOP
battle_dome,322,TOP
battle_dome,323,TOP
battle_dome,324,TOP
battle_dome,325,TOP
battle_dome,326,TOP
battle_dome,327,TOP
battle_dome,328,TOP
battle_dome,329,TOP
battle_dome,330,TOP
battle_dome,331,TOP
battle_dome,332,TOP
battle_dome,333,TOP
battle_dome,334,TOP
battle_dome,335,TOP
battle_dome,336,TOP
battle_dome,337,TOP
battle_dome,338,TOP
battle_dome,339,TOP
battle_dome,340,TOP
battle_dome,341,TOP
battle_dome,342,COVERED
battle_dome,343,COVERED
battle_dome,344,TOP
battle_dome,345,TOP
battle_dome,346,TOP
battle_dome,347,TOP
battle_dome,348,COVERED
battle_dome,349,TOP
battle_dome,350,TOP
battle_dome,351,TOP
battle_dome,352,TOP
battle_dome,353,TOP
battle_dome,354,TOP
battle_dome,355,TOP
battle_dome,356,TOP
battle_dome,357,TOP
battle_dome,358,TOP
battle_dome,359,TOP
battle_dome,360,COVERED
battle_dome,361,COVERED
battle_dome,362,COVERED
battle_dome,363,TOP
battle_dome,364,COVERED
battle_dome,365,TOP
battle_dome,366,TOP
battle_dome,367,TOP
battle_dome,368,COVERED
battle_dome,369,TOP
battle_dome,370,TOP
battle_dome,371,TOP
battle_dome,372,COVERED
battle_dome,373,COVERED
battle_dome,374,COVERED
battle_dome,375,COVERED
battle_dome,376,COVERED
battle_dome,377,TOP
battle_dome,378,TOP
battle_dome,379,COVERED
battle_dome,380,COVERED
battle_dome,381,COVERED
battle_dome,382,COVERED
battle_dome,383,COVERED
battle_dome,384,COVERED
battle_dome,385,TOP
battle_dome,386,TOP
battle_dome,387,COVERED
battle_dome,388,TOP
battle_dome,389,COVERED
battle_dome,390,TOP
battle_dome,391,COVERED
battle_dome,392,COVERED
battle_dome,393,COVERED
battle_dome,394,COVERED
battle_dome,395,TOP
battle_dome,396,COVERED
battle_dome,397,COVERED
battle_dome,398,COVERED
battle_dome,399,COVERED
battle_dome,400,TOP
battle_dome,401,TOP
battle_dome,402,COVERED
battle_dome,403,COVERED
battle_dome,404,COVERED
battle_dome,405,COVERED
battle_dome,406,COVERED
battle_dome,407,COVERED
battle_dome,408,TOP
battle_dome,409,TOP
battle_dome,410,COVERED
battle_dome,411,COVERED
battle_dome,412,COVERED
battle_dome,413,COVERED
battle_dome,414,COVERED
battle_dome,415,COVERED
battle_dome,416,TOP
battle_dome,417,TOP
battle_dome,418,COVERED
battle_dome,419,COVERED
battle_dome,420,COVERED
battle_dome,421,COVERED
battle_dome,422,COVERED
battle_dome,423,COVERED
battle_dome,424,COVERED
battle_dome,425,COVERED
battle_dome,426,COVERED
ever_grande,0,TOP
ever_grande,1,TOP
ever_grande,2,TOP
ever_grande,3,COVERED
ever_grande,4,COVERED
ever_grande,5,COVERED
ever_grande,6,COVERED
ever_grande,7,COVERED
ever_grande,8,TOP
ever_grande,9,TOP
ever_grande,10,TOP
ever_grande,11,TOP
ever_grande,12,TOP
ever_grande,13,TOP
ever_grande,14,TOP
ever_grande,15,TOP
ever_grande,16,TOP
ever_grande,17,TOP
ever_grande,18,TOP
ever_grande,19,TOP
ever_grande,20,TOP
ever_grande,21,TOP
ever_grande,22,TOP
ever_grande,23,TOP
ever_grande,24,COVERED
ever_grande,25,TOP
ever_grande,26,TOP
ever_grande,27,TOP
ever_grande,28,TOP
ever_grande,29,TOP
ever_grande,30,TOP
ever_grande,31,TOP
ever_grande,32,COVERED
ever_grande,33,TOP
ever_grande,34,TOP
ever_grande,35,COVERED
ever_grande,36,COVERED
ever_grande,37,COVERED
ever_grande,38,COVERED
ever_grande,39,COVERED
ever_grande,40,TOP
ever_grande,41,TOP
ever_grande,42,TOP
ever_grande,43,TOP
ever_grande,44,TOP
ever_grande,45,TOP
ever_grande,46,TOP
ever_grande,47,TOP
ever_grande,48,TOP
ever_grande,49,TOP
ever_grande,50,TOP
ever_grande,51,COVERED
ever_grande,52,COVERED
ever_grande,53,COVERED
ever_grande,54,TOP
ever_grande,55,TOP
ever_grande,56,TOP
ever_grande,57,TOP
ever_grande,58,COVERED
ever_grande,59,COVERED
ever_grande,60,COVERED
ever_grande,61,COVERED
ever_grande,62,COVERED
ever_grande,63,COVERED
ever_grande,64,TOP
ever_grande,65,COVERED
ever_grande,66,TOP
ever_grande,67,TOP
ever_grande,68,COVERED
ever_grande,69,COVERED
ever_grande,70,COVERED
ever_grande,71,COVERED
ever_grande,72,TOP
ever_grande,73,TOP
ever_grande,74,TOP
ever_grande,75,TOP
ever_grande,76,TOP
ever_grande,77,TOP
ever_grande,78,TOP
ever_grande,79,TOP
ever_grande,80,TOP
ever_grande,81,TOP
ever_grande,82,TOP
ever_grande,83,TOP
ever_grande,84,TOP
ever_grande,85,TOP
ever_grande,86,TOP
ever_grande,87,TOP
ever_grande,88,TOP
ever_grande,89,TOP
ever_grande,90,TOP
ever_grande,91,TOP
ever_grande,92,TOP
ever_grande,93,TOP
ever_grande,94,TOP
ever_grande,95,TOP
ever_grande,96,TOP
ever_grande,97,TOP
ever_grande,98,TOP
ever_grande,99,TOP
ever_grande,100,TOP
ever_grande,101,COVERED
ever_grande,102,COVERED
ever_grande,103,COVERED
ever_grande,104,COVERED
ever_grande,105,COVERED
ever_grande,106,COVERED
ever_grande,107,COVERED
ever_grande,108,COVERED
ever_grande,109,COVERED
ever_grande,110,COVERED
ever_grande,111,COVERED
ever_grande,112,COVERED
ever_grande,113,COVERED
ever_grande,114,COVERED
ever_grande,115,TOP
ever_grande,116,TOP
ever_grande,117,TOP
ever_grande,118,TOP
ever_grande,119,COVERED
ever_grande,120,COVERED
ever_grande,121,COVERED
ever_grande,122,COVERED
ever_grande,123,COVERED
ever_grande,124,TOP
ever_grande,125,TOP
ever_grande,126,COVERED
ever_grande,127,COVERED
ever_grande,128,COVERED
ever_grande,129,COVERED
ever_grande,130,COVERED
ever_grande,131,COVERED
ever_grande,132,COVERED
ever_grande,133,COVERED
ever_grande,134,COVERED
ever_grande,135,COVERED
ever_grande,136,TOP
ever_grande,137,TOP
ever_grande,138,TOP
ever_grande,139,TOP
ever_grande,140,TOP
ever_grande,141,TOP
ever_grande,142,TOP
ever_grande,143,TOP
ever_grande,144,TOP
ever_grande,145,TOP
ever_grande,146,TOP
ever_grande,147,TOP
ever_grande,148,TOP
ever_grande,149,TOP
ever_grande,150,TOP
ever_grande,151,TOP
ever_grande,152,TOP
ever_grande,153,TOP
ever_grande,154,TOP
ever_grande,155,TOP
ever_grande,156,TOP
ever_grande,157,TOP
ever_grande,158,TOP
ever_grande,159,TOP
ever_grande,160,TOP
ever_grande,161,TOP
ever_grande,162,TOP
ever_grande,163,TOP
ever_grande,164,TOP
ever_grande,165,TOP
ever_grande,166,TOP
ever_grande,167,TOP
ravaged_path,0,COVERED
ravaged_path,1,COVERED
ravaged_path,2,COVERED
ravaged_path,3,COVERED
ravaged_path,4,COVERED
ravaged_path,5,COVERED
ravaged_path,6,COVERED
ravaged_path,7,COVERED
ravaged_path,8,COVERED
ravaged_path,9,COVERED
ravaged_path,10,COVERED
ravaged_path,11,COVERED
ravaged_path,12,COVERED
ravaged_path,13,COVERED
ravaged_path,14,COVERED
ravaged_path,15,COVERED
ravaged_path,16,COVERED
ravaged_path,17,COVERED
ravaged_path,18,COVERED
ravaged_path,19,COVERED
ravaged_path,20,COVERED
ravaged_path,21,COVERED
ravaged_path,22,COVERED
ravaged_path,23,COVERED
ravaged_path,24,COVERED
ravaged_path,25,COVERED
ravaged_path,26,COVERED
ravaged_path,27,COVERED
ravaged_path,28,COVERED
ravaged_path,29,COVERED
ravaged_path,30,COVERED
ravaged_path,31,COVERED
ravaged_path,32,COVERED
ravaged_path,33,COVERED
ravaged_path,34,COVERED
ravaged_path,35,COVERED
ravaged_path,36,COVERED
ravaged_path,37,COVERED
ravaged_path,38,COVERED
ravaged_path,39,COVERED
ravaged_path,40,COVERED
ravaged_path,41,COVERED
ravaged_path,42,COVERED
ravaged_path,43,COVERED
ravaged_path,44,COVERED
ravaged_path,45,COVERED
ravaged_path,46,COVERED
ravaged_path,47,COVERED
ravaged_path,48,COVERED
ravaged_path,49,COVERED
ravaged_path,50,COVERED
ravaged_path,51,COVERED
ravaged_path,52,COVERED
ravaged_path,53,COVERED
ravaged_path,54,COVERED
ravaged_path,55,COVERED
ravaged_path,56,COVERED
ravaged_path,57,COVERED
ravaged_path,58,COVERED
ravaged_path,59,COVERED
ravaged_path,60,COVERED
ravaged_path,61,COVERED
ravaged_path,62,COVERED
ravaged_path,63,COVERED
ravaged_path,64,COVERED
ravaged_path,65,COVERED
ravaged_path,66,COVERED
ravaged_path,67,COVERED
ravaged_path,68,COVERED
ravaged_path,69,COVERED
ravaged_path,70,COVERED
ravaged_path,71,COVERED
ravaged_path,72,COVERED
ravaged_path,73,COVERED
ravaged_path,74,COVERED
ravaged_path,75,COVERED
ravaged_path,76,COVERED
ravaged_path,77,COVERED
ravaged_path,78,COVERED
ravaged_path,79,COVERED
ravaged_path,80,COVERED
ravaged_path,81,COVERED
ravaged_path,82,COVERED
ravaged_path,83,COVERED
ravaged_path,84,COVERED
ravaged_path,85,COVERED
ravaged_path,86,COVERED
ravaged_path,87,COVERED
ravaged_path,88,COVERED
ravaged_path,89,COVERED
ravaged_path,90,COVERED
ravaged_path,91,COVERED
ravaged_path,92,COVERED
ravaged_path,93,COVERED
ravaged_path,94,COVERED
ravaged_path,95,COVERED
ravaged_path,96,COVERED
ravaged_path,97,COVERED
ravaged_path,98,COVERED
ravaged_path,99,COVERED
ravaged_path,100,COVERED
ravaged_path,101,COVERED
ravaged_path,102,COVERED
ravaged_path,103,COVERED
ravaged_path,104,COVERED
ravaged_path,105,COVERED
ravaged_path,106,COVERED
ravaged_path,107,COVERED
ravaged_path,108,COVERED
ravaged_path,109,COVERED
ravaged_path,110,COVERED
ravaged_path,111,COVERED
ravaged_path,112,COVERED
ravaged_path,113,COVERED
ravaged_path,114,COVERED
ravaged_path,115,COVERED
ravaged_path,116,COVERED
ravaged_path,117,COVERED
ravaged_path,118,COVERED
ravaged_path,119,COVERED
ravaged_path,120,COVERED
ravaged_path,121,COVERED
ravaged_path,122,COVERED
ravaged_path,123,COVERED
ravaged_path,124,COVERED
ravaged_path,125,COVERED
ravaged_path,126,COVERED
ravaged_path,127,COVERED
mossdeep_game_corner,0,COVERED
mossdeep_game_corner,1,TOP
mossdeep_game_corner,2,TOP
mossdeep_game_corner,3,TOP
mossdeep_game_corner,4,TOP
mossdeep_game_corner,5,TOP
mossdeep_game_corner,6,TOP
mossdeep_game_corner,7,TOP
mossdeep_game_corner,8,TOP
mossdeep_game_corner,9,TOP
mossdeep_game_corner,10,TOP
mossdeep_game_corner,11,COVERED
mossdeep_game_corner,12,COVERED
mossdeep_game_corner,13,COVERED
mossdeep_game_corner,14,COVERED
mossdeep_game_corner,15,COVERED
mossdeep_game_corner,16,TOP
mossdeep_game_corner,17,TOP
mossdeep_game_corner,18,COVERED
mossdeep_game_corner,19,COVERED
mossdeep_game_corner,20,COVERED
mossdeep_game_corner,21,COVERED
mossdeep_game_corner,22,COVERED
mossdeep_game_corner,23,COVERED
mossdeep_game_corner,24,TOP
mossdeep_game_corner,25,TOP
mossdeep_game_corner,26,COVERED
mossdeep_game_corner,27,TOP
mossdeep_game_corner,28,TOP
mossdeep_game_corner,29,TOP
mossdeep_game_corner,30,TOP
mossdeep_game_corner,31,COVERED
mossdeep_game_corner,32,COVERED
mossdeep_game_corner,33,COVERED
mossdeep_game_corner,34,COVERED
mossdeep_game_corner,35,COVERED
mossdeep_game_corner,36,COVERED
mossdeep_game_corner,37,COVERED
mossdeep_game_corner,38,COVERED
mossdeep_game_corner,39,COVERED
mossdeep_game_corner,40,TOP
mossdeep_game_corner,41,TOP
mossdeep_game_corner,42,COVERED
mossdeep_game_corner,43,COVERED
mossdeep_game_corner,44,COVERED
mossdeep_game_corner,45,COVERED
mossdeep_game_corner,46,COVERED
mossdeep_game_corner,47,COVERED
mossdeep_game_corner,48,COVERED
mossdeep_game_corner,49,TOP
mossdeep_game_corner,50,COVERED
mossdeep_game_corner,51,COVERED
mossdeep_game_corner,52,COVERED
pretty_petal_flower_shop,0,COVERED
pretty_petal_flower_shop,1,TOP
pretty_petal_flower_shop,2,TOP
pretty_petal_flower_shop,3,TOP
pretty_petal_flower_shop,4,COVERED
pretty_petal_flower_shop,5,COVERED
pretty_petal_flower_shop,6,COVERED
pretty_petal_flower_shop,7,COVERED
pretty_petal_flower_shop,8,TOP
pretty_petal_flower_shop,9,TOP
pretty_petal_flower_shop,10,TOP
pretty_petal_flower_shop,11,TOP
pretty_petal_flower_shop,12,TOP
pretty_petal_flower_shop,13,COVERED
pretty_petal_flower_shop,14,COVERED
pretty_petal_flower_shop,15,COVERED
pretty_petal_flower_shop,16,TOP
pretty_petal_flower_shop,17,TOP
pretty_petal_flower_shop,18,TOP
pretty_petal_flower_shop,19,TOP
pretty_petal_flower_shop,20,TOP
pretty_petal_flower_shop,21,TOP
pretty_petal_flower_shop,22,TOP
pretty_petal_flower_shop,23,COVERED
pretty_petal_flower_shop,24,TOP
pretty_petal_flower_shop,25,TOP
pretty_petal_flower_shop,26,TOP
pretty_petal_flower_shop,27,TOP
pretty_petal_flower_shop,28,TOP
pretty_petal_flower_shop,29,TOP
pretty_petal_flower_shop,30,COVERED
pretty_petal_flower_shop,31,COVERED
pretty_petal_flower_shop,32,TOP
pretty_petal_flower_shop,33,TOP
pretty_petal_flower_shop,34,TOP
pretty_petal_flower_shop,35,COVERED
pretty_petal_flower_shop,36,COVERED
pretty_petal_flower_shop,37,COVERED
pretty_petal_flower_shop,38,COVERED
pretty_petal_flower_shop,39,COVERED
pretty_petal_flower_shop,40,COVERED
pretty_petal_flower_shop,41,COVERED
pretty_petal_flower_shop,42,TOP
pretty_petal_flower_shop,43,COVERED
pretty_petal_flower_shop,44,COVERED
pretty_petal_flower_shop,45,COVERED
pretty_petal_flower_shop,46,COVERED
pretty_petal_flower_shop,47,COVERED
pretty_petal_flower_shop,48,COVERED
pretty_petal_flower_shop,49,COVERED
pretty_petal_flower_shop,50,COVERED
pretty_petal_flower_shop,51,COVERED
pretty_petal_flower_shop,52,COVERED
pretty_petal_flower_shop,53,COVERED
pretty_petal_flower_shop,54,COVERED
pretty_petal_flower_shop,55,COVERED
pretty_petal_flower_shop,56,COVERED
pretty_petal_flower_shop,57,COVERED
pretty_petal_flower_shop,58,COVERED
pretty_petal_flower_shop,59,COVERED
pretty_petal_flower_shop,60,COVERED
pretty_petal_flower_shop,61,COVERED
pretty_petal_flower_shop,62,TOP
pretty_petal_flower_shop,63,COVERED
pretty_petal_flower_shop,64,COVERED
pretty_petal_flower_shop,65,COVERED
pretty_petal_flower_shop,66,COVERED
pretty_petal_flower_shop,67,COVERED
pretty_petal_flower_shop,68,COVERED
pretty_petal_flower_shop,69,COVERED
pretty_petal_flower_shop,70,COVERED
pretty_petal_flower_shop,71,COVERED
sandgem_living,0,COVERED
sandgem_living,1,COVERED
sandgem_living,2,COVERED
sandgem_living,3,COVERED
sandgem_living,4,COVERED
sandgem_living,5,COVERED
sandgem_living,6,COVERED
sandgem_living,7,COVERED
sandgem_living,8,TOP
sandgem_living,9,COVERED
sandgem_living,10,COVERED
sandgem_living,11,COVERED
sandgem_living,12,COVERED
sandgem_living,13,TOP
sandgem_living,14,TOP
sandgem_living,15,COVERED
sandgem_living,16,COVERED
sandgem_living,17,COVERED
sandgem_living,18,COVERED
sandgem_living,19,COVERED
sandgem_living,20,COVERED
sandgem_living,21,TOP
sandgem_living,22,TOP
sandgem_living,23,COVERED
sandgem_living,24,TOP
sandgem_living,25,COVERED
sandgem_living,26,COVERED
sandgem_living,27,COVERED
sandgem_living,28,COVERED
sandgem_living,29,COVERED
sandgem_living,30,COVERED
sandgem_living,31,COVERED
sandgem_living,32,COVERED
sandgem_living,33,COVERED
sandgem_living,34,COVERED
sandgem_living,35,COVERED
sandgem_living,36,COVERED
sandgem_living,37,COVERED
sandgem_living,38,COVERED
sandgem_living,39,COVERED
sandgem_living,40,COVERED
sandgem_living,41,COVERED
sandgem_living,42,COVERED
sandgem_living,43,COVERED
sandgem_living,44,COVERED
sandgem_living,45,COVERED
sandgem_living,46,COVERED
sandgem_living,47,COVERED
sandgem_living,48,COVERED
sandgem_living,49,COVERED
sandgem_living,50,COVERED
sandgem_living,51,COVERED
sandgem_living,52,COVERED
sandgem_living,53,COVERED
sandgem_living,54,COVERED
sandgem_living,55,COVERED
sandgem_living,56,COVERED
sandgem_living,57,COVERED
sandgem_living,58,COVERED
sandgem_living,59,COVERED
sandgem_living,60,COVERED
sandgem_living,61,COVERED
sandgem_living,62,COVERED
sandgem_living,63,COVERED
sandgem_living,64,COVERED
sandgem_living,65,COVERED
sandgem_living,66,COVERED
sandgem_living,67,COVERED
sandgem_living,68,COVERED
sandgem_living,69,COVERED
sandgem_living,70,COVERED
sandgem_living,71,COVERED
sandgem_living,72,COVERED
sandgem_living,73,COVERED
sandgem_living,74,COVERED
sandgem_living,75,COVERED
sandgem_living,76,COVERED
sandgem_living,77,COVERED
sandgem_living,78,COVERED
sandgem_living,79,COVERED
sandgem_living,80,COVERED
sandgem_living,81,COVERED
sandgem_living,82,COVERED
sandgem_living,83,COVERED
sandgem_living,84,COVERED
sandgem_living,85,COVERED
sandgem_living,86,COVERED
sandgem_living,87,COVERED
sandgem_living,88,COVERED
sandgem_living,89,COVERED
sandgem_living,90,COVERED
sandgem_living,91,COVERED
sandgem_living,92,COVERED
sandgem_living,93,COVERED
sandgem_living,94,COVERED
sandgem_living,95,COVERED
sandgem_living,96,COVERED
sandgem_living,97,COVERED
sandgem_living,98,COVERED
sandgem_living,99,COVERED
sandgem_living,100,COVERED
sandgem_living,101,COVERED
sandgem_living,102,COVERED
sandgem_living,103,COVERED
sandgem_living,104,COVERED
sandgem_living,105,COVERED
sandgem_living,106,COVERED
sandgem_living,107,COVERED
sandgem_living,108,COVERED
sandgem_living,109,COVERED
sandgem_living,110,COVERED
sandgem_living,111,COVERED
sandgem_living,112,COVERED
sandgem_living,113,COVERED
sandgem_living,114,COVERED
sandgem_living,115,COVERED
sandgem_living,116,COVERED
sandgem_living,117,COVERED
sandgem_living,118,COVERED
sandgem_living,119,COVERED
sandgem_living,120,COVERED
sandgem_living,121,COVERED
sandgem_living,122,COVERED
sandgem_living,123,COVERED
sandgem_living,124,COVERED
sandgem_living,125,COVERED
sandgem_living,126,COVERED
sandgem_living,127,COVERED
pokemon_day_care,0,COVERED
pokemon_day_care,1,TOP
pokemon_day_care,2,TOP
pokemon_day_care,3,TOP
pokemon_day_care,4,TOP
pokemon_day_care,5,TOP
pokemon_day_care,6,TOP
pokemon_day_care,7,TOP
pokemon_day_care,8,TOP
pokemon_day_care,9,TOP
pokemon_day_care,10,COVERED
pokemon_day_care,11,COVERED
pokemon_day_care,12,TOP
pokemon_day_care,13,TOP
pokemon_day_care,14,TOP
pokemon_day_care,15,TOP
pokemon_day_care,16,TOP
pokemon_day_care,17,TOP
pokemon_day_care,18,COVERED
pokemon_day_care,19,COVERED
pokemon_day_care,20,TOP
pokemon_day_care,21,TOP
pokemon_day_care,22,TOP
pokemon_day_care,23,TOP
pokemon_day_care,24,TOP
pokemon_day_care,25,TOP
pokemon_day_care,26,COVERED
pokemon_day_care,27,COVERED
pokemon_day_care,28,TOP
pokemon_day_care,29,TOP
pokemon_day_care,30,TOP
pokemon_day_care,31,TOP
pokemon_day_care,32,COVERED
pokemon_day_care,33,COVERED
pokemon_day_care,34,COVERED
pokemon_day_care,35,COVERED
pokemon_day_care,36,TOP
pokemon_day_care,37,COVERED
pokemon_day_care,38,TOP
pokemon_day_care,39,COVERED
pokemon_day_care,40,COVERED
pokemon_day_care,41,COVERED
pokemon_day_care,42,COVERED
pokemon_day_care,43,TOP
pokemon_day_care,44,TOP
pokemon_day_care,45,COVERED
pokemon_day_care,46,COVERED
pokemon_day_care,47,COVERED
pokemon_day_care,48,COVERED
pokemon_day_care,49,COVERED
pokemon_day_care,50,COVERED
pokemon_day_care,51,TOP
pokemon_day_care,52,COVERED
pokemon_day_care,53,COVERED
pokemon_day_care,54,COVERED
pokemon_day_care,55,COVERED
pokemon_day_care,56,COVERED
pokemon_day_care,57,TOP
pokemon_day_care,58,TOP
pokemon_day_care,59,TOP
pokemon_day_care,60,TOP
pokemon_day_care,61,COVERED
pokemon_day_care,62,COVERED
pokemon_day_care,63,COVERED
pokemon_day_care,64,COVERED
pokemon_day_care,65,COVERED
pokemon_day_care,66,COVERED
pokemon_day_care,67,COVERED
pokemon_fan_club,0,TOP
pokemon_fan_club,1,TOP
pokemon_fan_club,2,TOP
pokemon_fan_club,3,TOP
pokemon_fan_club,4,TOP
pokemon_fan_club,5,TOP
pokemon_fan_club,6,TOP
pokemon_fan_club,7,COVERED
pokemon_fan_club,8,COVERED
pokemon_fan_club,9,COVERED
pokemon_fan_club,10,COVERED
pokemon_fan_club,11,COVERED
pokemon_fan_club,12,COVERED
pokemon_fan_club,13,COVERED
pokemon_fan_club,14,COVERED
pokemon_fan_club,15,COVERED
pokemon_fan_club,16,COVERED
pokemon_fan_club,17,TOP
pokemon_fan_club,18,TOP
pokemon_fan_club,19,COVERED
pokemon_fan_club,20,TOP
pokemon_fan_club,21,COVERED
pokemon_fan_club,22,COVERED
pokemon_fan_club,23,TOP
pokemon_fan_club,24,COVERED
pokemon_fan_club,25,COVERED
pokemon_fan_club,26,COVERED
pokemon_fan_club,27,COVERED
pokemon_fan_club,28,TOP
pokemon_fan_club,29,TOP
pokemon_fan_club,30,TOP
pokemon_fan_club,31,TOP
pokemon_fan_club,32,COVERED
pokemon_fan_club,33,TOP
pokemon_fan_club,34,TOP
pokemon_fan_club,35,COVERED
pokemon_fan_club,36,COVERED
pokemon_fan_club,37,COVERED
pokemon_fan_club,38,TOP
pokemon_fan_club,39,TOP
pokemon_fan_club,40,TOP
pokemon_fan_club,41,TOP
pokemon_fan_club,42,TOP
pokemon_fan_club,43,TOP
pokemon_fan_club,44,TOP
pokemon_fan_club,45,COVERED
pokemon_fan_club,46,COVERED
pokemon_fan_club,47,TOP
pokemon_fan_club,48,TOP
pokemon_fan_club,49,TOP
pokemon_fan_club,50,TOP
pokemon_fan_club,51,TOP
pokemon_fan_club,52,TOP
pokemon_fan_club,53,COVERED
pokemon_fan_club,54,COVERED
pokemon_fan_club,55,TOP
pokemon_fan_club,56,TOP
pokemon_fan_club,57,TOP
pokemon_fan_club,58,TOP
pokemon_fan_club,59,TOP
pokemon_fan_club,60,TOP
pokemon_fan_club,61,COVERED
pokemon_fan_club,62,COVERED
pokemon_fan_club,63,TOP
pokemon_fan_club,64,COVERED
pokemon_fan_club,65,COVERED
pokemon_fan_club,66,COVERED
pokemon_fan_club,67,COVERED
pokemon_fan_club,68,COVERED
pokemon_fan_club,69,COVERED
pokemon_fan_club,70,TOP
pokemon_fan_club,71,TOP
pokemon_fan_club,72,COVERED
pokemon_fan_club,73,COVERED
pokemon_fan_club,74,COVERED
pokemon_fan_club,75,COVERED
pokemon_fan_club,76,COVERED
pokemon_fan_club,77,COVERED
pokemon_fan_club,78,COVERED
pokemon_fan_club,79,COVERED
pokemon_fan_club,80,TOP
pokemon_fan_club,81,TOP
pokemon_fan_club,82,TOP
pokemon_fan_club,83,TOP
pokemon_fan_club,84,COVERED
pokemon_fan_club,85,COVERED
pokemon_fan_club,86,COVERED
pokemon_fan_club,87,COVERED
pokemon_fan_club,88,COVERED
pokemon_fan_club,89,COVERED
pokemon_fan_club,90,COVERED
pokemon_fan_club,91,TOP
pokemon_fan_club,92,COVERED
pokemon_fan_club,93,COVERED
pokemon_fan_club,94,COVERED
pokemon_fan_club,95,COVERED
pokemon_fan_club,96,COVERED
pokemon_fan_club,97,COVERED
pokemon_fan_club,98,COVERED
pokemon_fan_club,99,TOP
pokemon_fan_club,100,COVERED
pokemon_fan_club,101,TOP
pokemon_fan_club,102,TOP
pokemon_fan_club,103,COVERED
inside_of_truck,0,TOP
inside_of_truck,1,TOP
inside_of_truck,2,TOP
inside_of_truck,3,TOP
inside_of_truck,4,TOP
inside_of_truck,5,TOP
inside_of_truck,6,TOP
inside_of_truck,7,TOP
inside_of_truck,8,TOP
inside_of_truck,9,TOP
inside_of_truck,10,TOP
inside_of_truck,11,TOP
inside_of_truck,12,TOP
inside_of_truck,13,TOP
inside_of_truck,14,COVERED
inside_of_truck,15,TOP
inside_of_truck,16,TOP
inside_of_truck,17,TOP
inside_of_truck,18,TOP
inside_of_truck,19,TOP
inside_of_truck,20,TOP
inside_of_truck,21,TOP
inside_of_truck,22,TOP
inside_of_truck,23,TOP
inside_of_truck,24,TOP
inside_of_truck,25,TOP
inside_of_truck,26,TOP
inside_of_truck,27,TOP
inside_of_truck,28,TOP
inside_of_truck,29,TOP
inside_of_truck,30,TOP
inside_of_truck,31,TOP
inside_of_truck,32,TOP
inside_of_truck,33,TOP
inside_of_truck,34,TOP
inside_of_truck,35,TOP
inside_of_truck,36,TOP
inside_of_truck,37,TOP
battle_frontier_outside_east,0,COVERED
battle_frontier_outside_east,1,TOP
battle_frontier_outside_east,2,COVERED
battle_frontier_outside_east,3,COVERED
battle_frontier_outside_east,4,TOP
battle_frontier_outside_east,5,COVERED
battle_frontier_outside_east,6,COVERED
battle_frontier_outside_east,7,COVERED
battle_frontier_outside_east,8,TOP
battle_frontier_outside_east,9,TOP
battle_frontier_outside_east,10,TOP
battle_frontier_outside_east,11,TOP
battle_frontier_outside_east,12,TOP
battle_frontier_outside_east,13,TOP
battle_frontier_outside_east,14,TOP
battle_frontier_outside_east,15,TOP
battle_frontier_outside_east,16,TOP
battle_frontier_outside_east,17,TOP
battle_frontier_outside_east,18,TOP
battle_frontier_outside_east,19,TOP
battle_frontier_outside_east,20,TOP
battle_frontier_outside_east,21,TOP
battle_frontier_outside_east,22,TOP
battle_frontier_outside_east,23,TOP
battle_frontier_outside_east,24,TOP
battle_frontier_outside_east,25,TOP
battle_frontier_outside_east,26,TOP
battle_frontier_outside_east,27,TOP
battle_frontier_outside_east,28,TOP
battle_frontier_outside_east,29,TOP
battle_frontier_outside_east,30,TOP
battle_frontier_outside_east,31,TOP
battle_frontier_outside_east,32,TOP
battle_frontier_outside_east,33,COVERED
battle_frontier_outside_east,34,COVERED
battle_frontier_outside_east,35,COVERED
battle_frontier_outside_east,36,COVERED
battle_frontier_outside_east,37,COVERED
battle_frontier_outside_east,38,COVERED
battle_frontier_outside_east,39,COVERED
battle_frontier_outside_east,40,COVERED
battle_frontier_outside_east,41,COVERED
battle_frontier_outside_east,42,COVERED
battle_frontier_outside_east,43,COVERED
battle_frontier_outside_east,44,COVERED
battle_frontier_outside_east,45,COVERED
battle_frontier_outside_east,46,COVERED
battle_frontier_outside_east,47,COVERED
battle_frontier_outside_east,48,COVERED
battle_frontier_outside_east,49,COVERED
battle_frontier_outside_east,50,COVERED
battle_frontier_outside_east,51,COVERED
battle_frontier_outside_east,52,TOP
battle_frontier_outside_east,53,COVERED
battle_frontier_outside_east,54,TOP
battle_frontier_outside_east,55,COVERED
battle_frontier_outside_east,56,TOP
battle_frontier_outside_east,57,TOP
battle_frontier_outside_east,58,TOP
battle_frontier_outside_east,59,COVERED
battle_frontier_outside_east,60,COVERED
battle_frontier_outside_east,61,COVERED
battle_frontier_outside_east,62,COVERED
battle_frontier_outside_east,63,TOP
battle_frontier_outside_east,64,TOP
battle_frontier_outside_east,65,TOP
battle_frontier_outside_east,66,TOP
battle_frontier_outside_east,67,TOP
battle_frontier_outside_east,68,TOP
battle_frontier_outside_east,69,TOP
battle_frontier_outside_east,70,TOP
battle_frontier_outside_east,71,TOP
battle_frontier_outside_east,72,TOP
battle_frontier_outside_east,73,TOP
battle_frontier_outside_east,74,TOP
battle_frontier_outside_east,75,TOP
battle_frontier_outside_east,76,COVERED
battle_frontier_outside_east,77,TOP
battle_frontier_outside_east,78,TOP
battle_frontier_outside_east,79,TOP
battle_frontier_outside_east,80,COVERED
battle_frontier_outside_east,81,COVERED
battle_frontier_outside_east,82,TOP
battle_frontier_outside_east,83,TOP
battle_frontier_outside_east,84,TOP
battle_frontier_outside_east,85,TOP
battle_frontier_outside_east,86,TOP
battle_frontier_outside_east,87,TOP
battle_frontier_outside_east,88,COVERED
battle_frontier_outside_east,89,COVERED
battle_frontier_outside_east,90,COVERED
battle_frontier_outside_east,91,COVERED
battle_frontier_outside_east,92,COVERED
battle_frontier_outside_east,93,COVERED
battle_frontier_outside_east,94,COVERED
battle_frontier_outside_east,95,TOP
battle_frontier_outside_east,96,COVERED
battle_frontier_outside_east,97,COVERED
battle_frontier_outside_east,98,COVERED
battle_frontier_outside_east,99,TOP
battle_frontier_outside_east,100,TOP
battle_frontier_outside_east,101,TOP
battle_frontier_outside_east,102,TOP
battle_frontier_outside_east,103,TOP
battle_frontier_outside_east,104,TOP
battle_frontier_outside_east,105,TOP
battle_frontier_outside_east,106,COVERED
battle_frontier_outside_east,107,COVERED
battle_frontier_outside_east,108,TOP
battle_frontier_outside_east,109,TOP
battle_frontier_outside_east,110,COVERED
battle_frontier_outside_east,111,TOP
battle_frontier_outside_east,112,TOP
battle_frontier_outside_east,113,TOP
battle_frontier_outside_east,114,TOP
battle_frontier_outside_east,115,TOP
battle_frontier_outside_east,116,TOP
battle_frontier_outside_east,117,TOP
battle_frontier_outside_east,118,TOP
battle_frontier_outside_east,119,TOP
battle_frontier_outside_east,120,TOP
battle_frontier_outside_east,121,TOP
battle_frontier_outside_east,122,COVERED
battle_frontier_outside_east,123,TOP
battle_frontier_outside_east,124,TOP
battle_frontier_outside_east,125,COVERED
battle_frontier_outside_east,126,COVERED
battle_frontier_outside_east,127,TOP
battle_frontier_outside_east,128,TOP
battle_frontier_outside_east,129,TOP
battle_frontier_outside_east,130,TOP
battle_frontier_outside_east,131,COVERED
battle_frontier_outside_east,132,TOP
battle_frontier_outside_east,133,TOP
battle_frontier_outside_east,134,TOP
battle_frontier_outside_east,135,TOP
battle_frontier_outside_east,136,TOP
battle_frontier_outside_east,137,COVERED
battle_frontier_outside_east,138,TOP
battle_frontier_outside_east,139,COVERED
battle_frontier_outside_east,140,COVERED
battle_frontier_outside_east,141,COVERED
battle_frontier_outside_east,142,COVERED
battle_frontier_outside_east,143,TOP
battle_frontier_outside_east,144,TOP
battle_frontier_outside_east,145,COVERED
battle_frontier_outside_east,146,TOP
battle_frontier_outside_east,147,TOP
battle_frontier_outside_east,148,TOP
battle_frontier_outside_east,149,TOP
battle_frontier_outside_east,150,TOP
battle_frontier_outside_east,151,TOP
battle_frontier_outside_east,152,TOP
battle_frontier_outside_east,153,TOP
battle_frontier_outside_east,154,TOP
battle_frontier_outside_east,155,TOP
battle_frontier_outside_east,156,TOP
battle_frontier_outside_east,157,COVERED
battle_frontier_outside_east,158,COVERED
battle_frontier_outside_east,159,TOP
battle_frontier_outside_east,160,TOP
battle_frontier_outside_east,161,TOP
battle_frontier_outside_east,162,TOP
battle_frontier_outside_east,163,TOP
battle_frontier_outside_east,164,TOP
battle_frontier_outside_east,165,TOP
battle_frontier_outside_east,166,TOP
battle_frontier_outside_east,167,TOP
battle_frontier_outside_east,168,COVERED
battle_frontier_outside_east,169,COVERED
battle_frontier_outside_east,170,COVERED
battle_frontier_outside_east,171,COVERED
battle_frontier_outside_east,172,COVERED
battle_frontier_outside_east,173,TOP
battle_frontier_outside_east,174,TOP
battle_frontier_outside_east,175,TOP
battle_frontier_outside_east,176,COVERED
battle_frontier_outside_east,177,COVERED
battle_frontier_outside_east,178,COVERED
battle_frontier_outside_east,179,COVERED
battle_frontier_outside_east,180,COVERED
battle_frontier_outside_east,181,COVERED
battle_frontier_outside_east,182,TOP
battle_frontier_outside_east,183,TOP
battle_frontier_outside_east,184,TOP
battle_frontier_outside_east,185,TOP
battle_frontier_outside_east,186,TOP
battle_frontier_outside_east,187,COVERED
battle_frontier_outside_east,188,COVERED
battle_frontier_outside_east,189,TOP
battle_frontier_outside_east,190,TOP
battle_frontier_outside_east,191,COVERED
battle_frontier_outside_east,192,TOP
battle_frontier_outside_east,193,TOP
battle_frontier_outside_east,194,TOP
battle_frontier_outside_east,195,COVERED
battle_frontier_outside_east,196,COVERED
battle_frontier_outside_east,197,TOP
battle_frontier_outside_east,198,TOP
battle_frontier_outside_east,199,COVERED
battle_frontier_outside_east,200,TOP
battle_frontier_outside_east,201,COVERED
battle_frontier_outside_east,202,TOP
battle_frontier_outside_east,203,TOP
battle_frontier_outside_east,204,TOP
battle_frontier_outside_east,205,COVERED
battle_frontier_outside_east,206,COVERED
battle_frontier_outside_east,207,COVERED
battle_frontier_outside_east,208,TOP
battle_frontier_outside_east,209,TOP
battle_frontier_outside_east,210,TOP
battle_frontier_outside_east,211,TOP
battle_frontier_outside_east,212,TOP
battle_frontier_outside_east,213,TOP
battle_frontier_outside_east,214,TOP
battle_frontier_outside_east,215,COVERED
battle_frontier_outside_east,216,TOP
battle_frontier_outside_east,217,TOP
battle_frontier_outside_east,218,COVERED
battle_frontier_outside_east,219,TOP
battle_frontier_outside_east,220,TOP
battle_frontier_outside_east,221,TOP
battle_frontier_outside_east,222,TOP
battle_frontier_outside_east,223,COVERED
battle_frontier_outside_east,224,COVERED
battle_frontier_outside_east,225,COVERED
battle_frontier_outside_east,226,COVERED
battle_frontier_outside_east,227,COVERED
battle_frontier_outside_east,228,COVERED
battle_frontier_outside_east,229,COVERED
battle_frontier_outside_east,230,COVERED
battle_frontier_outside_east,231,COVERED
battle_frontier_outside_east,232,COVERED
battle_frontier_outside_east,233,COVERED
battle_frontier_outside_east,234,COVERED
battle_frontier_outside_east,235,COVERED
battle_frontier_outside_east,236,COVERED
battle_frontier_outside_east,237,COVERED
battle_frontier_outside_east,238,COVERED
battle_frontier_outside_east,239,COVERED
battle_frontier_outside_east,240,COVERED
battle_frontier_outside_east,241,COVERED
battle_frontier_outside_east,242,COVERED
battle_frontier_outside_east,243,COVERED
battle_frontier_outside_east,244,COVERED
battle_frontier_outside_east,245,COVERED
battle_frontier_outside_east,246,COVERED
battle_frontier_outside_east,247,TOP
battle_frontier_outside_east,248,TOP
battle_frontier_outside_east,249,TOP
battle_frontier_outside_east,250,TOP
battle_frontier_outside_east,251,TOP
battle_frontier_outside_east,252,TOP
battle_frontier_outside_east,253,TOP
battle_frontier_outside_east,254,TOP
battle_frontier_outside_east,255,TOP
battle_frontier_outside_east,256,COVERED
battle_frontier_outside_east,257,COVERED
battle_frontier_outside_east,258,COVERED
battle_frontier_outside_east,259,COVERED
battle_frontier_outside_east,260,COVERED
battle_frontier_outside_east,261,COVERED
battle_frontier_outside_east,262,TOP
battle_frontier_outside_east,263,COVERED
battle_frontier_outside_east,264,COVERED
battle_frontier_outside_east,265,TOP
battle_frontier_outside_east,266,COVERED
battle_frontier_outside_east,267,COVERED
battle_frontier_outside_east,268,COVERED
battle_frontier_outside_east,269,COVERED
battle_frontier_outside_east,270,COVERED
battle_frontier_outside_east,271,COVERED
battle_frontier_outside_east,272,COVERED
battle_frontier_outside_east,273,TOP
battle_frontier_outside_east,274,COVERED
battle_frontier_outside_east,275,COVERED
battle_frontier_outside_east,276,COVERED
battle_frontier_outside_east,277,COVERED
battle_frontier_outside_east,278,COVERED
battle_frontier_outside_east,279,COVERED
battle_frontier_outside_east,280,COVERED
battle_frontier_outside_east,281,COVERED
battle_frontier_outside_east,282,COVERED
battle_frontier_outside_east,283,COVERED
battle_frontier_outside_east,284,COVERED
battle_frontier_outside_east,285,COVERED
battle_frontier_outside_east,286,COVERED
battle_frontier_outside_east,287,COVERED
battle_frontier_outside_east,288,TOP
battle_frontier_outside_east,289,COVERED
battle_frontier_outside_east,290,TOP
battle_frontier_outside_east,291,TOP
battle_frontier_outside_east,292,TOP
battle_frontier_outside_east,293,TOP
battle_frontier_outside_east,294,TOP
battle_frontier_outside_east,295,TOP
battle_frontier_outside_east,296,TOP
battle_frontier_outside_east,297,COVERED
battle_frontier_outside_east,298,TOP
battle_frontier_outside_east,299,TOP
battle_frontier_outside_east,300,COVERED
battle_frontier_outside_east,301,COVERED
battle_frontier_outside_east,302,COVERED
battle_frontier_outside_east,303,TOP
battle_frontier_outside_east,304,COVERED
battle_frontier_outside_east,305,COVERED
battle_frontier_outside_east,306,COVERED
battle_frontier_outside_east,307,COVERED
battle_frontier_outside_east,308,COVERED
battle_frontier_outside_east,309,COVERED
battle_frontier_outside_east,310,COVERED
battle_frontier_outside_east,311,COVERED
battle_frontier_outside_east,312,TOP
battle_frontier_outside_east,313,COVERED
battle_frontier_outside_east,314,COVERED
battle_frontier_outside_east,315,COVERED
battle_frontier_outside_east,316,COVERED
battle_frontier_outside_east,317,COVERED
battle_frontier_outside_east,318,COVERED
battle_frontier_outside_east,319,COVERED
battle_frontier_outside_east,320,TOP
battle_frontier_outside_east,321,TOP
battle_frontier_outside_east,322,TOP
battle_frontier_outside_east,323,COVERED
battle_frontier_outside_east,324,COVERED
battle_frontier_outside_east,325,COVERED
battle_frontier_outside_east,326,COVERED
battle_frontier_outside_east,327,COVERED
battle_frontier_outside_east,328,COVERED
battle_frontier_outside_east,329,COVERED
battle_frontier_outside_east,330,COVERED
battle_frontier_outside_east,331,COVERED
battle_frontier_outside_east,332,TOP
battle_frontier_outside_east,333,COVERED
battle_frontier_outside_east,334,COVERED
battle_frontier_outside_east,335,COVERED
battle_frontier_outside_east,336,COVERED
battle_frontier_outside_east,337,COVERED
battle_frontier_outside_east,338,COVERED
battle_frontier_outside_east,339,COVERED
battle_frontier_outside_east,340,TOP
battle_frontier_outside_east,341,COVERED
battle_frontier_outside_east,342,COVERED
battle_frontier_outside_east,343,COVERED
battle_frontier_outside_east,344,TOP
battle_frontier_outside_east,345,COVERED
battle_frontier_outside_east,346,COVERED
battle_frontier_outside_east,347,COVERED
battle_frontier_outside_east,348,TOP
battle_frontier_outside_east,349,COVERED
battle_frontier_outside_east,350,COVERED
battle_frontier_outside_east,351,COVERED
battle_frontier_outside_east,352,TOP
battle_frontier_outside_east,353,TOP
battle_frontier_outside_east,354,COVERED
battle_frontier_outside_east,355,COVERED
battle_frontier_outside_east,356,COVERED
battle_frontier_outside_east,357,TOP
battle_frontier_outside_east,358,TOP
battle_frontier_outside_east,359,TOP
battle_frontier_outside_east,360,COVERED
battle_frontier_outside_east,361,COVERED
battle_frontier_outside_east,362,COVERED
battle_frontier_outside_east,363,COVERED
battle_frontier_outside_east,364,COVERED
battle_frontier_outside_east,365,TOP
battle_frontier_outside_east,366,TOP
battle_frontier_outside_east,367,TOP
battle_frontier_outside_east,368,COVERED
battle_frontier_outside_east,369,COVERED
battle_frontier_outside_east,370,COVERED
battle_frontier_outside_east,371,COVERED
battle_frontier_outside_east,372,COVERED
battle_frontier_outside_east,373,TOP
battle_frontier_outside_east,374,TOP
battle_frontier_outside_east,375,TOP
battle_frontier_outside_east,376,COVERED
battle_frontier_outside_east,377,COVERED
battle_frontier_outside_east,378,TOP
battle_frontier_outside_east,379,TOP
battle_frontier_outside_east,380,TOP
battle_frontier_outside_east,381,TOP
battle_frontier_outside_east,382,TOP
battle_frontier_outside_east,383,TOP
battle_frontier_outside_east,384,COVERED
battle_frontier_outside_east,385,COVERED
battle_frontier_outside_east,386,TOP
battle_frontier_outside_east,387,TOP
battle_frontier_outside_east,388,TOP
battle_frontier_outside_east,389,TOP
battle_frontier_outside_east,390,TOP
battle_frontier_outside_east,391,TOP
battle_frontier_outside_east,392,COVERED
battle_frontier_outside_east,393,COVERED
battle_frontier_outside_east,394,COVERED
battle_frontier_outside_east,395,COVERED
battle_frontier_outside_east,396,COVERED
battle_frontier_outside_east,397,COVERED
battle_frontier_outside_east,398,COVERED
battle_frontier_outside_east,399,COVERED
battle_frontier_outside_east,400,TOP
battle_frontier_outside_east,401,TOP
battle_frontier_outside_east,402,COVERED
battle_frontier_outside_east,403,COVERED
battle_frontier_outside_east,404,COVERED
battle_frontier_outside_east,405,COVERED
battle_frontier_outside_east,406,COVERED
battle_frontier_outside_east,407,COVERED
battle_frontier_outside_east,408,TOP
battle_frontier_outside_east,409,TOP
battle_frontier_outside_east,410,TOP
battle_frontier_outside_east,411,COVERED
battle_frontier_outside_east,412,COVERED
battle_frontier_outside_east,413,COVERED
battle_frontier_outside_east,414,TOP
battle_frontier_outside_east,415,TOP
battle_frontier_outside_east,416,TOP
battle_frontier_outside_east,417,TOP
battle_frontier_outside_east,418,TOP
battle_frontier_outside_east,419,COVERED
battle_frontier_outside_east,420,COVERED
battle_frontier_outside_east,421,COVERED
battle_frontier_outside_east,422,TOP
battle_frontier_outside_east,423,TOP
battle_frontier_outside_east,424,TOP
battle_frontier_outside_east,425,TOP
battle_frontier_outside_east,426,TOP
battle_frontier_outside_east,427,COVERED
battle_frontier_outside_east,428,COVERED
battle_frontier_outside_east,429,COVERED
battle_frontier_outside_east,430,TOP
battle_frontier_outside_east,431,TOP
battle_frontier_outside_east,432,TOP
battle_frontier_outside_east,433,TOP
battle_frontier_outside_east,434,TOP
battle_frontier_outside_east,435,TOP
battle_frontier_outside_east,436,TOP
battle_frontier_outside_east,437,TOP
battle_frontier_outside_east,438,TOP
battle_frontier_outside_east,439,TOP
battle_frontier_outside_east,440,TOP
battle_frontier_outside_east,441,TOP
battle_frontier_outside_east,442,TOP
battle_frontier_outside_east,443,TOP
battle_frontier_outside_east,444,TOP
battle_frontier_outside_east,445,TOP
battle_frontier_outside_east,446,TOP
battle_frontier_outside_east,447,TOP
battle_frontier_outside_east,448,TOP
battle_frontier_outside_east,449,TOP
battle_frontier_outside_east,450,TOP
battle_frontier_outside_east,451,TOP
battle_frontier_outside_east,452,TOP
battle_frontier_outside_east,453,TOP
battle_frontier_outside_east,454,TOP
battle_frontier_outside_east,455,TOP
battle_frontier_outside_east,456,TOP
battle_frontier_outside_east,457,TOP
battle_frontier_outside_east,458,TOP
battle_frontier_outside_east,459,TOP
battle_frontier_outside_east,460,TOP
battle_frontier_outside_east,461,TOP
battle_frontier_outside_east,462,TOP
battle_frontier_outside_east,463,TOP
battle_frontier_outside_east,464,TOP
battle_frontier_outside_east,465,TOP
battle_frontier_outside_east,466,TOP
battle_frontier_outside_east,467,TOP
battle_frontier_outside_east,468,TOP
battle_frontier_outside_east,469,COVERED
battle_frontier_outside_east,470,COVERED
battle_frontier_outside_east,471,COVERED
battle_frontier_outside_east,472,TOP
battle_frontier_outside_east,473,TOP
battle_frontier_outside_east,474,TOP
battle_frontier_outside_east,475,TOP
battle_frontier_outside_east,476,COVERED
battle_frontier_outside_east,477,TOP
battle_frontier_outside_east,478,TOP
battle_frontier_outside_east,479,TOP
battle_frontier_outside_east,480,TOP
battle_frontier_outside_east,481,TOP
battle_frontier_outside_east,482,TOP
battle_frontier_outside_east,483,TOP
battle_frontier_outside_east,484,TOP
battle_frontier_outside_east,485,COVERED
battle_frontier_outside_east,486,TOP
battle_frontier_outside_east,487,COVERED
battle_frontier_outside_east,488,TOP
battle_frontier_outside_east,489,COVERED
battle_frontier_outside_east,490,TOP
battle_frontier_outside_east,491,TOP
battle_frontier_outside_east,492,TOP
battle_frontier_outside_east,493,TOP
battle_frontier_outside_east,494,TOP
battle_frontier_outside_east,495,TOP
battle_frontier_outside_east,496,COVERED
battle_frontier_outside_east,497,TOP
battle_frontier_outside_east,498,TOP
battle_frontier_outside_east,499,TOP
battle_frontier_outside_east,500,COVERED
battle_frontier_outside_east,501,COVERED
battle_frontier_outside_east,502,TOP
battle_frontier_outside_east,503,TOP
battle_frontier_outside_east,504,COVERED
battle_frontier_outside_east,505,COVERED
battle_frontier_outside_east,506,COVERED
battle_frontier_outside_east,507,COVERED
battle_frontier_outside_east,508,COVERED
battle_frontier_outside_east,509,COVERED
secret_base,0,COVERED
secret_base,1,TOP
secret_base,2,TOP
secret_base,3,TOP
secret_base,4,TOP
secret_base,5,TOP
secret_base,6,TOP
secret_base,7,TOP
secret_base,8,TOP
secret_base,9,TOP
secret_base,10,TOP
secret_base,11,TOP
secret_base,12,TOP
secret_base,13,TOP
secret_base,14,TOP
secret_base,15,TOP
secret_base,16,TOP
secret_base,17,TOP
secret_base,18,TOP
secret_base,19,TOP
secret_base,20,TOP
secret_base,21,COVERED
secret_base,22,COVERED
secret_base,23,COVERED
secret_base,24,COVERED
secret_base,25,COVERED
secret_base,26,COVERED
secret_base,27,COVERED
secret_base,28,COVERED
secret_base,29,COVERED
secret_base,30,COVERED
secret_base,31,COVERED
secret_base,32,COVERED
secret_base,33,COVERED
secret_base,34,COVERED
secret_base,35,COVERED
secret_base,36,COVERED
secret_base,37,COVERED
secret_base,38,COVERED
secret_base,39,COVERED
secret_base,40,COVERED
secret_base,41,COVERED
secret_base,42,COVERED
secret_base,43,COVERED
secret_base,44,COVERED
secret_base,45,COVERED
secret_base,46,COVERED
secret_base,47,COVERED
secret_base,48,TOP
secret_base,49,TOP
secret_base,50,TOP
secret_base,51,COVERED
secret_base,52,COVERED
secret_base,53,COVERED
secret_base,54,COVERED
secret_base,55,TOP
secret_base,56,COVERED
secret_base,57,TOP
secret_base,58,COVERED
secret_base,59,COVERED
secret_base,60,COVERED
secret_base,61,COVERED
secret_base,62,COVERED
secret_base,63,COVERED
secret_base,64,COVERED
secret_base,65,TOP
secret_base,66,COVERED
secret_base,67,COVERED
secret_base,68,COVERED
secret_base,69,COVERED
secret_base,70,COVERED
secret_base,71,COVERED
secret_base,72,TOP
secret_base,73,TOP
secret_base,74,COVERED
secret_base,75,COVERED
secret_base,76,COVERED
secret_base,77,COVERED
secret_base,78,COVERED
secret_base,79,COVERED
secret_base,80,COVERED
secret_base,81,TOP
secret_base,82,COVERED
secret_base,83,COVERED
secret_base,84,COVERED
secret_base,85,COVERED
secret_base,86,COVERED
secret_base,87,COVERED
secret_base,88,COVERED
secret_base,89,TOP
secret_base,90,COVERED
secret_base,91,COVERED
secret_base,92,COVERED
secret_base,93,COVERED
secret_base,94,COVERED
secret_base,95,COVERED
secret_base,96,COVERED
secret_base,97,COVERED
secret_base,98,COVERED
secret_base,99,COVERED
secret_base,100,COVERED
secret_base,101,COVERED
secret_base,102,COVERED
secret_base,103,COVERED
secret_base,104,TOP
secret_base,105,COVERED
secret_base,106,COVERED
secret_base,107,COVERED
secret_base,108,COVERED
secret_base,109,COVERED
secret_base,110,TOP
secret_base,111,COVERED
secret_base,112,COVERED
secret_base,113,COVERED
secret_base,114,COVERED
secret_base,115,COVERED
secret_base,116,COVERED
secret_base,117,COVERED
secret_base,118,COVERED
secret_base,119,COVERED
secret_base,120,COVERED
secret_base,121,COVERED
secret_base,122,COVERED
secret_base,123,COVERED
secret_base,124,COVERED
secret_base,125,COVERED
secret_base,126,COVERED
secret_base,127,COVERED
secret_base,128,COVERED
secret_base,129,COVERED
secret_base,130,TOP
secret_base,131,TOP
secret_base,132,TOP
secret_base,133,TOP
secret_base,134,TOP
secret_base,135,COVERED
secret_base,136,COVERED
secret_base,137,COVERED
secret_base,138,COVERED
secret_base,139,COVERED
secret_base,140,COVERED
secret_base,141,COVERED
secret_base,142,TOP
secret_base,143,COVERED
secret_base,144,COVERED
secret_base,145,COVERED
secret_base,146,COVERED
secret_base,147,COVERED
secret_base,148,COVERED
secret_base,149,COVERED
secret_base,150,COVERED
secret_base,151,COVERED
secret_base,152,COVERED
secret_base,153,COVERED
secret_base,154,COVERED
secret_base,155,COVERED
secret_base,156,COVERED
secret_base,157,COVERED
secret_base,158,COVERED
secret_base,159,COVERED
secret_base,160,COVERED
secret_base,161,COVERED
secret_base,162,COVERED
secret_base,163,COVERED
secret_base,164,COVERED
secret_base,165,COVERED
secret_base,166,COVERED
secret_base,167,COVERED
secret_base,168,COVERED
secret_base,169,COVERED
secret_base,170,COVERED
secret_base,171,COVERED
secret_base,172,COVERED
secret_base,173,COVERED
secret_base,174,COVERED
secret_base,175,COVERED
secret_base,176,COVERED
secret_base,177,COVERED
secret_base,178,COVERED
secret_base,179,COVERED
secret_base,180,COVERED
secret_base,181,COVERED
secret_base,182,COVERED
secret_base,183,COVERED
secret_base,184,COVERED
secret_base,185,COVERED
secret_base,186,COVERED
secret_base,187,COVERED
secret_base,188,COVERED
secret_base,189,COVERED
secret_base,190,COVERED
secret_base,191,COVERED
secret_base,192,COVERED
secret_base,193,COVERED
secret_base,194,COVERED
secret_base,195,COVERED
secret_base,196,COVERED
secret_base,197,COVERED
secret_base,198,COVERED
secret_base,199,COVERED
secret_base,200,COVERED
secret_base,201,COVERED
secret_base,202,COVERED
secret_base,203,COVERED
secret_base,204,COVERED
secret_base,205,COVERED
secret_base,206,COVERED
secret_base,207,COVERED
secret_base,208,TOP
secret_base,209,TOP
secret_base,210,TOP
secret_base,211,TOP
secret_base,212,TOP
secret_base,213,TOP
secret_base,214,TOP
secret_base,215,TOP
secret_base,216,COVERED
secret_base,217,COVERED
secret_base,218,COVERED
secret_base,219,COVERED
secret_base,220,COVERED
secret_base,221,COVERED
secret_base,222,COVERED
secret_base,223,COVERED
secret_base,224,TOP
secret_base,225,TOP
secret_base,226,TOP
secret_base,227,TOP
secret_base,228,TOP
secret_base,229,TOP
secret_base,230,TOP
secret_base,231,TOP
secret_base,232,COVERED
secret_base,233,COVERED
secret_base,234,COVERED
secret_base,235,COVERED
secret_base,236,COVERED
secret_base,237,COVERED
secret_base,238,COVERED
secret_base,239,COVERED
secret_base,240,TOP
secret_base,241,TOP
secret_base,242,TOP
secret_base,243,TOP
secret_base,244,COVERED
secret_base,245,COVERED
secret_base,246,COVERED
secret_base,247,COVERED
secret_base,248,COVERED
secret_base,249,COVERED
secret_base,250,COVERED
secret_base,251,COVERED
secret_base,252,COVERED
secret_base,253,COVERED
secret_base,254,COVERED
secret_base,255,COVERED
secret_base,256,COVERED
secret_base,257,COVERED
secret_base,258,COVERED
secret_base,259,COVERED
secret_base,260,COVERED
secret_base,261,COVERED
secret_base,262,COVERED
secret_base,263,COVERED
secret_base,264,COVERED
secret_base,265,COVERED
secret_base,266,COVERED
secret_base,267,COVERED
secret_base,268,COVERED
secret_base,269,COVERED
secret_base,270,COVERED
secret_base,271,COVERED
secret_base,272,COVERED
secret_base,273,COVERED
secret_base,274,COVERED
secret_base,275,COVERED
secret_base,276,COVERED
secret_base,277,COVERED
secret_base,278,COVERED
secret_base,279,COVERED
secret_base,280,COVERED
secret_base,281,COVERED
secret_base,282,COVERED
secret_base,283,COVERED
secret_base,284,COVERED
secret_base,285,COVERED
secret_base,286,COVERED
secret_base,287,COVERED
secret_base,288,COVERED
secret_base,289,COVERED
secret_base,290,COVERED
secret_base,291,COVERED
secret_base,292,COVERED
secret_base,293,COVERED
secret_base,294,COVERED
secret_base,295,COVERED
secret_base,296,COVERED
secret_base,297,COVERED
secret_base,298,COVERED
secret_base,299,COVERED
secret_base,300,COVERED
secret_base,301,COVERED
secret_base,302,TOP
secret_base,303,TOP
secret_base,304,COVERED
secret_base,305,COVERED
secret_base,306,COVERED
secret_base,307,COVERED
secret_base,308,COVERED
secret_base,309,COVERED
secret_base,310,COVERED
secret_base,311,COVERED
secret_base,312,COVERED
secret_base,313,COVERED
secret_base,314,COVERED
secret_base,315,COVERED
secret_base,316,COVERED
secret_base,317,COVERED
secret_base,318,COVERED
secret_base,319,COVERED
secret_base,320,COVERED
secret_base,321,COVERED
secret_base,322,COVERED
secret_base,323,COVERED
mauville,0,COVERED
mauville,1,COVERED
mauville,2,TOP
mauville,3,TOP
mauville,4,TOP
mauville,5,TOP
mauville,6,TOP
mauville,7,COVERED
mauville,8,TOP
mauville,9,TOP
mauville,10,TOP
mauville,11,TOP
mauville,12,TOP
mauville,13,TOP
mauville,14,TOP
mauville,15,TOP
mauville,16,TOP
mauville,17,TOP
mauville,18,TOP
mauville,19,TOP
mauville,20,TOP
mauville,21,TOP
mauville,22,TOP
mauville,23,TOP
mauville,24,TOP
mauville,25,TOP
mauville,26,TOP
mauville,27,COVERED
mauville,28,COVERED
mauville,29,COVERED
mauville,30,TOP
mauville,31,COVERED
mauville,32,TOP
mauville,33,TOP
mauville,34,TOP
mauville,35,COVERED
mauville,36,COVERED
mauville,37,COVERED
mauville,38,COVERED
mauville,39,COVERED
mauville,40,TOP
mauville,41,TOP
mauville,42,TOP
mauville,43,COVERED
mauville,44,COVERED
mauville,45,COVERED
mauville,46,TOP
mauville,47,COVERED
mauville,48,COVERED
mauville,49,COVERED
mauville,50,COVERED
mauville,51,COVERED
mauville,52,COVERED
mauville,53,TOP
mauville,54,TOP
mauville,55,TOP
mauville,56,COVERED
mauville,57,COVERED
mauville,58,COVERED
mauville,59,COVERED
mauville,60,COVERED
mauville,61,COVERED
mauville,62,COVERED
mauville,63,COVERED
mauville,64,COVERED
mauville,65,COVERED
mauville,66,COVERED
mauville,67,TOP
mauville,68,TOP
mauville,69,COVERED
mauville,70,TOP
mauville,71,TOP
mauville,72,TOP
mauville,73,TOP
mauville,74,TOP
mauville,75,COVERED
mauville,76,COVERED
mauville,77,COVERED
mauville,78,COVERED
mauville,79,COVERED
mauville,80,TOP
mauville,81,TOP
mauville,82,TOP
mauville,83,COVERED
mauville,84,COVERED
mauville,85,COVERED
mauville,86,COVERED
mauville,87,COVERED
mauville,88,TOP
mauville,89,TOP
mauville,90,TOP
mauville,91,COVERED
mauville,92,COVERED
mauville,93,COVERED
mauville,94,COVERED
mauville,95,COVERED
mauville,96,COVERED
mauville,97,TOP
mauville,98,TOP
mauville,99,TOP
mauville,100,TOP
mauville,101,TOP
mauville,102,COVERED
mauville,103,COVERED
mauville,104,COVERED
mauville,105,COVERED
mauville,106,COVERED
mauville,107,TOP
mauville,108,TOP
mauville,109,TOP
mauville,110,COVERED
mauville,111,COVERED
mauville,112,COVERED
mauville,113,COVERED
mauville,114,COVERED
mauville,115,TOP
mauville,116,TOP
mauville,117,TOP
mauville,118,COVERED
mauville,119,COVERED
mauville,120,TOP
mauville,121,TOP
mauville,122,TOP
mauville,123,TOP
mauville,124,COVERED
mauville,125,COVERED
mauville,126,TOP
mauville,127,TOP
mauville,128,TOP
mauville,129,TOP
mauville,130,TOP
mauville,131,TOP
mauville,132,TOP
mauville,133,TOP
mauville,134,TOP
mauville,135,TOP
mauville,136,TOP
mauville,137,COVERED
mauville,138,TOP
mauville,139,TOP
mauville,140,COVERED
mauville,141,TOP
mauville,142,TOP
mauville,143,TOP
mauville,144,COVERED
mauville,145,COVERED
mauville,146,COVERED
mauville,147,TOP
mauville,148,COVERED
mauville,149,TOP
mauville,150,TOP
mauville,151,TOP
mauville,152,COVERED
mauville,153,COVERED
mauville,154,COVERED
mauville,155,COVERED
mauville,156,COVERED
mauville,157,COVERED
mauville,158,COVERED
mauville,159,COVERED
mauville,160,TOP
mauville,161,COVERED
mauville,162,TOP
mauville,163,COVERED
mauville,164,TOP
mauville,165,COVERED
mauville,166,COVERED
mauville,167,TOP
mauville,168,COVERED
mauville,169,COVERED
mauville,170,COVERED
mauville,171,COVERED
mauville,172,COVERED
mauville,173,COVERED
mauville,174,COVERED
mauville,175,TOP
mauville,176,TOP
mauville,177,COVERED
mauville,178,COVERED
mauville,179,COVERED
mauville,180,COVERED
mauville,181,TOP
mauville,182,TOP
mauville,183,COVERED
mauville,184,COVERED
mauville,185,TOP
mauville,186,TOP
mauville,187,COVERED
mauville,188,COVERED
mauville,189,TOP
mauville,190,TOP
mauville,191,COVERED
mauville,192,COVERED
mauville,193,TOP
mauville,194,COVERED
mauville,195,COVERED
mauville,196,COVERED
mauville,197,TOP
mauville,198,TOP
mauville,199,COVERED
mauville,200,COVERED
mauville,201,COVERED
mauville,202,COVERED
mauville,203,COVERED
mauville,204,COVERED
mauville,205,TOP
mauville,206,TOP
mauville,207,COVERED
mauville,208,COVERED
mauville,209,COVERED
mauville,210,COVERED
mauville,211,TOP
mauville,212,COVERED
mauville,213,TOP
mauville,214,TOP
mauville,215,COVERED
mauville,216,TOP
mauville,217,TOP
mauville,218,COVERED
mauville,219,TOP
mauville,220,TOP
mauville,221,TOP
mauville,222,TOP
mauville,223,TOP
mauville,224,TOP
mauville,225,TOP
mauville,226,COVERED
mauville,227,COVERED
mauville,228,TOP
mauville,229,TOP
mauville,230,TOP
mauville,231,TOP
mauville,232,TOP
mauville,233,TOP
mauville,234,TOP
mauville,235,TOP
mauville,236,TOP
mauville,237,TOP
mauville,238,TOP
mauville,239,TOP
mauville,240,TOP
mauville,241,TOP
mauville,242,TOP
mauville,243,TOP
mauville,244,TOP
mauville,245,TOP
mauville,246,TOP
mauville,247,TOP
mauville,248,TOP
mauville,249,TOP
mauville,250,TOP
mauville,251,TOP
mauville,252,TOP
mauville,253,TOP
mauville,254,TOP
mauville,255,TOP
mauville,256,TOP
mauville,257,TOP
mauville,258,TOP
mauville,259,TOP
mauville,260,TOP
mauville,261,TOP
mauville,262,TOP
mauville,263,TOP
mauville,264,TOP
mauville,265,TOP
mauville,266,TOP
mauville,267,TOP
mauville,268,TOP
mauville,269,TOP
mauville,270,TOP
mauville,271,TOP
mauville,272,TOP
mauville,273,TOP
mauville,274,TOP
mauville,275,TOP
mauville,276,TOP
mauville,277,TOP
mauville,278,TOP
mauville,279,TOP
mauville,280,TOP
mauville,281,TOP
mauville,282,TOP
mauville,283,TOP
mauville,284,TOP
mauville,285,COVERED
mauville,286,TOP
mauville,287,TOP
mauville,288,COVERED
mauville,289,COVERED
mauville,290,TOP
mauville,291,COVERED
mauville,292,TOP
mauville,293,TOP
mauville,294,TOP
mauville,295,TOP
mauville,296,TOP
mauville,297,TOP
mauville,298,TOP
mauville,299,TOP
mauville,300,TOP
mauville,301,TOP
mauville,302,TOP
mauville,303,TOP
mauville,304,TOP
mauville,305,TOP
mauville,306,TOP
mauville,307,TOP
mauville,308,TOP
mauville,309,TOP
mauville,310,TOP
mauville,311,TOP
mauville,312,TOP
mauville,313,TOP
mauville,314,TOP
mauville,315,TOP
mauville,316,TOP
mauville,317,TOP
mauville,318,TOP
mauville,319,TOP
mauville,320,TOP
mauville,321,TOP
mauville,322,TOP
mauville,323,TOP
mauville,324,TOP
mauville,325,TOP
mauville,326,TOP
mauville,327,TOP
mauville,328,TOP
mauville,329,TOP
mauville,330,TOP
mauville,331,TOP
mauville,332,TOP
mauville,333,COVERED
mauville,334,TOP
mauville,335,TOP
mauville,336,COVERED
mauville,337,COVERED
mauville,338,COVERED
mauville,339,COVERED
mauville,340,COVERED
mauville,341,TOP
mauville,342,TOP
mauville,343,TOP
mauville,344,COVERED
mauville,345,TOP
mauville,346,TOP
mauville,347,COVERED
mauville,348,COVERED
mauville,349,TOP
mauville,350,TOP
mauville,351,TOP
mauville,352,COVERED
mauville,353,TOP
mauville,354,TOP
mauville,355,COVERED
mauville,356,COVERED
mauville,357,TOP
mauville,358,TOP
mauville,359,TOP
mauville,360,TOP
mauville,361,TOP
mauville,362,TOP
mauville,363,TOP
mauville,364,TOP
mauville,365,TOP
mauville,366,TOP
mauville,367,TOP
mauville,368,TOP
mauville,369,TOP
mauville,370,TOP
mauville,371,TOP
mauville,372,TOP
mauville,373,TOP
mauville,374,COVERED
mauville,375,COVERED
mauville,376,TOP
mauville,377,TOP
mauville,378,TOP
mauville,379,COVERED
mauville,380,TOP
mauville,381,TOP
mauville,382,COVERED
mauville,383,COVERED
mauville,384,COVERED
mauville,385,COVERED
mauville,386,TOP
mauville,387,TOP
mauville,388,TOP
mauville,389,TOP
mauville,390,COVERED
mauville,391,COVERED
mauville,392,TOP
mauville,393,TOP
mauville,394,TOP
mauville,395,TOP
mauville,396,TOP
mauville,397,COVERED
mauville,398,TOP
mauville,399,TOP
mauville,400,TOP
mauville,401,TOP
mauville,402,TOP
mauville,403,COVERED
mauville,404,COVERED
mauville,405,TOP
mauville,406,TOP
mauville,407,COVERED
mauville,408,TOP
mauville,409,TOP
mauville,410,TOP
mauville,411,TOP
mauville,412,TOP
mauville,413,TOP
mauville,414,TOP
mauville,415,TOP
mauville,416,COVERED
mauville,417,COVERED
mauville,418,COVERED
mauville,419,COVERED
mauville,420,TOP
mauville,421,TOP
mauville,422,TOP
mauville,423,TOP
mauville,424,COVERED
mauville,425,COVERED
mauville,426,TOP
mauville,427,TOP
mauville,428,TOP
mauville,429,TOP
mauville,430,TOP
mauville,431,TOP
mauville,432,TOP
mauville,433,COVERED
mauville,434,TOP
mauville,435,TOP
mauville,436,TOP
mauville,437,TOP
mauville,438,TOP
mauville,439,COVERED
mauville,440,TOP
mauville,441,TOP
mauville,442,TOP
mauville,443,TOP
mauville,444,TOP
mauville,445,TOP
mauville,446,TOP
mauville,447,COVERED
mauville,448,TOP
mauville,449,TOP
mauville,450,TOP
mauville,451,TOP
mauville,452,TOP
mauville,453,TOP
mauville,454,TOP
mauville,455,COVERED
mauville,456,TOP
mauville,457,TOP
mauville,458,COVERED
mauville,459,COVERED
mauville,460,COVERED
mauville,461,COVERED
mauville,462,COVERED
mauville,463,COVERED
mauville,464,TOP
mauville,465,TOP
mauville,466,COVERED
mauville,467,COVERED
mauville,468,COVERED
mauville,469,COVERED
mauville,470,COVERED
mauville,471,TOP
mauville,472,TOP
mauville,473,TOP
mauville,474,TOP
mauville,475,SPLIT
mauville,476,SPLIT
mauville,477,SPLIT
mauville,478,COVERED
mauville,479,COVERED
mauville,480,TOP
mauville,481,TOP
mauville,482,TOP
mauville,483,COVERED
mauville,484,COVERED
mauville,485,COVERED
mauville,486,TOP
mauville,487,TOP
mauville,488,TOP
mauville,489,TOP
mauville,490,TOP
mauville,491,TOP
mauville,492,TOP
mauville,493,TOP
mauville,494,TOP
mauville,495,TOP
mauville,496,TOP
mauville,497,TOP
mauville,498,TOP
mauville,499,TOP
mauville,500,TOP
mauville,501,TOP
mauville,502,TOP
mauville,503,TOP
mauville,504,COVERED
mauville,505,COVERED
mauville,506,COVERED
mauville,507,TOP
mauville,508,TOP
mauville,509,TOP
bike_shop,0,COVERED
bike_shop,1,COVERED
bike_shop,2,COVERED
bike_shop,3,COVERED
bike_shop,4,COVERED
bike_shop,5,COVERED
bike_shop,6,COVERED
bike_shop,7,COVERED
bike_shop,8,TOP
bike_shop,9,COVERED
bike_shop,10,COVERED
bike_shop,11,COVERED
bike_shop,12,COVERED
bike_shop,13,COVERED
bike_shop,14,COVERED
bike_shop,15,COVERED
bike_shop,16,TOP
bike_shop,17,COVERED
bike_shop,18,COVERED
bike_shop,19,COVERED
bike_shop,20,TOP
bike_shop,21,TOP
bike_shop,22,TOP
bike_shop,23,TOP
bike_shop,24,TOP
bike_shop,25,COVERED
bike_shop,26,COVERED
bike_shop,27,COVERED
bike_shop,28,COVERED
bike_shop,29,COVERED
bike_shop,30,COVERED
bike_shop,31,TOP
bike_shop,32,TOP
bike_shop,33,COVERED
bike_shop,34,COVERED
bike_shop,35,COVERED
bike_shop,36,COVERED
bike_shop,37,COVERED
bike_shop,38,TOP
bike_shop,39,COVERED
bike_shop,40,COVERED
bike_shop,41,COVERED
bike_shop,42,COVERED
bike_shop,43,COVERED
bike_shop,44,COVERED
bike_shop,45,COVERED
bike_shop,46,COVERED
bike_shop,47,TOP
bike_shop,48,COVERED
bike_shop,49,COVERED
bike_shop,50,COVERED
bike_shop,51,COVERED
bike_shop,52,COVERED
bike_shop,53,COVERED
bike_shop,54,COVERED
bike_shop,55,TOP
bike_shop,56,COVERED
bike_shop,57,COVERED
bike_shop,58,COVERED
bike_shop,59,COVERED
bike_shop,60,COVERED
bike_shop,61,TOP
bike_shop,62,COVERED
bike_shop,63,TOP
bike_shop,64,COVERED
bike_shop,65,TOP
bike_shop,66,TOP
bike_shop,67,TOP
bike_shop,68,TOP
bike_shop,69,COVERED
bike_shop,70,COVERED
bike_shop,71,COVERED
bike_shop,72,TOP
bike_shop,73,TOP
bike_shop,74,TOP
bike_shop,75,TOP
bike_shop,76,TOP
bike_shop,77,COVERED
bike_shop,78,COVERED
bike_shop,79,COVERED
bike_shop,80,TOP
bike_shop,81,TOP
bike_shop,82,TOP
bike_shop,83,TOP
bike_shop,84,TOP
bike_shop,85,COVERED
bike_shop,86,COVERED
bike_shop,87,COVERED
bike_shop,88,COVERED
bike_shop,89,COVERED
bike_shop,90,TOP
bike_shop,91,TOP
bike_shop,92,COVERED
bike_shop,93,COVERED
bike_shop,94,COVERED
bike_shop,95,COVERED
bike_shop,96,TOP
bike_shop,97,TOP
bike_shop,98,TOP
bike_shop,99,TOP
bike_shop,100,COVERED
bike_shop,101,COVERED
bike_shop,102,COVERED
bike_shop,103,COVERED
bike_shop,104,TOP
bike_shop,105,TOP
bike_shop,106,TOP
bike_shop,107,TOP
bike_shop,108,TOP
bike_shop,109,TOP
bike_shop,110,TOP
bike_shop,111,TOP
bike_shop,112,TOP
bike_shop,113,COVERED
bike_shop,114,TOP
bike_shop,115,TOP
bike_shop,116,TOP
bike_shop,117,TOP
bike_shop,118,TOP
bike_shop,119,TOP
bike_shop,120,TOP
bike_shop,121,TOP
bike_shop,122,TOP
bike_shop,123,TOP
bike_shop,124,TOP
bike_shop,125,TOP
bike_shop,126,TOP
bike_shop,127,TOP
bike_shop,128,TOP
bike_shop,129,TOP
bike_shop,130,TOP
bike_shop,131,TOP
bike_shop,132,TOP
bike_shop,133,TOP
bike_shop,134,TOP
bike_shop,135,TOP
bike_shop,136,TOP
bike_shop,137,TOP
bike_shop,138,TOP
bike_shop,139,TOP
bike_shop,140,TOP
bike_shop,141,TOP
bike_shop,142,TOP
bike_shop,143,TOP
bike_shop,144,TOP
bike_shop,145,TOP
bike_shop,146,TOP
bike_shop,147,COVERED
bike_shop,148,COVERED
bike_shop,149,TOP
bike_shop,150,TOP
bike_shop,151,TOP
bike_shop,152,TOP
bike_shop,153,TOP
bike_shop,154,TOP
bike_shop,155,COVERED
bike_shop,156,COVERED
bike_shop,157,TOP
bike_shop,158,TOP
bike_shop,159,TOP
bike_shop,160,TOP
bike_shop,161,COVERED
bike_shop,162,COVERED
bike_shop,163,TOP
bike_shop,164,TOP
bike_shop,165,TOP
bike_shop,166,TOP
bike_shop,167,TOP
bike_shop,168,COVERED
bike_shop,169,COVERED
bike_shop,170,COVERED
bike_shop,171,COVERED
bike_shop,172,COVERED
bike_shop,173,TOP
bike_shop,174,TOP
bike_shop,175,COVERED
bike_shop,176,COVERED
bike_shop,177,COVERED
bike_shop,178,COVERED
bike_shop,179,COVERED
bike_shop,180,COVERED
bike_shop,181,COVERED
bike_shop,182,TOP
bike_shop,183,TOP
bike_shop,184,COVERED
bike_shop,185,COVERED
bike_shop,186,COVERED
bike_shop,187,COVERED
bike_shop,188,COVERED
bike_shop,189,COVERED
bike_shop,190,TOP
bike_shop,191,TOP
bike_shop,192,COVERED
bike_shop,193,COVERED
bike_shop,194,COVERED
bike_shop,195,COVERED
bike_shop,196,COVERED
bike_shop,197,COVERED
bike_shop,198,TOP
bike_shop,199,TOP
bike_shop,200,COVERED
bike_shop,201,COVERED
bike_shop,202,COVERED
bike_shop,203,COVERED
bike_shop,204,COVERED
bike_shop,205,COVERED
bike_shop,206,TOP
bike_shop,207,TOP
bike_shop,208,COVERED
bike_shop,209,COVERED
bike_shop,210,COVERED
bike_shop,211,COVERED
bike_shop,212,TOP
bike_shop,213,TOP
bike_shop,214,COVERED
bike_shop,215,COVERED
bike_shop,216,COVERED
bike_shop,217,COVERED
bike_shop,218,COVERED
bike_shop,219,COVERED
bike_shop,220,TOP
bike_shop,221,TOP
bike_shop,222,COVERED
bike_shop,223,COVERED
bike_shop,224,COVERED
bike_shop,225,COVERED
bike_shop,226,COVERED
bike_shop,227,COVERED
bike_shop,228,COVERED
bike_shop,229,COVERED
bike_shop,230,COVERED
bike_shop,231,COVERED
bike_shop,232,COVERED
bike_shop,233,COVERED
bike_shop,234,COVERED
bike_shop,235,COVERED
bike_shop,236,COVERED
bike_shop,237,COVERED
bike_shop,238,COVERED
bike_shop,239,COVERED
bike_shop,240,COVERED
bike_shop,241,COVERED
bike_shop,242,COVERED
bike_shop,243,COVERED
bike_shop,244,COVERED
bike_shop,245,COVERED
bike_shop,246,COVERED
bike_shop,247,COVERED
jubilife_school,0,COVERED
jubilife_school,1,COVERED
jubilife_school,2,COVERED
jubilife_school,3,COVERED
jubilife_school,4,COVERED
jubilife_school,5,COVERED
jubilife_school,6,COVERED
jubilife_school,7,COVERED
jubilife_school,8,COVERED
jubilife_school,9,COVERED
jubilife_school,10,COVERED
jubilife_school,11,COVERED
jubilife_school,12,COVERED
jubilife_school,13,COVERED
jubilife_school,14,COVERED
jubilife_school,15,COVERED
jubilife_school,16,COVERED
jubilife_school,17,COVERED
jubilife_school,18,COVERED
jubilife_school,19,NORMAL
jubilife_school,20,NORMAL
jubilife_school,21,NORMAL
jubilife_school,22,NORMAL
jubilife_school,23,NORMAL
jubilife_school,24,SPLIT
jubilife_school,25,NORMAL
jubilife_school,26,COVERED
jubilife_school,27,COVERED
jubilife_school,28,COVERED
jubilife_school,29,COVERED
jubilife_school,30,COVERED
jubilife_school,31,COVERED
jubilife_school,32,COVERED
jubilife_school,33,COVERED
jubilife_school,34,COVERED
jubilife_school,35,SPLIT
jubilife_school,36,SPLIT
jubilife_school,37,COVERED
jubilife_school,38,COVERED
jubilife_school,39,COVERED
jubilife_school,40,COVERED
jubilife_school,41,COVERED
jubilife_school,42,COVERED
jubilife_school,43,COVERED
jubilife_school,44,COVERED
jubilife_school,45,COVERED
jubilife_school,46,COVERED
jubilife_school,47,COVERED
jubilife_school,48,COVERED
jubilife_school,49,COVERED
jubilife_school,50,COVERED
jubilife_school,51,COVERED
jubilife_school,52,COVERED
jubilife_school,53,COVERED
jubilife_school,54,COVERED
jubilife_school,55,SPLIT
jubilife_school,56,COVERED
jubilife_school,57,COVERED
jubilife_school,58,COVERED
jubilife_school,59,COVERED
jubilife_school,60,COVERED
jubilife_school,61,COVERED
jubilife_school,62,COVERED
jubilife_school,63,COVERED
jubilife_school,64,COVERED
jubilife_school,65,COVERED
jubilife_school,66,COVERED
jubilife_school,67,COVERED
jubilife_school,68,COVERED
jubilife_school,69,COVERED
jubilife_school,70,COVERED
jubilife_school,71,COVERED
jubilife_school,72,COVERED
jubilife_school,73,COVERED
jubilife_school,74,COVERED
jubilife_school,75,COVERED
jubilife_school,76,COVERED
jubilife_school,77,COVERED
jubilife_school,78,COVERED
jubilife_school,79,COVERED
jubilife_school,80,COVERED
jubilife_school,81,COVERED
jubilife_school,82,COVERED
jubilife_school,83,COVERED
jubilife_school,84,COVERED
jubilife_school,85,COVERED
jubilife_school,86,COVERED
jubilife_school,87,COVERED
jubilife_school,88,COVERED
jubilife_school,89,COVERED
jubilife_school,90,COVERED
jubilife_school,91,COVERED
jubilife_school,92,COVERED
jubilife_school,93,COVERED
jubilife_school,94,COVERED
jubilife_school,95,COVERED
jubilife_school,96,COVERED
jubilife_school,97,COVERED
jubilife_school,98,COVERED
jubilife_school,99,COVERED
jubilife_school,100,COVERED
jubilife_school,101,COVERED
jubilife_school,102,COVERED
jubilife_school,103,COVERED
jubilife_school,104,COVERED
jubilife_school,105,COVERED
jubilife_school,106,COVERED
jubilife_school,107,COVERED
jubilife_school,108,COVERED
jubilife_school,109,COVERED
jubilife_school,110,COVERED
jubilife_school,111,COVERED
jubilife_school,112,COVERED
jubilife_school,113,COVERED
jubilife_school,114,COVERED
jubilife_school,115,COVERED
jubilife_school,116,COVERED
jubilife_school,117,COVERED
jubilife_school,118,COVERED
jubilife_school,119,COVERED
jubilife_school,120,COVERED
jubilife_school,121,COVERED
jubilife_school,122,COVERED
jubilife_school,123,COVERED
jubilife_school,124,COVERED
jubilife_school,125,COVERED
jubilife_school,126,COVERED
jubilife_school,127,COVERED
lab,0,COVERED
lab,1,TOP
lab,2,TOP
lab,3,TOP
lab,4,TOP
lab,5,TOP
lab,6,TOP
lab,7,TOP
lab,8,TOP
lab,9,TOP
lab,10,TOP
lab,11,COVERED
lab,12,COVERED
lab,13,COVERED
lab,14,COVERED
lab,15,COVERED
lab,16,COVERED
lab,17,COVERED
lab,18,COVERED
lab,19,COVERED
lab,20,COVERED
lab,21,COVERED
lab,22,TOP
lab,23,COVERED
lab,24,COVERED
lab,25,COVERED
lab,26,COVERED
lab,27,COVERED
lab,28,COVERED
lab,29,COVERED
lab,30,COVERED
lab,31,COVERED
lab,32,COVERED
lab,33,COVERED
lab,34,COVERED
lab,35,COVERED
lab,36,TOP
lab,37,TOP
lab,38,TOP
lab,39,COVERED
lab,40,COVERED
lab,41,TOP
lab,42,COVERED
lab,43,COVERED
lab,44,COVERED
lab,45,COVERED
lab,46,COVERED
lab,47,COVERED
lab,48,COVERED
lab,49,COVERED
lab,50,COVERED
lab,51,COVERED
lab,52,COVERED
lab,53,COVERED
lab,54,TOP
lab,55,TOP
lab,56,COVERED
lab,57,COVERED
lab,58,TOP
lab,59,COVERED
lab,60,TOP
lab,61,TOP
lab,62,TOP
lab,63,TOP
lab,64,COVERED
lab,65,COVERED
lab,66,COVERED
lab,67,COVERED
lab,68,COVERED
lab,69,COVERED
lab,70,TOP
lab,71,TOP
lab,72,COVERED
lab,73,COVERED
lab,74,COVERED
lab,75,COVERED
lab,76,COVERED
lab,77,COVERED
lab,78,TOP
lab,79,TOP
lab,80,COVERED
lab,81,COVERED
lab,82,TOP
lab,83,COVERED
lab,84,COVERED
lab,85,TOP
lab,86,COVERED
lab,87,COVERED
lab,88,COVERED
lab,89,COVERED
lab,90,TOP
lab,91,COVERED
lab,92,COVERED
lab,93,COVERED
lab,94,COVERED
lab,95,TOP
lab,96,COVERED
lab,97,COVERED
lab,98,COVERED
lab,99,TOP
lab,100,COVERED
lab,101,COVERED
lab,102,TOP
lab,103,TOP
lab,104,TOP
lab,105,TOP
lab,106,TOP
lab,107,TOP
lab,108,COVERED
lab,109,COVERED
lab,110,COVERED
lab,111,TOP
lab,112,TOP
lab,113,COVERED
lab,114,TOP
lab,115,TOP
lab,116,COVERED
lab,117,COVERED
lab,118,COVERED
lab,119,TOP
lab,120,COVERED
lab,121,COVERED
lab,122,TOP
lab,123,TOP
lab,124,TOP
lab,125,TOP
lab,126,TOP
lab,127,TOP
lab,128,COVERED
lab,129,TOP
lab,130,TOP
lab,131,COVERED
lab,132,COVERED
lab,133,COVERED
lab,134,COVERED
lab,135,COVERED
lab,136,COVERED
lab,137,COVERED
lab,138,COVERED
lab,139,COVERED
lab,140,COVERED
lab,141,COVERED
lab,142,COVERED
lab,143,TOP
lab,144,COVERED
lab,145,COVERED
lab,146,TOP
lab,147,COVERED
lab,148,COVERED
lab,149,COVERED
lab,150,COVERED
lab,151,COVERED
lab,152,COVERED
lab,153,COVERED
lab,154,COVERED
lab,155,COVERED
lab,156,COVERED
lab,157,COVERED
floaroma,0,SPLIT
floaroma,1,SPLIT
floaroma,2,SPLIT
floaroma,3,SPLIT
floaroma,4,SPLIT
floaroma,5,SPLIT
floaroma,6,NORMAL
floaroma,7,COVERED
floaroma,8,SPLIT
floaroma,9,SPLIT
floaroma,10,SPLIT
floaroma,11,SPLIT
floaroma,12,SPLIT
floaroma,13,SPLIT
floaroma,14,NORMAL
floaroma,15,COVERED
floaroma,16,NORMAL
floaroma,17,SPLIT
floaroma,18,SPLIT
floaroma,19,COVERED
floaroma,20,SPLIT
floaroma,21,NORMAL
floaroma,22,NORMAL
floaroma,23,COVERED
floaroma,24,COVERED
floaroma,25,SPLIT
floaroma,26,SPLIT
floaroma,27,SPLIT
floaroma,28,COVERED
floaroma,29,COVERED
floaroma,30,COVERED
floaroma,31,COVERED
floaroma,32,SPLIT
floaroma,33,TOP
floaroma,34,TOP
floaroma,35,TOP
floaroma,36,SPLIT
floaroma,37,COVERED
floaroma,38,SPLIT
floaroma,39,SPLIT
floaroma,40,TOP
floaroma,41,TOP
floaroma,42,TOP
floaroma,43,TOP
floaroma,44,TOP
floaroma,45,COVERED
floaroma,46,COVERED
floaroma,47,COVERED
floaroma,48,NORMAL
floaroma,49,TOP
floaroma,50,TOP
floaroma,51,TOP
floaroma,52,NORMAL
floaroma,53,COVERED
floaroma,54,SPLIT
floaroma,55,COVERED
floaroma,56,COVERED
floaroma,57,COVERED
floaroma,58,TOP
floaroma,59,COVERED
floaroma,60,COVERED
floaroma,61,COVERED
floaroma,62,COVERED
floaroma,63,COVERED
floaroma,64,COVERED
floaroma,65,COVERED
floaroma,66,COVERED
floaroma,67,COVERED
floaroma,68,COVERED
floaroma,69,COVERED
floaroma,70,COVERED
floaroma,71,COVERED
floaroma,72,SPLIT
floaroma,73,NORMAL
floaroma,74,NORMAL
floaroma,75,NORMAL
floaroma,76,COVERED
floaroma,77,COVERED
floaroma,78,COVERED
floaroma,79,COVERED
floaroma,80,SPLIT
floaroma,81,TOP
floaroma,82,TOP
floaroma,83,NORMAL
floaroma,84,COVERED
floaroma,85,COVERED
floaroma,86,COVERED
floaroma,87,COVERED
floaroma,88,NORMAL
floaroma,89,TOP
floaroma,90,TOP
floaroma,91,NORMAL
floaroma,92,COVERED
floaroma,93,COVERED
floaroma,94,COVERED
floaroma,95,COVERED
floaroma,96,COVERED
floaroma,97,COVERED
floaroma,98,TOP
floaroma,99,COVERED
floaroma,100,COVERED
floaroma,101,COVERED
floaroma,102,COVERED
floaroma,103,COVERED
floaroma,104,COVERED
floaroma,105,COVERED
floaroma,106,COVERED
floaroma,107,COVERED
floaroma,108,COVERED
floaroma,109,COVERED
floaroma,110,COVERED
floaroma,111,COVERED
floaroma,112,COVERED
floaroma,113,NORMAL
floaroma,114,NORMAL
floaroma,115,NORMAL
floaroma,116,NORMAL
floaroma,117,COVERED
floaroma,118,COVERED
floaroma,119,COVERED
floaroma,120,NORMAL
floaroma,121,NORMAL
floaroma,122,TOP
floaroma,123,TOP
floaroma,124,NORMAL
floaroma,125,NORMAL
floaroma,126,COVERED
floaroma,127,COVERED
floaroma,128,NORMAL
floaroma,129,TOP
floaroma,130,NORMAL
floaroma,131,NORMAL
floaroma,132,TOP
floaroma,133,NORMAL
floaroma,134,COVERED
floaroma,135,COVERED
floaroma,136,NORMAL
floaroma,137,NORMAL
floaroma,138,NORMAL
floaroma,139,NORMAL
floaroma,140,NORMAL
floaroma,141,NORMAL
floaroma,142,COVERED
floaroma,143,COVERED
floaroma,144,COVERED
floaroma,145,COVERED
floaroma,146,COVERED
floaroma,147,COVERED
floaroma,148,COVERED
floaroma,149,COVERED
floaroma,150,COVERED
floaroma,151,COVERED
floaroma,152,COVERED
floaroma,153,COVERED
floaroma,154,COVERED
floaroma,155,COVERED
floaroma,156,COVERED
floaroma,157,COVERED
floaroma,158,COVERED
floaroma,159,COVERED
floaroma,160,COVERED
floaroma,161,SPLIT
floaroma,162,SPLIT
floaroma,163,SPLIT
floaroma,164,SPLIT
floaroma,165,COVERED
floaroma,166,COVERED
floaroma,167,COVERED
floaroma,168,SPLIT
floaroma,169,SPLIT
floaroma,170,TOP
floaroma,171,TOP
floaroma,172,SPLIT
floaroma,173,SPLIT
floaroma,174,COVERED
floaroma,175,COVERED
floaroma,176,SPLIT
floaroma,177,TOP
floaroma,178,NORMAL
floaroma,179,NORMAL
floaroma,180,TOP
floaroma,181,SPLIT
floaroma,182,COVERED
floaroma,183,COVERED
floaroma,184,SPLIT
floaroma,185,NORMAL
floaroma,186,NORMAL
floaroma,187,NORMAL
floaroma,188,NORMAL
floaroma,189,SPLIT
floaroma,190,COVERED
floaroma,191,COVERED
floaroma,192,COVERED
floaroma,193,COVERED
floaroma,194,COVERED
floaroma,195,COVERED
floaroma,196,COVERED
floaroma,197,COVERED
floaroma,198,COVERED
floaroma,199,COVERED
floaroma,200,COVERED
floaroma,201,COVERED
floaroma,202,COVERED
floaroma,203,NORMAL
floaroma,204,NORMAL
floaroma,205,NORMAL
floaroma,206,COVERED
floaroma,207,COVERED
floaroma,208,COVERED
floaroma,209,COVERED
floaroma,210,COVERED
floaroma,211,COVERED
floaroma,212,COVERED
floaroma,213,NORMAL
floaroma,214,COVERED
floaroma,215,COVERED
floaroma,216,COVERED
floaroma,217,COVERED
floaroma,218,COVERED
floaroma,219,COVERED
floaroma,220,COVERED
floaroma,221,NORMAL
floaroma,222,COVERED
floaroma,223,COVERED
floaroma,224,COVERED
floaroma,225,COVERED
floaroma,226,COVERED
floaroma,227,COVERED
floaroma,228,COVERED
floaroma,229,COVERED
floaroma,230,COVERED
floaroma,231,COVERED
floaroma,232,COVERED
floaroma,233,COVERED
floaroma,234,COVERED
floaroma,235,COVERED
floaroma,236,COVERED
floaroma,237,COVERED
floaroma,238,COVERED
floaroma,239,COVERED
floaroma,240,COVERED
floaroma,241,COVERED
floaroma,242,COVERED
floaroma,243,COVERED
floaroma,244,COVERED
floaroma,245,COVERED
floaroma,246,COVERED
floaroma,247,COVERED
floaroma,248,COVERED
floaroma,249,COVERED
floaroma,250,COVERED
floaroma,251,COVERED
floaroma,252,COVERED
floaroma,253,COVERED
floaroma,254,COVERED
floaroma,255,COVERED
battle_pyramid,0,COVERED
battle_pyramid,1,TOP
battle_pyramid,2,TOP
battle_pyramid,3,TOP
battle_pyramid,4,TOP
battle_pyramid,5,TOP
battle_pyramid,6,TOP
battle_pyramid,7,TOP
battle_pyramid,8,TOP
battle_pyramid,9,TOP
battle_pyramid,10,TOP
battle_pyramid,11,TOP
battle_pyramid,12,TOP
battle_pyramid,13,TOP
battle_pyramid,14,TOP
battle_pyramid,15,TOP
battle_pyramid,16,TOP
battle_pyramid,17,TOP
battle_pyramid,18,TOP
battle_pyramid,19,TOP
battle_pyramid,20,COVERED
battle_pyramid,21,COVERED
battle_pyramid,22,TOP
battle_pyramid,23,TOP
battle_pyramid,24,TOP
battle_pyramid,25,TOP
battle_pyramid,26,TOP
battle_pyramid,27,TOP
battle_pyramid,28,TOP
battle_pyramid,29,TOP
battle_pyramid,30,TOP
battle_pyramid,31,TOP
battle_pyramid,32,TOP
battle_pyramid,33,TOP
battle_pyramid,34,TOP
battle_pyramid,35,TOP
battle_pyramid,36,TOP
battle_pyramid,37,TOP
battle_pyramid,38,TOP
battle_pyramid,39,TOP
battle_pyramid,40,TOP
battle_pyramid,41,TOP
battle_pyramid,42,TOP
battle_pyramid,43,TOP
battle_pyramid,44,COVERED
battle_pyramid,45,COVERED
battle_pyramid,46,TOP
battle_pyramid,47,TOP
battle_pyramid,48,TOP
battle_pyramid,49,TOP
battle_pyramid,50,TOP
battle_pyramid,51,TOP
battle_pyramid,52,COVERED
battle_pyramid,53,COVERED
battle_pyramid,54,COVERED
battle_pyramid,55,COVERED
battle_pyramid,56,TOP
battle_pyramid,57,TOP
battle_pyramid,58,TOP
battle_pyramid,59,TOP
battle_pyramid,60,TOP
battle_pyramid,61,TOP
battle_pyramid,62,TOP
battle_pyramid,63,COVERED
battle_pyramid,64,TOP
battle_pyramid,65,TOP
battle_pyramid,66,TOP
battle_pyramid,67,TOP
battle_pyramid,68,TOP
battle_pyramid,69,TOP
battle_pyramid,70,TOP
battle_pyramid,71,COVERED
battle_pyramid,72,TOP
battle_pyramid,73,TOP
battle_pyramid,74,TOP
battle_pyramid,75,TOP
battle_pyramid,76,TOP
battle_pyramid,77,TOP
battle_pyramid,78,TOP
battle_pyramid,79,COVERED
battle_pyramid,80,TOP
battle_pyramid,81,TOP
battle_pyramid,82,TOP
battle_pyramid,83,TOP
battle_pyramid,84,TOP
battle_pyramid,85,TOP
battle_pyramid,86,TOP
battle_pyramid,87,COVERED
battle_pyramid,88,TOP
battle_pyramid,89,TOP
battle_pyramid,90,TOP
battle_pyramid,91,TOP
battle_pyramid,92,TOP
battle_pyramid,93,TOP
battle_pyramid,94,TOP
battle_pyramid,95,COVERED
battle_pyramid,96,COVERED
battle_pyramid,97,COVERED
battle_pyramid,98,COVERED
battle_pyramid,99,COVERED
battle_pyramid,100,COVERED
battle_pyramid,101,COVERED
battle_pyramid,102,COVERED
battle_pyramid,103,COVERED
battle_pyramid,104,COVERED
battle_pyramid,105,COVERED
battle_pyramid,106,COVERED
battle_pyramid,107,COVERED
battle_pyramid,108,COVERED
battle_pyramid,109,COVERED
battle_pyramid,110,COVERED
battle_pyramid,111,COVERED
battle_pyramid,112,COVERED
battle_pyramid,113,COVERED
battle_pyramid,114,COVERED
battle_pyramid,115,COVERED
battle_pyramid,116,COVERED
battle_pyramid,117,COVERED
battle_pyramid,118,COVERED
battle_pyramid,119,COVERED
battle_pyramid,120,TOP
battle_pyramid,121,TOP
battle_pyramid,122,TOP
battle_pyramid,123,TOP
battle_pyramid,124,TOP
battle_pyramid,125,TOP
battle_pyramid,126,COVERED
battle_pyramid,127,COVERED
battle_pyramid,128,TOP
battle_pyramid,129,TOP
battle_pyramid,130,TOP
battle_pyramid,131,TOP
battle_pyramid,132,TOP
battle_pyramid,133,TOP
battle_pyramid,134,COVERED
battle_pyramid,135,COVERED
battle_pyramid,136,TOP
battle_pyramid,137,TOP
battle_pyramid,138,TOP
battle_pyramid,139,TOP
battle_pyramid,140,TOP
battle_pyramid,141,TOP
battle_pyramid,142,TOP
battle_pyramid,143,COVERED
battle_pyramid,144,TOP
battle_pyramid,145,TOP
battle_pyramid,146,TOP
battle_pyramid,147,TOP
battle_pyramid,148,TOP
battle_pyramid,149,COVERED
battle_pyramid,150,COVERED
battle_pyramid,151,COVERED
battle_pyramid,152,TOP
battle_pyramid,153,COVERED
battle_pyramid,154,COVERED
battle_pyramid,155,COVERED
battle_pyramid,156,TOP
battle_pyramid,157,COVERED
battle_pyramid,158,COVERED
battle_pyramid,159,COVERED
battle_pyramid,160,COVERED
battle_pyramid,161,COVERED
battle_pyramid,162,COVERED
battle_pyramid,163,COVERED
battle_pyramid,164,COVERED
battle_pyramid,165,COVERED
battle_pyramid,166,COVERED
battle_pyramid,167,COVERED
battle_pyramid,168,COVERED
battle_pyramid,169,COVERED
battle_pyramid,170,COVERED
battle_pyramid,171,COVERED
battle_pyramid,172,COVERED
battle_pyramid,173,COVERED
battle_pyramid,174,COVERED
battle_pyramid,175,COVERED
battle_pyramid,176,COVERED
battle_pyramid,177,COVERED
battle_pyramid,178,COVERED
battle_pyramid,179,COVERED
battle_pyramid,180,COVERED
battle_pyramid,181,COVERED
battle_pyramid,182,COVERED
battle_pyramid,183,COVERED
battle_pyramid,184,COVERED
battle_pyramid,185,COVERED
battle_pyramid,186,COVERED
battle_pyramid,187,COVERED
battle_pyramid,188,COVERED
battle_pyramid,189,COVERED
battle_pyramid,190,COVERED
battle_pyramid,191,COVERED
battle_pyramid,192,COVERED
battle_pyramid,193,COVERED
battle_pyramid,194,COVERED
battle_pyramid,195,TOP
battle_pyramid,196,TOP
battle_pyramid,197,TOP
battle_pyramid,198,COVERED
battle_pyramid,199,COVERED
battle_pyramid,200,COVERED
battle_pyramid,201,COVERED
battle_pyramid,202,COVERED
battle_pyramid,203,COVERED
battle_pyramid,204,TOP
battle_pyramid,205,COVERED
battle_pyramid,206,COVERED
battle_pyramid,207,COVERED
battle_pyramid,208,COVERED
battle_pyramid,209,COVERED
battle_pyramid,210,COVERED
battle_pyramid,211,COVERED
battle_pyramid,212,COVERED
battle_pyramid,213,COVERED
battle_pyramid,214,COVERED
battle_pyramid,215,COVERED
battle_pyramid,216,COVERED
battle_pyramid,217,COVERED
battle_pyramid,218,COVERED
battle_pyramid,219,COVERED
battle_pyramid,220,COVERED
lavaridge,0,COVERED
lavaridge,1,COVERED
lavaridge,2,COVERED
lavaridge,3,COVERED
lavaridge,4,TOP
lavaridge,5,TOP
lavaridge,6,TOP
lavaridge,7,TOP
lavaridge,8,COVERED
lavaridge,9,COVERED
lavaridge,10,COVERED
lavaridge,11,COVERED
lavaridge,12,TOP
lavaridge,13,COVERED
lavaridge,14,COVERED
lavaridge,15,COVERED
lavaridge,16,TOP
lavaridge,17,COVERED
lavaridge,18,COVERED
lavaridge,19,COVERED
lavaridge,20,COVERED
lavaridge,21,COVERED
lavaridge,22,COVERED
lavaridge,23,COVERED
lavaridge,24,COVERED
lavaridge,25,COVERED
lavaridge,26,COVERED
lavaridge,27,COVERED
lavaridge,28,COVERED
lavaridge,29,COVERED
lavaridge,30,TOP
lavaridge,31,TOP
lavaridge,32,TOP
lavaridge,33,TOP
lavaridge,34,TOP
lavaridge,35,TOP
lavaridge,36,TOP
lavaridge,37,TOP
lavaridge,38,TOP
lavaridge,39,TOP
lavaridge,40,TOP
lavaridge,41,TOP
lavaridge,42,TOP
lavaridge,43,TOP
lavaridge,44,TOP
lavaridge,45,TOP
lavaridge,46,TOP
lavaridge,47,TOP
lavaridge,48,TOP
lavaridge,49,TOP
lavaridge,50,TOP
lavaridge,51,TOP
lavaridge,52,TOP
lavaridge,53,COVERED
lavaridge,54,TOP
lavaridge,55,TOP
lavaridge,56,TOP
lavaridge,57,TOP
lavaridge,58,TOP
lavaridge,59,TOP
lavaridge,60,TOP
lavaridge,61,TOP
lavaridge,62,TOP
lavaridge,63,TOP
lavaridge,64,COVERED
lavaridge,65,COVERED
lavaridge,66,COVERED
lavaridge,67,COVERED
lavaridge,68,COVERED
lavaridge,69,COVERED
lavaridge,70,COVERED
lavaridge,71,COVERED
lavaridge,72,TOP
lavaridge,73,TOP
lavaridge,74,TOP
lavaridge,75,TOP
lavaridge,76,TOP
lavaridge,77,TOP
lavaridge,78,TOP
lavaridge,79,TOP
lavaridge,80,TOP
lavaridge,81,TOP
lavaridge,82,TOP
lavaridge,83,TOP
lavaridge,84,TOP
lavaridge,85,TOP
lavaridge,86,COVERED
lavaridge,87,COVERED
lavaridge,88,TOP
lavaridge,89,TOP
lavaridge,90,TOP
lavaridge,91,TOP
lavaridge,92,TOP
lavaridge,93,COVERED
lavaridge,94,TOP
lavaridge,95,COVERED
lavaridge,96,TOP
lavaridge,97,TOP
lavaridge,98,TOP
lavaridge,99,COVERED
lavaridge,100,COVERED
lavaridge,101,COVERED
lavaridge,102,TOP
lavaridge,103,TOP
lavaridge,104,COVERED
lavaridge,105,COVERED
lavaridge,106,COVERED
lavaridge,107,COVERED
lavaridge,108,COVERED
lavaridge,109,COVERED
lavaridge,110,COVERED
lavaridge,111,COVERED
lavaridge,112,COVERED
lavaridge,113,TOP
lavaridge,114,COVERED
lavaridge,115,COVERED
lavaridge,116,COVERED
lavaridge,117,COVERED
lavaridge,118,COVERED
lavaridge,119,COVERED
lavaridge,120,COVERED
lavaridge,121,COVERED
lavaridge,122,COVERED
lavaridge,123,COVERED
lavaridge,124,COVERED
lavaridge,125,COVERED
lavaridge,126,COVERED
lavaridge,127,COVERED
lavaridge,128,COVERED
lavaridge,129,COVERED
lavaridge,130,COVERED
lavaridge,131,COVERED
lavaridge,132,COVERED
lavaridge,133,COVERED
lavaridge,134,COVERED
lavaridge,135,COVERED
lavaridge,136,COVERED
lavaridge,137,COVERED
lavaridge,138,COVERED
lavaridge,139,COVERED
lavaridge,140,COVERED
lavaridge,141,COVERED
lavaridge,142,COVERED
lavaridge,143,COVERED
lavaridge,144,COVERED
lavaridge,145,COVERED
lavaridge,146,COVERED
lavaridge,147,COVERED
lavaridge,148,COVERED
lavaridge,149,COVERED
lavaridge,150,COVERED
lavaridge,151,COVERED
lavaridge,152,TOP
lavaridge,153,COVERED
lavaridge,154,COVERED
lavaridge,155,COVERED
lavaridge,156,COVERED
lavaridge,157,COVERED
lavaridge,158,COVERED
lavaridge,159,COVERED
lavaridge,160,COVERED
lavaridge,161,COVERED
lavaridge,162,COVERED
lavaridge,163,COVERED
lavaridge,164,COVERED
lavaridge,165,COVERED
lavaridge,166,COVERED
lavaridge,167,COVERED
lavaridge,168,COVERED
lavaridge,169,COVERED
lavaridge,170,TOP
lavaridge,171,TOP
lavaridge,172,TOP
lavaridge,173,COVERED
lavaridge,174,COVERED
lavaridge,175,COVERED
lavaridge,176,TOP
lavaridge,177,COVERED
lavaridge,178,COVERED
lavaridge,179,COVERED
lavaridge,180,COVERED
lavaridge,181,COVERED
lavaridge,182,COVERED
lavaridge,183,COVERED
lavaridge,184,TOP
lavaridge,185,TOP
lavaridge,186,TOP
lavaridge,187,TOP
lavaridge,188,TOP
lavaridge,189,TOP
lavaridge,190,COVERED
lavaridge,191,COVERED
lavaridge,192,COVERED
lavaridge,193,COVERED
lavaridge,194,COVERED
lavaridge,195,COVERED
lavaridge,196,TOP
lavaridge,197,COVERED
lavaridge,198,COVERED
lavaridge,199,COVERED
lavaridge,200,COVERED
lavaridge,201,COVERED
lavaridge,202,COVERED
lavaridge,203,COVERED
lavaridge,204,COVERED
lavaridge,205,COVERED
lavaridge,206,COVERED
lavaridge,207,COVERED
lavaridge,208,TOP
lavaridge,209,TOP
lavaridge,210,COVERED
lavaridge,211,COVERED
lavaridge,212,COVERED
lavaridge,213,COVERED
lavaridge,214,COVERED
lavaridge,215,COVERED
lavaridge,216,COVERED
lavaridge,217,COVERED
lavaridge,218,COVERED
lavaridge,219,COVERED
lavaridge,220,COVERED
lavaridge,221,COVERED
lavaridge,222,TOP
lavaridge,223,TOP
lavaridge,224,COVERED
lavaridge,225,COVERED
lavaridge,226,COVERED
lavaridge,227,COVERED
lavaridge,228,COVERED
lavaridge,229,COVERED
lavaridge,230,COVERED
lavaridge,231,COVERED
lavaridge,232,COVERED
lavaridge,233,COVERED
lavaridge,234,COVERED
lavaridge,235,COVERED
lavaridge,236,COVERED
lavaridge,237,COVERED
lavaridge,238,COVERED
lavaridge,239,COVERED
lavaridge,240,COVERED
lavaridge,241,COVERED
lavaridge,242,COVERED
lavaridge,243,COVERED
lavaridge,244,COVERED
lavaridge,245,COVERED
lavaridge,246,COVERED
lavaridge,247,COVERED
lavaridge,248,COVERED
lavaridge,249,COVERED
lavaridge,250,COVERED
lavaridge,251,TOP
lavaridge,252,COVERED
lavaridge,253,COVERED
lavaridge,254,COVERED
lavaridge,255,COVERED
lavaridge,256,COVERED
lavaridge,257,COVERED
lavaridge,258,COVERED
lavaridge,259,COVERED
lavaridge,260,COVERED
lavaridge,261,COVERED
lavaridge,262,COVERED
lavaridge,263,COVERED
lavaridge,264,TOP
lavaridge,265,TOP
lavaridge,266,COVERED
lavaridge,267,COVERED
lavaridge,268,COVERED
lavaridge,269,COVERED
lavaridge,270,COVERED
lavaridge,271,COVERED
lavaridge,272,TOP
lavaridge,273,TOP
lavaridge,274,TOP
lavaridge,275,TOP
lavaridge,276,TOP
lavaridge,277,TOP
lavaridge,278,TOP
lavaridge,279,COVERED
lavaridge,280,COVERED
lavaridge,281,COVERED
lavaridge,282,COVERED
lavaridge,283,COVERED
lavaridge,284,TOP
lavaridge,285,COVERED
lavaridge,286,TOP
lavaridge,287,TOP
lavaridge,288,TOP
lavaridge,289,TOP
lavaridge,290,TOP
lavaridge,291,TOP
lavaridge,292,TOP
lavaridge,293,TOP
lavaridge,294,TOP
lavaridge,295,TOP
lavaridge,296,COVERED
lavaridge,297,COVERED
lavaridge,298,COVERED
lavaridge,299,COVERED
lavaridge,300,COVERED
lavaridge,301,TOP
lavaridge,302,TOP
lavaridge,303,TOP
lavaridge,304,COVERED
lavaridge,305,TOP
lavaridge,306,COVERED
lavaridge,307,COVERED
lavaridge,308,COVERED
lavaridge,309,TOP
lavaridge,310,TOP
lavaridge,311,TOP
lavaridge,312,TOP
lavaridge,313,TOP
lavaridge,314,COVERED
lavaridge,315,COVERED
lavaridge,316,COVERED
lavaridge,317,TOP
lavaridge,318,COVERED
lavaridge,319,COVERED
lavaridge,320,TOP
lavaridge,321,TOP
lavaridge,322,TOP
lavaridge,323,TOP
lavaridge,324,TOP
lavaridge,325,TOP
lavaridge,326,COVERED
lavaridge,327,COVERED
lavaridge,328,TOP
lavaridge,329,TOP
lavaridge,330,TOP
lavaridge,331,TOP
lavaridge,332,TOP
lavaridge,333,TOP
lavaridge,334,TOP
lavaridge,335,TOP
lavaridge,336,COVERED
lavaridge,337,COVERED
lavaridge,338,COVERED
lavaridge,339,COVERED
lavaridge,340,COVERED
lavaridge,341,COVERED
lavaridge,342,TOP
lavaridge,343,TOP
lavaridge,344,TOP
lavaridge,345,TOP
lavaridge,346,TOP
lavaridge,347,TOP
lavaridge,348,TOP
lavaridge,349,TOP
lavaridge,350,COVERED
lavaridge,351,COVERED
lavaridge,352,COVERED
lavaridge,353,COVERED
lavaridge,354,COVERED
lavaridge,355,COVERED
lavaridge,356,COVERED
lavaridge,357,TOP
lavaridge,358,TOP
lavaridge,359,COVERED
lavaridge,360,TOP
lavaridge,361,TOP
lavaridge,362,TOP
lavaridge,363,TOP
lavaridge,364,TOP
lavaridge,365,TOP
lavaridge,366,TOP
lavaridge,367,COVERED
lavaridge,368,TOP
lavaridge,369,TOP
lavaridge,370,TOP
lavaridge,371,TOP
lavaridge,372,TOP
lavaridge,373,TOP
lavaridge,374,TOP
lavaridge,375,COVERED
lavaridge,376,COVERED
lavaridge,377,COVERED
lavaridge,378,COVERED
lavaridge,379,COVERED
lavaridge,380,COVERED
lavaridge,381,COVERED
lavaridge,382,COVERED
lavaridge,383,COVERED
lavaridge,384,TOP
lavaridge,385,TOP
lavaridge,386,TOP
lavaridge,387,TOP
lavaridge,388,TOP
lavaridge,389,TOP
lavaridge,390,TOP
lavaridge,391,TOP
lavaridge,392,TOP
lavaridge,393,TOP
lavaridge,394,TOP
lavaridge,395,TOP
lavaridge,396,TOP
lavaridge,397,TOP
lavaridge,398,TOP
lavaridge,399,TOP
lavaridge,400,COVERED
lavaridge,401,COVERED
lavaridge,402,TOP
lavaridge,403,TOP
lavaridge,404,TOP
lavaridge,405,TOP
lavaridge,406,COVERED
lavaridge,407,COVERED
lavaridge,408,TOP
lavaridge,409,TOP
lavaridge,410,COVERED
lavaridge,411,COVERED
lavaridge,412,COVERED
lavaridge,413,COVERED
lavaridge,414,COVERED
lavaridge,415,COVERED
lavaridge,416,TOP
lavaridge,417,TOP
lavaridge,418,TOP
lavaridge,419,COVERED
lavaridge,420,COVERED
lavaridge,421,COVERED
lavaridge,422,COVERED
lavaridge,423,COVERED
lavaridge,424,COVERED
lavaridge,425,COVERED
lavaridge,426,COVERED
lavaridge,427,COVERED
lavaridge,428,COVERED
lavaridge,429,COVERED
lavaridge,430,COVERED
lavaridge,431,COVERED
lavaridge,432,COVERED
lavaridge,433,TOP
lavaridge,434,COVERED
lavaridge,435,COVERED
lavaridge,436,COVERED
lavaridge,437,COVERED
lavaridge,438,COVERED
lavaridge,439,COVERED
lavaridge,440,TOP
